999
FreeCAD v1.0 39319 (Git)
  0
SECTION
  2
HEADER
  9
$ACADVER
  1
AC1014
  9
$ACADMAINTVER
 70
     9
  9
$DWGCODEPAGE
  3
ANSI_1252
  9
$TEXTSTYLE
  7
STANDARD
  9
$DIMSTYLE
  2
STANDARD
  9
$DIMTXSTY
  7
STANDARD
  9
$CMLSTYLE
  2
STANDARD
  9
$LUNITS
 70
2
  9
$INSUNITS
 70
4
  9
$PEXTMAX
 10
50
 20
50
 30
50
  9
$PEXTMIN
 10
0
 20
0
 30
0
  9
$HANDSEED
  5
FFFF
  0
ENDSEC
  0
SECTION
  2
CLASSES
  0
CLASS
  1
ACDBDICTIONARYWDFLT
  2
AcDbDictionaryWithDefault
  3
ObjectDBX Classes
 90
        0
280
     0
281
     0
  0
CLASS
  1
XRECORD
  2
AcDbXrecord
  3
ObjectDBX Classes
 90
        0
280
     0
281
     0
  0
CLASS
  1
LWPOLYLINE
  2
AcDbPolyline
  3
ObjectDBX Classes
 90
        0
280
     0
281
     1
  0
ENDSEC
  0
SECTION
  2
TABLES
  0
TABLE
  2
VPORT
  5
20
330
0
100
AcDbSymbolTable
 70
     1
  0
VPORT
  5
21
330
20
100
AcDbSymbolTableRecord
100
AcDbViewportTableRecord
  2
*ACTIVE
 70
     0
  0
ENDTAB
  0
TABLE
  2
LTYPE
  5
22
330
0
100
AcDbSymbolTable
 70
     1
  0
LTYPE
  5
23
330
21
100
AcDbSymbolTableRecord
100
AcDbLinetypeTableRecord
  2
BYBLOCK
 70
     0
  3

 72
    65
 73
     0
 40
0.0
  0
LTYPE
  5
24
330
21
100
AcDbSymbolTableRecord
100
AcDbLinetypeTableRecord
  2
BYLAYER
 70
     0
  3

 72
    65
 73
     0
 40
0.0
  0
LTYPE
  5
25
330
21
100
AcDbSymbolTableRecord
100
AcDbLinetypeTableRecord
  2
CONTINUOUS
 70
     0
  3
Solid line
 72
    65
 73
     0
 40
0.0
  0
ENDTAB
  0
TABLE
  2
LAYER
  5
CF7
330
0
100
AcDbSymbolTable
 70
16
  0
LAYER
  5
CF8
330
CF7
100
AcDbSymbolTableRecord
100
AcDbLayerTableRecord
  2
0
 70
   0
 62
   7
  6
CONTINUOUS
  0
LAYER
  5
CF9
330
CF7
100
AcDbSymbolTableRecord
100
AcDbLayerTableRecord
  2
Annotation
 70
    0
 62
    7
  6
CONTINUOUS
  0
LAYER
  5
CFA
330
CF7
100
AcDbSymbolTableRecord
100
AcDbLayerTableRecord
  2
Annotation001
 70
    0
 62
    7
  6
CONTINUOUS
  0
LAYER
  5
CFB
330
CF7
100
AcDbSymbolTableRecord
100
AcDbLayerTableRecord
  2
Annotation003
 70
    0
 62
    7
  6
CONTINUOUS
  0
LAYER
  5
CFC
330
CF7
100
AcDbSymbolTableRecord
100
AcDbLayerTableRecord
  2
Annotation004
 70
    0
 62
    7
  6
CONTINUOUS
  0
LAYER
  5
CFD
330
CF7
100
AcDbSymbolTableRecord
100
AcDbLayerTableRecord
  2
Annotation005
 70
    0
 62
    7
  6
CONTINUOUS
  0
LAYER
  5
CFE
330
CF7
100
AcDbSymbolTableRecord
100
AcDbLayerTableRecord
  2
View
 70
    0
 62
    7
  6
CONTINUOUS
  0
LAYER
  5
CFF
330
CF7
100
AcDbSymbolTableRecord
100
AcDbLayerTableRecord
  2
SectionView
 70
    0
 62
    7
  6
CONTINUOUS
  0
LAYER
  5
D00
330
CF7
100
AcDbSymbolTableRecord
100
AcDbLayerTableRecord
  2
View001
 70
    0
 62
    7
  6
CONTINUOUS
  0
LAYER
  5
D01
330
CF7
100
AcDbSymbolTableRecord
100
AcDbLayerTableRecord
  2
Dimension010
 70
    0
 62
    7
  6
CONTINUOUS
  0
LAYER
  5
D02
330
CF7
100
AcDbSymbolTableRecord
100
AcDbLayerTableRecord
  2
Dimension011
 70
    0
 62
    7
  6
CONTINUOUS
  0
LAYER
  5
D03
330
CF7
100
AcDbSymbolTableRecord
100
AcDbLayerTableRecord
  2
Dimension012
 70
    0
 62
    7
  6
CONTINUOUS
  0
LAYER
  5
D04
330
CF7
100
AcDbSymbolTableRecord
100
AcDbLayerTableRecord
  2
Dimension013
 70
    0
 62
    7
  6
CONTINUOUS
  0
LAYER
  5
D05
330
CF7
100
AcDbSymbolTableRecord
100
AcDbLayerTableRecord
  2
Dimension014
 70
    0
 62
    7
  6
CONTINUOUS
  0
LAYER
  5
D06
330
CF7
100
AcDbSymbolTableRecord
100
AcDbLayerTableRecord
  2
Dimension015
 70
    0
 62
    7
  6
CONTINUOUS
  0
LAYER
  5
D07
330
CF7
100
AcDbSymbolTableRecord
100
AcDbLayerTableRecord
  2
Dimension016
 70
    0
 62
    7
  6
CONTINUOUS
  0
ENDTAB
  0
TABLE
  2
STYLE
  5
70
330
0
100
AcDbSymbolTable
 70
     2
  0
STYLE
  5
71
330
70
100
AcDbSymbolTableRecord
100
AcDbTextStyleTableRecord
  2
STANDARD
 70
     0
 40
0.0
 41
1.0
 50
0.0
 71
     0
 42
2.5
  3
arial.ttf
  4

  0
STYLE
  5
72
330
70
100
AcDbSymbolTableRecord
100
AcDbTextStyleTableRecord
  2
ANNOTATIVE
 70
     0
 40
0.0
 41
1.0
 50
0.0
 71
     0
 42
2.5
  3
arial.ttf
  4

  0
ENDTAB
  0
TABLE
  2
VIEW
  5
73
330
0
100
AcDbSymbolTable
 70
     0
  0
ENDTAB
  0
TABLE
  2
UCS
  5
74
330
0
100
AcDbSymbolTable
 70
     0
  0
ENDTAB
  0
TABLE
  2
APPID
  5
75
330
0
100
AcDbSymbolTable
 70
     2
  0
APPID
  5
76
330
75
100
AcDbSymbolTableRecord
100
AcDbRegAppTableRecord
  2
ACAD
 70
     0
  0
APPID
  5
77
330
75
100
AcDbSymbolTableRecord
100
AcDbRegAppTableRecord
  2
ACADANNOTATIVE
 70
     0
  0
ENDTAB
  0
TABLE
  2
DIMSTYLE
  5
78
330
0
100
AcDbSymbolTable
 70
     2
  0
DIMSTYLE
105
79
330
78
100
AcDbSymbolTableRecord
100
AcDbDimStyleTableRecord
  2
STANDARD
 70
     0
  3

  4

  5

  6

  7

 40
0.0
 41
2.5
 42
0.625
 43
3.75
 44
1.25
 45
0.0
 46
0.0
 47
0.0
 48
0.0
140
2.5
141
2.5
142
0.0
143
0.03937007874016
144
1.0
145
0.0
146
1.0
147
0.625
 71
     0
 72
     0
 73
     0
 74
     0
 75
     0
 76
     0
 77
     1
 78
     8
170
     0
171
     3
172
     1
173
     0
174
     0
175
     0
176
     0
177
     0
178
     0
270
     2
271
     2
272
     2
273
     2
274
     3
340
71
275
     0
280
     0
281
     0
282
     0
283
     0
284
     8
285
     0
286
     0
287
     3
288
     0
  0
ENDTAB
  0
TABLE
  2
BLOCK_RECORD
  5
A01
330
0
100
AcDbSymbolTable
  70
5
  0
BLOCK_RECORD
  5
A02
330
A01
100
AcDbSymbolTableRecord
100
AcDbBlockTableRecord
  2
*MODEL_SPACE
  0
BLOCK_RECORD
  5
A03
330
A01
100
AcDbSymbolTableRecord
100
AcDbBlockTableRecord
  2
*PAPER_SPACE
  0
BLOCK_RECORD
  5
CBB
330
A01
100
AcDbSymbolTableRecord
100
AcDbBlockTableRecord
  2
*Dimension010
  0
BLOCK_RECORD
  5
CC5
330
A01
100
AcDbSymbolTableRecord
100
AcDbBlockTableRecord
  2
*Dimension011
  0
BLOCK_RECORD
  5
CCF
330
A01
100
AcDbSymbolTableRecord
100
AcDbBlockTableRecord
  2
*Dimension012
  0
BLOCK_RECORD
  5
CD9
330
A01
100
AcDbSymbolTableRecord
100
AcDbBlockTableRecord
  2
*Dimension013
  0
BLOCK_RECORD
  5
CE0
330
A01
100
AcDbSymbolTableRecord
100
AcDbBlockTableRecord
  2
*Dimension014
  0
BLOCK_RECORD
  5
CE7
330
A01
100
AcDbSymbolTableRecord
100
AcDbBlockTableRecord
  2
*Dimension015
  0
BLOCK_RECORD
  5
CEE
330
A01
100
AcDbSymbolTableRecord
100
AcDbBlockTableRecord
  2
*Dimension016
  0
ENDTAB
  0
ENDSEC
  0
SECTION
  2
BLOCKS
  0
BLOCK
  5
A04
330
A02
100
AcDbEntity
  8
0
100
AcDbBlockBegin
  2
*MODEL_SPACE
 70
   0
 10
0
 20
0
 30
0
  3
*MODEL_SPACE
  1
 
  0
ENDBLK
  5
A05
330
A02
100
AcDbEntity
  8
0
100
AcDbBlockEnd
  0
BLOCK
  5
A06
330
A03
100
AcDbEntity
 67
1
  8
0
100
AcDbBlockBegin
  2
*PAPER_SPACE
 70
   0
 10
0
 20
0
 30
0
  3
*PAPER_SPACE
  1
 
  0
ENDBLK
  5
A07
330
A03
100
AcDbEntity
 67
    1
  8
0
100
AcDbBlockEnd
  0
BLOCK
  5
CBC
330
CBB
100
AcDbEntity
  8
Dimension010
100
AcDbBlockBegin
  2
*Dimension010
 70
   1
 10
0
 20
0
 30
0
  3
*Dimension010
  1
 
  0
LINE
  5
CBD
330
CBB
100
AcDbEntity
  8
Dimension010
100
AcDbLine
 10
51.55
 20
100.067
 30
0
 11
75.951
 21
89.7429
 31
0
  0
LINE
  5
CBE
330
CBB
100
AcDbEntity
  8
Dimension010
100
AcDbLine
 10
51.55
 20
97.0668
 30
0
 11
75.951
 21
86.7429
 31
0
  0
LINE
  5
CBF
330
CBB
100
AcDbEntity
  8
Dimension010
100
AcDbLine
 10
75.951
 20
86.7429
 30
0
 11
75.951
 21
89.7429
 31
0
  0
TEXT
  5
CC0
330
CBB
100
AcDbEntity
  8
Dimension010
100
AcDbText
 10
80.951
 20
86.7429
 30
0
 40
3.5
  1
3
  7
STANDARD
 72
1
 11
75.951
 21
86.7429
 31
0
100
AcDbText
  0
SOLID
  5
CC1
330
CBB
100
AcDbEntity
  8
0
 62
     0
100
AcDbTrace
 10
75.5672
 20
91.9052
 30
0
 11
76.3347
 21
91.5805
 31
0
 12
75.951
 22
86.7429
 32
0
 13
75.951
 23
86.7429
 33
0
  0
SOLID
  5
CC2
330
CBB
100
AcDbEntity
  8
0
 62
     0
100
AcDbTrace
 10
75.5672
 20
84.9052
 30
0
 11
76.3347
 21
84.5805
 31
0
 12
75.951
 22
89.7429
 32
0
 13
75.951
 23
89.7429
 33
0
  0
ENDBLK
  5
CC3
330
CBB
100
AcDbEntity
  8
Dimension010
100
AcDbBlockEnd
  0
BLOCK
  5
CC6
330
CC5
100
AcDbEntity
  8
Dimension011
100
AcDbBlockBegin
  2
*Dimension011
 70
   1
 10
0
 20
0
 30
0
  3
*Dimension011
  1
 
  0
LINE
  5
CC7
330
CC5
100
AcDbEntity
  8
Dimension011
100
AcDbLine
 10
50
 20
108.667
 30
0
 11
63.2148
 21
108.667
 31
0
  0
LINE
  5
CC8
330
CC5
100
AcDbEntity
  8
Dimension011
100
AcDbLine
 10
50
 20
122.167
 30
0
 11
63.2148
 21
122.167
 31
0
  0
LINE
  5
CC9
330
CC5
100
AcDbEntity
  8
Dimension011
100
AcDbLine
 10
63.2148
 20
122.167
 30
0
 11
63.2148
 21
108.667
 31
0
  0
TEXT
  5
CCA
330
CC5
100
AcDbEntity
  8
Dimension011
100
AcDbText
 10
58.2148
 20
115.417
 30
0
 40
3.5
  1
13.5
  7
STANDARD
 72
1
 11
63.2148
 21
115.417
 31
0
100
AcDbText
  0
SOLID
  5
CCB
330
CC5
100
AcDbEntity
  8
0
 62
     0
100
AcDbTrace
 10
63.6315
 20
127.167
 30
0
 11
62.7981
 21
127.167
 31
0
 12
63.2148
 22
122.167
 32
0
 13
63.2148
 23
122.167
 33
0
  0
SOLID
  5
CCC
330
CC5
100
AcDbEntity
  8
0
 62
     0
100
AcDbTrace
 10
63.6315
 20
103.667
 30
0
 11
62.7981
 21
103.667
 31
0
 12
63.2148
 22
108.667
 32
0
 13
63.2148
 23
108.667
 33
0
  0
ENDBLK
  5
CCD
330
CC5
100
AcDbEntity
  8
Dimension011
100
AcDbBlockEnd
  0
BLOCK
  5
CD0
330
CCF
100
AcDbEntity
  8
Dimension012
100
AcDbBlockBegin
  2
*Dimension012
 70
   1
 10
0
 20
0
 30
0
  3
*Dimension012
  1
 
  0
LINE
  5
CD1
330
CCF
100
AcDbEntity
  8
Dimension012
100
AcDbLine
 10
51
 20
135.217
 30
0
 11
75.951
 21
127.665
 31
0
  0
LINE
  5
CD2
330
CCF
100
AcDbEntity
  8
Dimension012
100
AcDbLine
 10
51
 20
128.717
 30
0
 11
75.951
 21
121.165
 31
0
  0
LINE
  5
CD3
330
CCF
100
AcDbEntity
  8
Dimension012
100
AcDbLine
 10
75.951
 20
121.165
 30
0
 11
75.951
 21
127.665
 31
0
  0
TEXT
  5
CD4
330
CCF
100
AcDbEntity
  8
Dimension012
100
AcDbText
 10
80.951
 20
121.165
 30
0
 40
3.5
  1
6.5
  7
STANDARD
 72
1
 11
75.951
 21
121.165
 31
0
100
AcDbText
  0
SOLID
  5
CD5
330
CCF
100
AcDbEntity
  8
0
 62
     0
100
AcDbTrace
 10
75.5522
 20
126.285
 30
0
 11
76.3498
 21
126.044
 31
0
 12
75.951
 22
121.165
 32
0
 13
75.951
 23
121.165
 33
0
  0
SOLID
  5
CD6
330
CCF
100
AcDbEntity
  8
0
 62
     0
100
AcDbTrace
 10
75.5522
 20
122.785
 30
0
 11
76.3498
 21
122.544
 31
0
 12
75.951
 22
127.665
 32
0
 13
75.951
 23
127.665
 33
0
  0
ENDBLK
  5
CD7
330
CCF
100
AcDbEntity
  8
Dimension012
100
AcDbBlockEnd
  0
BLOCK
  5
CDA
330
CD9
100
AcDbEntity
  8
Dimension013
100
AcDbBlockBegin
  2
*Dimension013
 70
   1
 10
0
 20
0
 30
0
  3
*Dimension013
  1
 
  0
LINE
  5
CDB
330
CD9
100
AcDbEntity
  8
Dimension013
100
AcDbLine
 10
49
 20
135.217
 30
0
 11
47.0994
 21
135.84
 31
0
  0
TEXT
  5
CDC
330
CD9
100
AcDbEntity
  8
Dimension013
100
AcDbText
 10
41.7395
 20
147.92
 30
0
 40
3.5
  1
R2
  7
STANDARD
 72
1
 11
41.7395
 21
147.92
 31
0
100
AcDbText
  0
SOLID
  5
CDD
330
CD9
100
AcDbEntity
  8
0
 62
     0
100
AcDbTrace
 10
51.7212
 20
133.887
 30
0
 11
51.9806
 21
134.679
 31
0
 12
47.0994
 22
135.84
 32
0
 13
47.0994
 23
135.84
 33
0
  0
ENDBLK
  5
CDE
330
CD9
100
AcDbEntity
  8
Dimension013
100
AcDbBlockEnd
  0
BLOCK
  5
CE1
330
CE0
100
AcDbEntity
  8
Dimension014
100
AcDbBlockBegin
  2
*Dimension014
 70
   1
 10
0
 20
0
 30
0
  3
*Dimension014
  1
 
  0
LINE
  5
CE2
330
CE0
100
AcDbEntity
  8
Dimension014
100
AcDbLine
 10
48.5
 20
122.167
 30
0
 11
47.0263
 21
122.446
 31
0
  0
TEXT
  5
CE3
330
CE0
100
AcDbEntity
  8
Dimension014
100
AcDbText
 10
39.1755
 20
133.921
 30
0
 40
3.5
  1
R1.5
  7
STANDARD
 72
1
 11
39.1755
 21
133.921
 31
0
100
AcDbText
  0
SOLID
  5
CE4
330
CE0
100
AcDbEntity
  8
0
 62
     0
100
AcDbTrace
 10
51.8611
 20
121.105
 30
0
 11
52.0164
 21
121.924
 31
0
 12
47.0263
 22
122.446
 32
0
 13
47.0263
 23
122.446
 33
0
  0
ENDBLK
  5
CE5
330
CE0
100
AcDbEntity
  8
Dimension014
100
AcDbBlockEnd
  0
BLOCK
  5
CE8
330
CE7
100
AcDbEntity
  8
Dimension015
100
AcDbBlockBegin
  2
*Dimension015
 70
   1
 10
0
 20
0
 30
0
  3
*Dimension015
  1
 
  0
LINE
  5
CE9
330
CE7
100
AcDbEntity
  8
Dimension015
100
AcDbLine
 10
50.05
 20
100.067
 30
0
 11
48.5668
 21
100.291
 31
0
  0
TEXT
  5
CEA
330
CE7
100
AcDbEntity
  8
Dimension015
100
AcDbText
 10
39.2991
 20
111.614
 30
0
 40
3.5
  1
R1.5
  7
STANDARD
 72
1
 11
39.2991
 21
111.614
 31
0
100
AcDbText
  0
SOLID
  5
CEB
330
CE7
100
AcDbEntity
  8
0
 62
     0
100
AcDbTrace
 10
53.4485
 20
99.1319
 30
0
 11
53.573
 21
99.9559
 31
0
 12
48.5668
 22
100.291
 32
0
 13
48.5668
 23
100.291
 33
0
  0
ENDBLK
  5
CEC
330
CE7
100
AcDbEntity
  8
Dimension015
100
AcDbBlockEnd
  0
BLOCK
  5
CEF
330
CEE
100
AcDbEntity
  8
Dimension016
100
AcDbBlockBegin
  2
*Dimension016
 70
   1
 10
0
 20
0
 30
0
  3
*Dimension016
  1
 
  0
LINE
  5
CF0
330
CEE
100
AcDbEntity
  8
Dimension016
100
AcDbLine
 10
47.5
 20
85.5504
 30
0
 11
47.5
 21
99.4725
 31
0
  0
LINE
  5
CF1
330
CEE
100
AcDbEntity
  8
Dimension016
100
AcDbLine
 10
48.55
 20
97.0668
 30
0
 11
48.55
 21
99.4725
 31
0
  0
LINE
  5
CF2
330
CEE
100
AcDbEntity
  8
Dimension016
100
AcDbLine
 10
48.55
 20
99.4725
 30
0
 11
47.5
 21
99.4725
 31
0
  0
TEXT
  5
CF3
330
CEE
100
AcDbEntity
  8
Dimension016
100
AcDbText
 10
39.103
 20
99.0185
 30
0
 40
3.5
  1
1.05
  7
STANDARD
 72
1
 11
44.0824
 21
99.4725
 31
0
100
AcDbText
  0
SOLID
  5
CF4
330
CEE
100
AcDbEntity
  8
0
 62
     0
100
AcDbTrace
 10
53.55
 20
99.8891
 30
0
 11
53.55
 21
99.0558
 31
0
 12
48.55
 22
99.4725
 32
0
 13
48.55
 23
99.4725
 33
0
  0
SOLID
  5
CF5
330
CEE
100
AcDbEntity
  8
0
 62
     0
100
AcDbTrace
 10
42.5
 20
99.8891
 30
0
 11
42.5
 21
99.0558
 31
0
 12
47.5
 22
99.4725
 32
0
 13
47.5
 23
99.4725
 33
0
  0
ENDBLK
  5
CF6
330
CEE
100
AcDbEntity
  8
Dimension016
100
AcDbBlockEnd
  0
ENDSEC
  0
SECTION
  2
ENTITIES
  0
TEXT
  5
A08
330
A02
100
AcDbEntity
  8
Annotation
100
AcDbText
 10
245.705681665
 20
33.465206825
 30
0.000000000
 40
5.000000000
  1
上盖与电池座重叠的部分
  7
STANDARD
 72
1
 11
245.705681665
 21
33.465206825
 31
0.000000000
100
AcDbText
  0
TEXT
  5
A09
330
A02
100
AcDbEntity
  8
Annotation001
100
AcDbText
 10
245.705681665
 20
67.210328580
 30
0.000000000
 40
5.000000000
  1
开孔方向示意图
  7
STANDARD
 72
1
 11
245.705681665
 21
67.210328580
 31
0.000000000
100
AcDbText
  0
TEXT
  5
A0A
330
A02
100
AcDbEntity
  8
Annotation003
100
AcDbText
 10
50.000000000
 20
45.776603752
 30
0.000000000
 40
5.000000000
  1
由左侧向右面看的开孔
  7
STANDARD
 72
1
 11
50.000000000
 21
45.776603752
 31
0.000000000
100
AcDbText
  0
TEXT
  5
A0B
330
A02
100
AcDbEntity
  8
Annotation004
100
AcDbText
 10
140.000000000
 20
55.052927189
 30
0.000000000
 40
5.000000000
  1
由上方向下看的正面开孔
  7
STANDARD
 72
1
 11
140.000000000
 21
55.052927189
 31
0.000000000
100
AcDbText
  0
TEXT
  5
A0C
330
A02
100
AcDbEntity
  8
Annotation005
100
AcDbText
 10
20.476696776
 20
204.493152081
 30
0.000000000
 40
5.000000000
  1
版本: 4
  7
STANDARD
 72
1
 11
20.476696776
 21
204.493152081
 31
0.000000000
100
AcDbText
  0
LINE
  5
A0D
330
A02
100
AcDbEntity
  8
View
100
AcDbLine
 10
107.000000000
 20
65.966810701
 30
0.000000000
 11
173.000000000
 21
65.966810701
 31
0.000000000
  0
ARC
  5
A0E
330
A02
100
AcDbEntity
  8
View
100
AcDbCircle
 10
107.000000000
 20
67.966810701
 30
0.000000000
 40
2.000000000
100
AcDbArc
 50
180.000000000
 51
-90.000000000
  0
LINE
  5
A0F
330
A02
100
AcDbEntity
  8
View
100
AcDbLine
 10
105.000000000
 20
156.466810701
 30
0.000000000
 11
105.000000000
 21
67.966810701
 31
0.000000000
  0
ARC
  5
A10
330
A02
100
AcDbEntity
  8
View
100
AcDbCircle
 10
107.000000000
 20
156.466810701
 30
0.000000000
 40
2.000000000
100
AcDbArc
 50
90.000000000
 51
180.000000000
  0
LINE
  5
A11
330
A02
100
AcDbEntity
  8
View
100
AcDbLine
 10
173.000000000
 20
158.466810701
 30
0.000000000
 11
107.000000000
 21
158.466810701
 31
0.000000000
  0
ARC
  5
A12
330
A02
100
AcDbEntity
  8
View
100
AcDbCircle
 10
173.000000000
 20
156.466810701
 30
0.000000000
 40
2.000000000
100
AcDbArc
 50
0.000000000
 51
90.000000000
  0
ARC
  5
A13
330
A02
100
AcDbEntity
  8
View
100
AcDbCircle
 10
173.000000000
 20
67.966810701
 30
0.000000000
 40
2.000000000
100
AcDbArc
 50
-90.000000000
 51
0.000000000
  0
LINE
  5
A14
330
A02
100
AcDbEntity
  8
View
100
AcDbLine
 10
175.000000000
 20
67.966810701
 30
0.000000000
 11
175.000000000
 21
156.466810701
 31
0.000000000
  0
LINE
  5
A15
330
A02
100
AcDbEntity
  8
View
100
AcDbLine
 10
118.950000000
 20
144.916810701
 30
0.000000000
 11
118.950000000
 21
127.416810701
 31
0.000000000
  0
ARC
  5
A16
330
A02
100
AcDbEntity
  8
View
100
AcDbCircle
 10
120.950000000
 20
144.916810701
 30
0.000000000
 40
2.000000000
100
AcDbArc
 50
90.000000000
 51
180.000000000
  0
ARC
  5
A17
330
A02
100
AcDbEntity
  8
View
100
AcDbCircle
 10
120.950000000
 20
127.416810701
 30
0.000000000
 40
2.000000000
100
AcDbArc
 50
180.000000000
 51
-90.000000000
  0
LINE
  5
A18
330
A02
100
AcDbEntity
  8
View
100
AcDbLine
 10
159.050000000
 20
146.916810701
 30
0.000000000
 11
120.950000000
 21
146.916810701
 31
0.000000000
  0
LINE
  5
A19
330
A02
100
AcDbEntity
  8
View
100
AcDbLine
 10
120.950000000
 20
125.416810701
 30
0.000000000
 11
159.050000000
 21
125.416810701
 31
0.000000000
  0
ARC
  5
A1A
330
A02
100
AcDbEntity
  8
View
100
AcDbCircle
 10
159.050000000
 20
144.916810701
 30
0.000000000
 40
2.000000000
100
AcDbArc
 50
0.000000000
 51
90.000000000
  0
ARC
  5
A1B
330
A02
100
AcDbEntity
  8
View
100
AcDbCircle
 10
159.050000000
 20
127.416810701
 30
0.000000000
 40
2.000000000
100
AcDbArc
 50
-90.000000000
 51
0.000000000
  0
LINE
  5
A1C
330
A02
100
AcDbEntity
  8
View
100
AcDbLine
 10
161.050000000
 20
127.416810701
 30
0.000000000
 11
161.050000000
 21
144.916810701
 31
0.000000000
  0
CIRCLE
  5
A1D
330
A02
100
AcDbEntity
  8
View
100
AcDbCircle
 10
129.700000000
 20
115.966810701
 30
0.000000000
 40
3.850000000
  0
CIRCLE
  5
A1E
330
A02
100
AcDbEntity
  8
View
100
AcDbCircle
 10
158.000000000
 20
71.966810701
 30
0.000000000
 40
3.850000000
  0
CIRCLE
  5
A1F
330
A02
100
AcDbEntity
  8
View
100
AcDbCircle
 10
122.000000000
 20
71.966810701
 30
0.000000000
 40
3.850000000
  0
CIRCLE
  5
A20
330
A02
100
AcDbEntity
  8
View
100
AcDbCircle
 10
158.000000000
 20
104.966810701
 30
0.000000000
 40
3.850000000
  0
CIRCLE
  5
A21
330
A02
100
AcDbEntity
  8
View
100
AcDbCircle
 10
122.000000000
 20
104.966810701
 30
0.000000000
 40
3.850000000
  0
CIRCLE
  5
A22
330
A02
100
AcDbEntity
  8
View
100
AcDbCircle
 10
158.000000000
 20
93.966810701
 30
0.000000000
 40
3.850000000
  0
CIRCLE
  5
A23
330
A02
100
AcDbEntity
  8
View
100
AcDbCircle
 10
122.000000000
 20
93.966810701
 30
0.000000000
 40
3.850000000
  0
CIRCLE
  5
A24
330
A02
100
AcDbEntity
  8
View
100
AcDbCircle
 10
146.000000000
 20
71.966810701
 30
0.000000000
 40
3.850000000
  0
CIRCLE
  5
A25
330
A02
100
AcDbEntity
  8
View
100
AcDbCircle
 10
134.000000000
 20
71.966810701
 30
0.000000000
 40
3.850000000
  0
CIRCLE
  5
A26
330
A02
100
AcDbEntity
  8
View
100
AcDbCircle
 10
146.000000000
 20
104.966810701
 30
0.000000000
 40
3.850000000
  0
CIRCLE
  5
A27
330
A02
100
AcDbEntity
  8
View
100
AcDbCircle
 10
134.000000000
 20
104.966810701
 30
0.000000000
 40
3.850000000
  0
CIRCLE
  5
A28
330
A02
100
AcDbEntity
  8
View
100
AcDbCircle
 10
158.000000000
 20
82.966810701
 30
0.000000000
 40
3.850000000
  0
CIRCLE
  5
A29
330
A02
100
AcDbEntity
  8
View
100
AcDbCircle
 10
122.000000000
 20
82.966810701
 30
0.000000000
 40
3.850000000
  0
CIRCLE
  5
A2A
330
A02
100
AcDbEntity
  8
View
100
AcDbCircle
 10
146.000000000
 20
93.966810701
 30
0.000000000
 40
3.850000000
  0
CIRCLE
  5
A2B
330
A02
100
AcDbEntity
  8
View
100
AcDbCircle
 10
134.000000000
 20
93.966810701
 30
0.000000000
 40
3.850000000
  0
CIRCLE
  5
A2C
330
A02
100
AcDbEntity
  8
View
100
AcDbCircle
 10
146.000000000
 20
82.966810701
 30
0.000000000
 40
3.850000000
  0
CIRCLE
  5
A2D
330
A02
100
AcDbEntity
  8
View
100
AcDbCircle
 10
134.000000000
 20
82.966810701
 30
0.000000000
 40
3.850000000
  0
CIRCLE
  5
A2E
330
A02
100
AcDbEntity
  8
View
100
AcDbCircle
 10
165.500000000
 20
132.766810701
 30
0.000000000
 40
0.750000000
  0
CIRCLE
  5
A2F
330
A02
100
AcDbEntity
  8
View
100
AcDbCircle
 10
163.000000000
 20
129.016810701
 30
0.000000000
 40
0.750000000
  0
CIRCLE
  5
A30
330
A02
100
AcDbEntity
  8
View
100
AcDbCircle
 10
163.000000000
 20
131.516810701
 30
0.000000000
 40
0.750000000
  0
CIRCLE
  5
A31
330
A02
100
AcDbEntity
  8
View
100
AcDbCircle
 10
168.000000000
 20
129.016810701
 30
0.000000000
 40
0.750000000
  0
CIRCLE
  5
A32
330
A02
100
AcDbEntity
  8
View
100
AcDbCircle
 10
165.500000000
 20
127.766810701
 30
0.000000000
 40
0.750000000
  0
CIRCLE
  5
A33
330
A02
100
AcDbEntity
  8
View
100
AcDbCircle
 10
168.000000000
 20
131.516810701
 30
0.000000000
 40
0.750000000
  0
CIRCLE
  5
A34
330
A02
100
AcDbEntity
  8
View
100
AcDbCircle
 10
165.500000000
 20
130.266810701
 30
0.000000000
 40
0.750000000
  0
LINE
  5
A35
330
A02
100
AcDbEntity
  8
View
100
AcDbLine
 10
107.000000000
 20
65.966810701
 30
0.000000000
 11
107.500000000
 21
65.966810701
 31
0.000000000
  0
LINE
  5
A36
330
A02
100
AcDbEntity
  8
View
100
AcDbLine
 10
107.500000000
 20
65.966810701
 30
0.000000000
 11
172.500000000
 21
65.966810701
 31
0.000000000
  0
LINE
  5
A37
330
A02
100
AcDbEntity
  8
View
100
AcDbLine
 10
172.500000000
 20
65.966810701
 30
0.000000000
 11
173.000000000
 21
65.966810701
 31
0.000000000
  0
LINE
  5
A38
330
A02
100
AcDbEntity
  8
View
100
AcDbLine
 10
107.000000000
 20
158.466810701
 30
0.000000000
 11
173.000000000
 21
158.466810701
 31
0.000000000
  0
ARC
  5
A39
330
A02
100
AcDbEntity
  8
View
100
AcDbCircle
 10
107.000000000
 20
156.466810701
 30
0.000000000
 40
2.000000000
100
AcDbArc
 50
90.000000000
 51
180.000000000
  0
ARC
  5
A3A
330
A02
100
AcDbEntity
  8
View
100
AcDbCircle
 10
173.000000000
 20
156.466810701
 30
0.000000000
 40
2.000000000
100
AcDbArc
 50
0.000000000
 51
90.000000000
  0
LINE
  5
A3B
330
A02
100
AcDbEntity
  8
View
100
AcDbLine
 10
105.000000000
 20
156.466810701
 30
0.000000000
 11
105.000000000
 21
67.966810701
 31
0.000000000
  0
LINE
  5
A3C
330
A02
100
AcDbEntity
  8
View
100
AcDbLine
 10
175.000000000
 20
156.466810701
 30
0.000000000
 11
175.000000000
 21
67.966810701
 31
0.000000000
  0
ARC
  5
A3D
330
A02
100
AcDbEntity
  8
View
100
AcDbCircle
 10
107.000000000
 20
67.966810701
 30
0.000000000
 40
2.000000000
100
AcDbArc
 50
180.000000000
 51
-90.000000000
  0
ARC
  5
A3E
330
A02
100
AcDbEntity
  8
View
100
AcDbCircle
 10
173.000000000
 20
67.966810701
 30
0.000000000
 40
2.000000000
100
AcDbArc
 50
-90.000000000
 51
0.000000000
  0
LINE
  5
A3F
330
A02
100
AcDbEntity
  8
View
100
AcDbLine
 10
107.500000000
 20
65.966810701
 30
0.000000000
 11
107.500000000
 21
155.966810701
 31
0.000000000
  0
LINE
  5
A40
330
A02
100
AcDbEntity
  8
View
100
AcDbLine
 10
172.500000000
 20
155.966810701
 30
0.000000000
 11
172.500000000
 21
65.966810701
 31
0.000000000
  0
LINE
  5
A41
330
A02
100
AcDbEntity
  8
View
100
AcDbLine
 10
107.500000000
 20
155.966810701
 30
0.000000000
 11
172.500000000
 21
155.966810701
 31
0.000000000
  0
LINE
  5
A42
330
A02
100
AcDbEntity
  8
View
100
AcDbLine
 10
107.500000000
 20
65.966810701
 30
0.000000000
 11
107.500000000
 21
155.966810701
 31
0.000000000
  0
LINE
  5
A43
330
A02
100
AcDbEntity
  8
View
100
AcDbLine
 10
107.500000000
 20
108.666810701
 30
0.000000000
 11
107.500000000
 21
122.166810701
 31
0.000000000
  0
SPLINE
  5
A44
330
A02
100
AcDbEntity
  8
View
100
AcDbSpline
210
0
220
0
230
1
 70
8
 71
2
 72
28
 73
25
 74
0
 40
4.712388980
 40
4.712388980
 40
4.712388980
 40
4.936788456
 40
4.936788456
 40
5.161187931
 40
5.161187931
 40
5.273387669
 40
5.273387669
 40
5.385587406
 40
5.385587406
 40
5.497787144
 40
5.497787144
 40
5.609986881
 40
5.609986881
 40
5.722186619
 40
5.722186619
 40
5.834386357
 40
5.834386357
 40
5.946586094
 40
5.946586094
 40
6.058785832
 40
6.058785832
 40
6.170985570
 40
6.170985570
 40
6.283185307
 40
6.283185307
 40
6.283185307
 10
107.500000000
 20
122.166810701
 30
0.000000000
 10
107.500000000
 20
122.335349668
 30
0.000000000
 10
107.500000000
 20
122.500592102
 30
0.000000000
 10
107.500000000
 20
122.663976353
 30
0.000000000
 10
107.500000000
 20
122.817636310
 30
0.000000000
 10
107.500000000
 20
122.891247563
 30
0.000000000
 10
107.500000000
 20
122.964858816
 30
0.000000000
 10
107.500000000
 20
123.033452110
 30
0.000000000
 10
107.500000000
 20
123.102045404
 30
0.000000000
 10
107.500000000
 20
123.164758139
 30
0.000000000
 10
107.500000000
 20
123.227470873
 30
0.000000000
 10
107.500000000
 20
123.283514399
 30
0.000000000
 10
107.500000000
 20
123.339557925
 30
0.000000000
 10
107.500000000
 20
123.388227463
 30
0.000000000
 10
107.500000000
 20
123.436897000
 30
0.000000000
 10
107.500000000
 20
123.477580502
 30
0.000000000
 10
107.500000000
 20
123.518264003
 30
0.000000000
 10
107.500000000
 20
123.550449850
 30
0.000000000
 10
107.500000000
 20
123.582635697
 30
0.000000000
 10
107.500000000
 20
123.605919133
 30
0.000000000
 10
107.500000000
 20
123.629202570
 30
0.000000000
 10
107.500000000
 20
123.643290793
 30
0.000000000
 10
107.500000000
 20
123.657379016
 30
0.000000000
 10
107.500000000
 20
123.662094859
 30
0.000000000
 10
107.500000000
 20
123.666810701
 30
0.000000000
  0
SPLINE
  5
A45
330
A02
100
AcDbEntity
  8
View
100
AcDbSpline
210
0
220
0
230
1
 70
8
 71
2
 72
28
 73
25
 74
0
 40
6.283185307
 40
6.283185307
 40
6.283185307
 40
6.395385045
 40
6.395385045
 40
6.507584782
 40
6.507584782
 40
6.619784520
 40
6.619784520
 40
6.731984258
 40
6.731984258
 40
6.844183995
 40
6.844183995
 40
6.956383733
 40
6.956383733
 40
7.068583471
 40
7.068583471
 40
7.180783208
 40
7.180783208
 40
7.292982946
 40
7.292982946
 40
7.405182683
 40
7.405182683
 40
7.517382421
 40
7.517382421
 40
7.853981634
 40
7.853981634
 40
7.853981634
 10
107.500000000
 20
123.666810701
 30
0.000000000
 10
107.500000000
 20
123.662094859
 30
0.000000000
 10
107.500000000
 20
123.657379016
 30
0.000000000
 10
107.500000000
 20
123.643290793
 30
0.000000000
 10
107.500000000
 20
123.629202570
 30
0.000000000
 10
107.500000000
 20
123.605919133
 30
0.000000000
 10
107.500000000
 20
123.582635697
 30
0.000000000
 10
107.500000000
 20
123.550449850
 30
0.000000000
 10
107.500000000
 20
123.518264003
 30
0.000000000
 10
107.500000000
 20
123.477580502
 30
0.000000000
 10
107.500000000
 20
123.436897000
 30
0.000000000
 10
107.500000000
 20
123.388227463
 30
0.000000000
 10
107.500000000
 20
123.339557925
 30
0.000000000
 10
107.500000000
 20
123.283514399
 30
0.000000000
 10
107.500000000
 20
123.227470873
 30
0.000000000
 10
107.500000000
 20
123.164758139
 30
0.000000000
 10
107.500000000
 20
123.102045404
 30
0.000000000
 10
107.500000000
 20
123.033452110
 30
0.000000000
 10
107.500000000
 20
122.964858816
 30
0.000000000
 10
107.500000000
 20
122.891247563
 30
0.000000000
 10
107.500000000
 20
122.817636310
 30
0.000000000
 10
107.500000000
 20
122.739932802
 30
0.000000000
 10
107.500000000
 20
122.662229294
 30
0.000000000
 10
107.500000000
 20
122.420946546
 30
0.000000000
 10
107.500000000
 20
122.166810701
 30
0.000000000
  0
LINE
  5
A46
330
A02
100
AcDbEntity
  8
View
100
AcDbLine
 10
107.500000000
 20
122.166810701
 30
0.000000000
 11
107.500000000
 21
108.666810701
 31
0.000000000
  0
SPLINE
  5
A47
330
A02
100
AcDbEntity
  8
View
100
AcDbSpline
210
0
220
0
230
1
 70
8
 71
2
 72
28
 73
25
 74
0
 40
1.570796327
 40
1.570796327
 40
1.570796327
 40
1.907395540
 40
1.907395540
 40
2.019595277
 40
2.019595277
 40
2.131795015
 40
2.131795015
 40
2.243994753
 40
2.243994753
 40
2.356194490
 40
2.356194490
 40
2.468394228
 40
2.468394228
 40
2.580593965
 40
2.580593965
 40
2.692793703
 40
2.692793703
 40
2.804993441
 40
2.804993441
 40
2.917193178
 40
2.917193178
 40
3.029392916
 40
3.029392916
 40
3.141592654
 40
3.141592654
 40
3.141592654
 10
107.500000000
 20
108.666810701
 30
0.000000000
 10
107.500000000
 20
108.412674856
 30
0.000000000
 10
107.500000000
 20
108.171392108
 30
0.000000000
 10
107.500000000
 20
108.093688600
 30
0.000000000
 10
107.500000000
 20
108.015985093
 30
0.000000000
 10
107.500000000
 20
107.942373840
 30
0.000000000
 10
107.500000000
 20
107.868762586
 30
0.000000000
 10
107.500000000
 20
107.800169292
 30
0.000000000
 10
107.500000000
 20
107.731575998
 30
0.000000000
 10
107.500000000
 20
107.668863264
 30
0.000000000
 10
107.500000000
 20
107.606150529
 30
0.000000000
 10
107.500000000
 20
107.550107004
 30
0.000000000
 10
107.500000000
 20
107.494063478
 30
0.000000000
 10
107.500000000
 20
107.445393940
 30
0.000000000
 10
107.500000000
 20
107.396724402
 30
0.000000000
 10
107.500000000
 20
107.356040901
 30
0.000000000
 10
107.500000000
 20
107.315357399
 30
0.000000000
 10
107.500000000
 20
107.283171553
 30
0.000000000
 10
107.500000000
 20
107.250985706
 30
0.000000000
 10
107.500000000
 20
107.227702269
 30
0.000000000
 10
107.500000000
 20
107.204418833
 30
0.000000000
 10
107.500000000
 20
107.190330610
 30
0.000000000
 10
107.500000000
 20
107.176242386
 30
0.000000000
 10
107.500000000
 20
107.171526544
 30
0.000000000
 10
107.500000000
 20
107.166810701
 30
0.000000000
  0
SPLINE
  5
A48
330
A02
100
AcDbEntity
  8
View
100
AcDbSpline
210
0
220
0
230
1
 70
8
 71
2
 72
28
 73
25
 74
0
 40
3.141592654
 40
3.141592654
 40
3.141592654
 40
3.253792391
 40
3.253792391
 40
3.365992129
 40
3.365992129
 40
3.478191866
 40
3.478191866
 40
3.590391604
 40
3.590391604
 40
3.702591342
 40
3.702591342
 40
3.814791079
 40
3.814791079
 40
3.926990817
 40
3.926990817
 40
4.039190555
 40
4.039190555
 40
4.151390292
 40
4.151390292
 40
4.263590030
 40
4.263590030
 40
4.487989505
 40
4.487989505
 40
4.712388980
 40
4.712388980
 40
4.712388980
 10
107.500000000
 20
107.166810701
 30
0.000000000
 10
107.500000000
 20
107.171526544
 30
0.000000000
 10
107.500000000
 20
107.176242386
 30
0.000000000
 10
107.500000000
 20
107.190330610
 30
0.000000000
 10
107.500000000
 20
107.204418833
 30
0.000000000
 10
107.500000000
 20
107.227702269
 30
0.000000000
 10
107.500000000
 20
107.250985706
 30
0.000000000
 10
107.500000000
 20
107.283171553
 30
0.000000000
 10
107.500000000
 20
107.315357399
 30
0.000000000
 10
107.500000000
 20
107.356040901
 30
0.000000000
 10
107.500000000
 20
107.396724402
 30
0.000000000
 10
107.500000000
 20
107.445393940
 30
0.000000000
 10
107.500000000
 20
107.494063478
 30
0.000000000
 10
107.500000000
 20
107.550107004
 30
0.000000000
 10
107.500000000
 20
107.606150529
 30
0.000000000
 10
107.500000000
 20
107.668863264
 30
0.000000000
 10
107.500000000
 20
107.731575998
 30
0.000000000
 10
107.500000000
 20
107.800169292
 30
0.000000000
 10
107.500000000
 20
107.868762586
 30
0.000000000
 10
107.500000000
 20
107.942373840
 30
0.000000000
 10
107.500000000
 20
108.015985093
 30
0.000000000
 10
107.500000000
 20
108.169645050
 30
0.000000000
 10
107.500000000
 20
108.333029300
 30
0.000000000
 10
107.500000000
 20
108.498271735
 30
0.000000000
 10
107.500000000
 20
108.666810701
 30
0.000000000
  0
LINE
  5
A49
330
A02
100
AcDbEntity
  8
View
100
AcDbLine
 10
107.500000000
 20
128.716810701
 30
0.000000000
 11
107.500000000
 21
135.216810701
 31
0.000000000
  0
SPLINE
  5
A4A
330
A02
100
AcDbEntity
  8
View
100
AcDbSpline
210
0
220
0
230
1
 70
8
 71
2
 72
30
 73
27
 74
0
 40
4.712388980
 40
4.712388980
 40
4.712388980
 40
4.936788456
 40
4.936788456
 40
5.048988193
 40
5.048988193
 40
5.161187931
 40
5.161187931
 40
5.273387669
 40
5.273387669
 40
5.385587406
 40
5.385587406
 40
5.497787144
 40
5.497787144
 40
5.609986881
 40
5.609986881
 40
5.722186619
 40
5.722186619
 40
5.834386357
 40
5.834386357
 40
5.946586094
 40
5.946586094
 40
6.058785832
 40
6.058785832
 40
6.170985570
 40
6.170985570
 40
6.283185307
 40
6.283185307
 40
6.283185307
 10
107.500000000
 20
135.216810701
 30
0.000000000
 10
107.500000000
 20
135.441529323
 30
0.000000000
 10
107.500000000
 20
135.661852569
 30
0.000000000
 10
107.500000000
 20
135.769610697
 30
0.000000000
 10
107.500000000
 20
135.877368825
 30
0.000000000
 10
107.500000000
 20
135.980973502
 30
0.000000000
 10
107.500000000
 20
136.084578180
 30
0.000000000
 10
107.500000000
 20
136.182726517
 30
0.000000000
 10
107.500000000
 20
136.280874854
 30
0.000000000
 10
107.500000000
 20
136.372332580
 30
0.000000000
 10
107.500000000
 20
136.463790305
 30
0.000000000
 10
107.500000000
 20
136.547407284
 30
0.000000000
 10
107.500000000
 20
136.631024264
 30
0.000000000
 10
107.500000000
 20
136.705748965
 30
0.000000000
 10
107.500000000
 20
136.780473666
 30
0.000000000
 10
107.500000000
 20
136.845366383
 30
0.000000000
 10
107.500000000
 20
136.910259100
 30
0.000000000
 10
107.500000000
 20
136.964503768
 30
0.000000000
 10
107.500000000
 20
137.018748437
 30
0.000000000
 10
107.500000000
 20
137.061662899
 30
0.000000000
 10
107.500000000
 20
137.104577362
 30
0.000000000
 10
107.500000000
 20
137.135621944
 30
0.000000000
 10
107.500000000
 20
137.166666526
 30
0.000000000
 10
107.500000000
 20
137.185450823
 30
0.000000000
 10
107.500000000
 20
137.204235121
 30
0.000000000
 10
107.500000000
 20
137.210522911
 30
0.000000000
 10
107.500000000
 20
137.216810701
 30
0.000000000
  0
SPLINE
  5
A4B
330
A02
100
AcDbEntity
  8
View
100
AcDbSpline
210
0
220
0
230
1
 70
8
 71
2
 72
30
 73
27
 74
0
 40
6.283185307
 40
6.283185307
 40
6.283185307
 40
6.395385045
 40
6.395385045
 40
6.507584782
 40
6.507584782
 40
6.619784520
 40
6.619784520
 40
6.731984258
 40
6.731984258
 40
6.844183995
 40
6.844183995
 40
6.956383733
 40
6.956383733
 40
7.068583471
 40
7.068583471
 40
7.180783208
 40
7.180783208
 40
7.292982946
 40
7.292982946
 40
7.405182683
 40
7.405182683
 40
7.517382421
 40
7.517382421
 40
7.629582159
 40
7.629582159
 40
7.853981634
 40
7.853981634
 40
7.853981634
 10
107.500000000
 20
137.216810701
 30
0.000000000
 10
107.500000000
 20
137.210522911
 30
0.000000000
 10
107.500000000
 20
137.204235121
 30
0.000000000
 10
107.500000000
 20
137.185450823
 30
0.000000000
 10
107.500000000
 20
137.166666526
 30
0.000000000
 10
107.500000000
 20
137.135621944
 30
0.000000000
 10
107.500000000
 20
137.104577362
 30
0.000000000
 10
107.500000000
 20
137.061662899
 30
0.000000000
 10
107.500000000
 20
137.018748437
 30
0.000000000
 10
107.500000000
 20
136.964503768
 30
0.000000000
 10
107.500000000
 20
136.910259100
 30
0.000000000
 10
107.500000000
 20
136.845366383
 30
0.000000000
 10
107.500000000
 20
136.780473666
 30
0.000000000
 10
107.500000000
 20
136.705748965
 30
0.000000000
 10
107.500000000
 20
136.631024264
 30
0.000000000
 10
107.500000000
 20
136.547407284
 30
0.000000000
 10
107.500000000
 20
136.463790305
 30
0.000000000
 10
107.500000000
 20
136.372332580
 30
0.000000000
 10
107.500000000
 20
136.280874854
 30
0.000000000
 10
107.500000000
 20
136.182726517
 30
0.000000000
 10
107.500000000
 20
136.084578180
 30
0.000000000
 10
107.500000000
 20
135.980973502
 30
0.000000000
 10
107.500000000
 20
135.877368825
 30
0.000000000
 10
107.500000000
 20
135.769610697
 30
0.000000000
 10
107.500000000
 20
135.661852569
 30
0.000000000
 10
107.500000000
 20
135.441529323
 30
0.000000000
 10
107.500000000
 20
135.216810701
 30
0.000000000
  0
LINE
  5
A4C
330
A02
100
AcDbEntity
  8
View
100
AcDbLine
 10
107.500000000
 20
135.216810701
 30
0.000000000
 11
107.500000000
 21
128.716810701
 31
0.000000000
  0
SPLINE
  5
A4D
330
A02
100
AcDbEntity
  8
View
100
AcDbSpline
210
0
220
0
230
1
 70
8
 71
3
 72
41
 73
37
 74
0
 40
1.570796327
 40
1.570796327
 40
1.570796327
 40
1.570796327
 40
1.907395540
 40
1.907395540
 40
1.907395540
 40
2.019595277
 40
2.019595277
 40
2.019595277
 40
2.131795015
 40
2.131795015
 40
2.131795015
 40
2.243994753
 40
2.243994753
 40
2.243994753
 40
2.356194490
 40
2.356194490
 40
2.356194490
 40
2.468394228
 40
2.468394228
 40
2.468394228
 40
2.580593965
 40
2.580593965
 40
2.580593965
 40
2.692793703
 40
2.692793703
 40
2.692793703
 40
2.804993441
 40
2.804993441
 40
2.804993441
 40
2.917193178
 40
2.917193178
 40
2.917193178
 40
3.029392916
 40
3.029392916
 40
3.029392916
 40
3.141592654
 40
3.141592654
 40
3.141592654
 40
3.141592654
 10
107.500000000
 20
128.716810701
 30
0.000000000
 10
107.500000000
 20
128.492114287
 30
0.000000000
 10
107.500000000
 20
128.269524016
 30
0.000000000
 10
107.500000000
 20
128.056252577
 30
0.000000000
 10
107.500000000
 20
127.987182793
 30
0.000000000
 10
107.500000000
 20
127.918113008
 30
0.000000000
 10
107.500000000
 20
127.849043223
 30
0.000000000
 10
107.500000000
 20
127.783610998
 30
0.000000000
 10
107.500000000
 20
127.718178773
 30
0.000000000
 10
107.500000000
 20
127.652746548
 30
0.000000000
 10
107.500000000
 20
127.591774731
 30
0.000000000
 10
107.500000000
 20
127.530802914
 30
0.000000000
 10
107.500000000
 20
127.469831098
 30
0.000000000
 10
107.500000000
 20
127.414086445
 30
0.000000000
 10
107.500000000
 20
127.358341792
 30
0.000000000
 10
107.500000000
 20
127.302597139
 30
0.000000000
 10
107.500000000
 20
127.252780671
 30
0.000000000
 10
107.500000000
 20
127.202964204
 30
0.000000000
 10
107.500000000
 20
127.153147736
 30
0.000000000
 10
107.500000000
 20
127.109885925
 30
0.000000000
 10
107.500000000
 20
127.066624114
 30
0.000000000
 10
107.500000000
 20
127.023362303
 30
0.000000000
 10
107.500000000
 20
126.987199190
 30
0.000000000
 10
107.500000000
 20
126.951036078
 30
0.000000000
 10
107.500000000
 20
126.914872965
 30
0.000000000
 10
107.500000000
 20
126.886263324
 30
0.000000000
 10
107.500000000
 20
126.857653682
 30
0.000000000
 10
107.500000000
 20
126.829044041
 30
0.000000000
 10
107.500000000
 20
126.808347653
 30
0.000000000
 10
107.500000000
 20
126.787651265
 30
0.000000000
 10
107.500000000
 20
126.766954877
 30
0.000000000
 10
107.500000000
 20
126.754432012
 30
0.000000000
 10
107.500000000
 20
126.741909147
 30
0.000000000
 10
107.500000000
 20
126.729386281
 30
0.000000000
 10
107.500000000
 20
126.725194421
 30
0.000000000
 10
107.500000000
 20
126.721002561
 30
0.000000000
 10
107.500000000
 20
126.716810701
 30
0.000000000
  0
SPLINE
  5
A4E
330
A02
100
AcDbEntity
  8
View
100
AcDbSpline
210
0
220
0
230
1
 70
8
 71
2
 72
30
 73
27
 74
0
 40
3.141592654
 40
3.141592654
 40
3.141592654
 40
3.253792391
 40
3.253792391
 40
3.365992129
 40
3.365992129
 40
3.478191866
 40
3.478191866
 40
3.590391604
 40
3.590391604
 40
3.702591342
 40
3.702591342
 40
3.814791079
 40
3.814791079
 40
3.926990817
 40
3.926990817
 40
4.039190555
 40
4.039190555
 40
4.151390292
 40
4.151390292
 40
4.263590030
 40
4.263590030
 40
4.375789768
 40
4.375789768
 40
4.487989505
 40
4.487989505
 40
4.712388980
 40
4.712388980
 40
4.712388980
 10
107.500000000
 20
126.716810701
 30
0.000000000
 10
107.500000000
 20
126.723098491
 30
0.000000000
 10
107.500000000
 20
126.729386281
 30
0.000000000
 10
107.500000000
 20
126.748170579
 30
0.000000000
 10
107.500000000
 20
126.766954877
 30
0.000000000
 10
107.500000000
 20
126.797999459
 30
0.000000000
 10
107.500000000
 20
126.829044041
 30
0.000000000
 10
107.500000000
 20
126.871958503
 30
0.000000000
 10
107.500000000
 20
126.914872965
 30
0.000000000
 10
107.500000000
 20
126.969117634
 30
0.000000000
 10
107.500000000
 20
127.023362303
 30
0.000000000
 10
107.500000000
 20
127.088255020
 30
0.000000000
 10
107.500000000
 20
127.153147736
 30
0.000000000
 10
107.500000000
 20
127.227872438
 30
0.000000000
 10
107.500000000
 20
127.302597139
 30
0.000000000
 10
107.500000000
 20
127.386214118
 30
0.000000000
 10
107.500000000
 20
127.469831098
 30
0.000000000
 10
107.500000000
 20
127.561288823
 30
0.000000000
 10
107.500000000
 20
127.652746548
 30
0.000000000
 10
107.500000000
 20
127.750894886
 30
0.000000000
 10
107.500000000
 20
127.849043223
 30
0.000000000
 10
107.500000000
 20
127.952647900
 30
0.000000000
 10
107.500000000
 20
128.056252577
 30
0.000000000
 10
107.500000000
 20
128.164010705
 30
0.000000000
 10
107.500000000
 20
128.271768833
 30
0.000000000
 10
107.500000000
 20
128.492092080
 30
0.000000000
 10
107.500000000
 20
128.716810701
 30
0.000000000
  0
LINE
  5
A4F
330
A02
100
AcDbEntity
  8
View
100
AcDbLine
 10
107.500000000
 20
97.066810701
 30
0.000000000
 11
107.500000000
 21
100.066810701
 31
0.000000000
  0
SPLINE
  5
A50
330
A02
100
AcDbEntity
  8
View
100
AcDbSpline
210
0
220
0
230
1
 70
8
 71
2
 72
28
 73
25
 74
0
 40
4.712388980
 40
4.712388980
 40
4.712388980
 40
4.936788456
 40
4.936788456
 40
5.161187931
 40
5.161187931
 40
5.273387669
 40
5.273387669
 40
5.385587406
 40
5.385587406
 40
5.497787144
 40
5.497787144
 40
5.609986881
 40
5.609986881
 40
5.722186619
 40
5.722186619
 40
5.834386357
 40
5.834386357
 40
5.946586094
 40
5.946586094
 40
6.058785832
 40
6.058785832
 40
6.170985570
 40
6.170985570
 40
6.283185307
 40
6.283185307
 40
6.283185307
 10
107.500000000
 20
100.066810701
 30
0.000000000
 10
107.500000000
 20
100.235349668
 30
0.000000000
 10
107.500000000
 20
100.400592102
 30
0.000000000
 10
107.500000000
 20
100.563976353
 30
0.000000000
 10
107.500000000
 20
100.717636310
 30
0.000000000
 10
107.500000000
 20
100.791247563
 30
0.000000000
 10
107.500000000
 20
100.864858816
 30
0.000000000
 10
107.500000000
 20
100.933452110
 30
0.000000000
 10
107.500000000
 20
101.002045404
 30
0.000000000
 10
107.500000000
 20
101.064758139
 30
0.000000000
 10
107.500000000
 20
101.127470873
 30
0.000000000
 10
107.500000000
 20
101.183514399
 30
0.000000000
 10
107.500000000
 20
101.239557925
 30
0.000000000
 10
107.500000000
 20
101.288227463
 30
0.000000000
 10
107.500000000
 20
101.336897000
 30
0.000000000
 10
107.500000000
 20
101.377580502
 30
0.000000000
 10
107.500000000
 20
101.418264003
 30
0.000000000
 10
107.500000000
 20
101.450449850
 30
0.000000000
 10
107.500000000
 20
101.482635697
 30
0.000000000
 10
107.500000000
 20
101.505919133
 30
0.000000000
 10
107.500000000
 20
101.529202570
 30
0.000000000
 10
107.500000000
 20
101.543290793
 30
0.000000000
 10
107.500000000
 20
101.557379016
 30
0.000000000
 10
107.500000000
 20
101.562094859
 30
0.000000000
 10
107.500000000
 20
101.566810701
 30
0.000000000
  0
SPLINE
  5
A51
330
A02
100
AcDbEntity
  8
View
100
AcDbSpline
210
0
220
0
230
1
 70
8
 71
2
 72
28
 73
25
 74
0
 40
6.283185307
 40
6.283185307
 40
6.283185307
 40
6.395385045
 40
6.395385045
 40
6.507584782
 40
6.507584782
 40
6.619784520
 40
6.619784520
 40
6.731984258
 40
6.731984258
 40
6.844183995
 40
6.844183995
 40
6.956383733
 40
6.956383733
 40
7.068583471
 40
7.068583471
 40
7.180783208
 40
7.180783208
 40
7.292982946
 40
7.292982946
 40
7.405182683
 40
7.405182683
 40
7.629582159
 40
7.629582159
 40
7.853981634
 40
7.853981634
 40
7.853981634
 10
107.500000000
 20
101.566810701
 30
0.000000000
 10
107.500000000
 20
101.562094859
 30
0.000000000
 10
107.500000000
 20
101.557379016
 30
0.000000000
 10
107.500000000
 20
101.543290793
 30
0.000000000
 10
107.500000000
 20
101.529202570
 30
0.000000000
 10
107.500000000
 20
101.505919133
 30
0.000000000
 10
107.500000000
 20
101.482635697
 30
0.000000000
 10
107.500000000
 20
101.450449850
 30
0.000000000
 10
107.500000000
 20
101.418264003
 30
0.000000000
 10
107.500000000
 20
101.377580502
 30
0.000000000
 10
107.500000000
 20
101.336897000
 30
0.000000000
 10
107.500000000
 20
101.288227463
 30
0.000000000
 10
107.500000000
 20
101.239557925
 30
0.000000000
 10
107.500000000
 20
101.183514399
 30
0.000000000
 10
107.500000000
 20
101.127470873
 30
0.000000000
 10
107.500000000
 20
101.064758139
 30
0.000000000
 10
107.500000000
 20
101.002045404
 30
0.000000000
 10
107.500000000
 20
100.933452110
 30
0.000000000
 10
107.500000000
 20
100.864858816
 30
0.000000000
 10
107.500000000
 20
100.791247563
 30
0.000000000
 10
107.500000000
 20
100.717636310
 30
0.000000000
 10
107.500000000
 20
100.563976353
 30
0.000000000
 10
107.500000000
 20
100.400592102
 30
0.000000000
 10
107.500000000
 20
100.235349668
 30
0.000000000
 10
107.500000000
 20
100.066810701
 30
0.000000000
  0
LINE
  5
A52
330
A02
100
AcDbEntity
  8
View
100
AcDbLine
 10
107.500000000
 20
100.066810701
 30
0.000000000
 11
107.500000000
 21
97.066810701
 31
0.000000000
  0
SPLINE
  5
A53
330
A02
100
AcDbEntity
  8
View
100
AcDbSpline
210
0
220
0
230
1
 70
8
 71
2
 72
28
 73
25
 74
0
 40
1.570796327
 40
1.570796327
 40
1.570796327
 40
1.907395540
 40
1.907395540
 40
2.019595277
 40
2.019595277
 40
2.131795015
 40
2.131795015
 40
2.243994753
 40
2.243994753
 40
2.356194490
 40
2.356194490
 40
2.468394228
 40
2.468394228
 40
2.580593965
 40
2.580593965
 40
2.692793703
 40
2.692793703
 40
2.804993441
 40
2.804993441
 40
2.917193178
 40
2.917193178
 40
3.029392916
 40
3.029392916
 40
3.141592654
 40
3.141592654
 40
3.141592654
 10
107.500000000
 20
97.066810701
 30
0.000000000
 10
107.500000000
 20
96.812674856
 30
0.000000000
 10
107.500000000
 20
96.571392108
 30
0.000000000
 10
107.500000000
 20
96.493688600
 30
0.000000000
 10
107.500000000
 20
96.415985093
 30
0.000000000
 10
107.500000000
 20
96.342373840
 30
0.000000000
 10
107.500000000
 20
96.268762587
 30
0.000000000
 10
107.500000000
 20
96.200169292
 30
0.000000000
 10
107.500000000
 20
96.131575998
 30
0.000000000
 10
107.500000000
 20
96.068863264
 30
0.000000000
 10
107.500000000
 20
96.006150530
 30
0.000000000
 10
107.500000000
 20
95.950107004
 30
0.000000000
 10
107.500000000
 20
95.894063478
 30
0.000000000
 10
107.500000000
 20
95.845393940
 30
0.000000000
 10
107.500000000
 20
95.796724402
 30
0.000000000
 10
107.500000000
 20
95.756040901
 30
0.000000000
 10
107.500000000
 20
95.715357399
 30
0.000000000
 10
107.500000000
 20
95.683171553
 30
0.000000000
 10
107.500000000
 20
95.650985706
 30
0.000000000
 10
107.500000000
 20
95.627702269
 30
0.000000000
 10
107.500000000
 20
95.604418833
 30
0.000000000
 10
107.500000000
 20
95.590330610
 30
0.000000000
 10
107.500000000
 20
95.576242386
 30
0.000000000
 10
107.500000000
 20
95.571526544
 30
0.000000000
 10
107.500000000
 20
95.566810701
 30
0.000000000
  0
SPLINE
  5
A54
330
A02
100
AcDbEntity
  8
View
100
AcDbSpline
210
0
220
0
230
1
 70
8
 71
2
 72
28
 73
25
 74
0
 40
3.141592654
 40
3.141592654
 40
3.141592654
 40
3.253792391
 40
3.253792391
 40
3.365992129
 40
3.365992129
 40
3.478191866
 40
3.478191866
 40
3.590391604
 40
3.590391604
 40
3.702591342
 40
3.702591342
 40
3.814791079
 40
3.814791079
 40
3.926990817
 40
3.926990817
 40
4.039190555
 40
4.039190555
 40
4.151390292
 40
4.151390292
 40
4.263590030
 40
4.263590030
 40
4.487989505
 40
4.487989505
 40
4.712388980
 40
4.712388980
 40
4.712388980
 10
107.500000000
 20
95.566810701
 30
0.000000000
 10
107.500000000
 20
95.571526544
 30
0.000000000
 10
107.500000000
 20
95.576242386
 30
0.000000000
 10
107.500000000
 20
95.590330610
 30
0.000000000
 10
107.500000000
 20
95.604418833
 30
0.000000000
 10
107.500000000
 20
95.627702269
 30
0.000000000
 10
107.500000000
 20
95.650985706
 30
0.000000000
 10
107.500000000
 20
95.683171553
 30
0.000000000
 10
107.500000000
 20
95.715357399
 30
0.000000000
 10
107.500000000
 20
95.756040901
 30
0.000000000
 10
107.500000000
 20
95.796724402
 30
0.000000000
 10
107.500000000
 20
95.845393940
 30
0.000000000
 10
107.500000000
 20
95.894063478
 30
0.000000000
 10
107.500000000
 20
95.950107004
 30
0.000000000
 10
107.500000000
 20
96.006150530
 30
0.000000000
 10
107.500000000
 20
96.068863264
 30
0.000000000
 10
107.500000000
 20
96.131575998
 30
0.000000000
 10
107.500000000
 20
96.200169292
 30
0.000000000
 10
107.500000000
 20
96.268762587
 30
0.000000000
 10
107.500000000
 20
96.342373840
 30
0.000000000
 10
107.500000000
 20
96.415985093
 30
0.000000000
 10
107.500000000
 20
96.569645050
 30
0.000000000
 10
107.500000000
 20
96.733029300
 30
0.000000000
 10
107.500000000
 20
96.898271735
 30
0.000000000
 10
107.500000000
 20
97.066810701
 30
0.000000000
  0
LINE
  5
A55
330
A02
100
AcDbEntity
  8
View
100
AcDbLine
 10
118.950000000
 20
144.916810701
 30
0.000000000
 11
118.950000000
 21
127.416810701
 31
0.000000000
  0
ARC
  5
A56
330
A02
100
AcDbEntity
  8
View
100
AcDbCircle
 10
120.950000000
 20
144.916810701
 30
0.000000000
 40
2.000000000
100
AcDbArc
 50
90.000000000
 51
180.000000000
  0
ARC
  5
A57
330
A02
100
AcDbEntity
  8
View
100
AcDbCircle
 10
120.950000000
 20
127.416810701
 30
0.000000000
 40
2.000000000
100
AcDbArc
 50
180.000000000
 51
-90.000000000
  0
LINE
  5
A58
330
A02
100
AcDbEntity
  8
View
100
AcDbLine
 10
159.050000000
 20
146.916810701
 30
0.000000000
 11
120.950000000
 21
146.916810701
 31
0.000000000
  0
LINE
  5
A59
330
A02
100
AcDbEntity
  8
View
100
AcDbLine
 10
120.950000000
 20
125.416810701
 30
0.000000000
 11
159.050000000
 21
125.416810701
 31
0.000000000
  0
ARC
  5
A5A
330
A02
100
AcDbEntity
  8
View
100
AcDbCircle
 10
159.050000000
 20
144.916810701
 30
0.000000000
 40
2.000000000
100
AcDbArc
 50
0.000000000
 51
90.000000000
  0
ARC
  5
A5B
330
A02
100
AcDbEntity
  8
View
100
AcDbCircle
 10
159.050000000
 20
127.416810701
 30
0.000000000
 40
2.000000000
100
AcDbArc
 50
-90.000000000
 51
0.000000000
  0
LINE
  5
A5C
330
A02
100
AcDbEntity
  8
View
100
AcDbLine
 10
161.050000000
 20
127.416810701
 30
0.000000000
 11
161.050000000
 21
144.916810701
 31
0.000000000
  0
LINE
  5
A5D
330
A02
100
AcDbEntity
  8
View
100
AcDbLine
 10
107.500000000
 20
155.966810701
 30
0.000000000
 11
172.500000000
 21
155.966810701
 31
0.000000000
  0
LINE
  5
A5E
330
A02
100
AcDbEntity
  8
View
100
AcDbLine
 10
172.500000000
 20
155.966810701
 30
0.000000000
 11
172.500000000
 21
65.966810701
 31
0.000000000
  0
CIRCLE
  5
A5F
330
A02
100
AcDbEntity
  8
View
100
AcDbCircle
 10
122.000000000
 20
71.966810701
 30
0.000000000
 40
3.850000000
  0
CIRCLE
  5
A60
330
A02
100
AcDbEntity
  8
View
100
AcDbCircle
 10
112.000000000
 20
82.966810701
 30
0.000000000
 40
2.650000000
  0
CIRCLE
  5
A61
330
A02
100
AcDbEntity
  8
View
100
AcDbCircle
 10
122.000000000
 20
82.966810701
 30
0.000000000
 40
3.850000000
  0
CIRCLE
  5
A62
330
A02
100
AcDbEntity
  8
View
100
AcDbCircle
 10
134.000000000
 20
71.966810701
 30
0.000000000
 40
3.850000000
  0
CIRCLE
  5
A63
330
A02
100
AcDbEntity
  8
View
100
AcDbCircle
 10
134.000000000
 20
82.966810701
 30
0.000000000
 40
3.850000000
  0
CIRCLE
  5
A64
330
A02
100
AcDbEntity
  8
View
100
AcDbCircle
 10
122.000000000
 20
93.966810701
 30
0.000000000
 40
3.850000000
  0
CIRCLE
  5
A65
330
A02
100
AcDbEntity
  8
View
100
AcDbCircle
 10
122.000000000
 20
104.966810701
 30
0.000000000
 40
3.850000000
  0
CIRCLE
  5
A66
330
A02
100
AcDbEntity
  8
View
100
AcDbCircle
 10
134.000000000
 20
93.966810701
 30
0.000000000
 40
3.850000000
  0
CIRCLE
  5
A67
330
A02
100
AcDbEntity
  8
View
100
AcDbCircle
 10
134.000000000
 20
104.966810701
 30
0.000000000
 40
3.850000000
  0
CIRCLE
  5
A68
330
A02
100
AcDbEntity
  8
View
100
AcDbCircle
 10
146.000000000
 20
71.966810701
 30
0.000000000
 40
3.850000000
  0
CIRCLE
  5
A69
330
A02
100
AcDbEntity
  8
View
100
AcDbCircle
 10
146.000000000
 20
82.966810701
 30
0.000000000
 40
3.850000000
  0
CIRCLE
  5
A6A
330
A02
100
AcDbEntity
  8
View
100
AcDbCircle
 10
158.000000000
 20
71.966810701
 30
0.000000000
 40
3.850000000
  0
CIRCLE
  5
A6B
330
A02
100
AcDbEntity
  8
View
100
AcDbCircle
 10
158.000000000
 20
82.966810701
 30
0.000000000
 40
3.850000000
  0
CIRCLE
  5
A6C
330
A02
100
AcDbEntity
  8
View
100
AcDbCircle
 10
168.000000000
 20
82.966810701
 30
0.000000000
 40
2.650000000
  0
CIRCLE
  5
A6D
330
A02
100
AcDbEntity
  8
View
100
AcDbCircle
 10
146.000000000
 20
93.966810701
 30
0.000000000
 40
3.850000000
  0
CIRCLE
  5
A6E
330
A02
100
AcDbEntity
  8
View
100
AcDbCircle
 10
146.000000000
 20
104.966810701
 30
0.000000000
 40
3.850000000
  0
CIRCLE
  5
A6F
330
A02
100
AcDbEntity
  8
View
100
AcDbCircle
 10
158.000000000
 20
93.966810701
 30
0.000000000
 40
3.850000000
  0
CIRCLE
  5
A70
330
A02
100
AcDbEntity
  8
View
100
AcDbCircle
 10
158.000000000
 20
104.966810701
 30
0.000000000
 40
3.850000000
  0
CIRCLE
  5
A71
330
A02
100
AcDbEntity
  8
View
100
AcDbCircle
 10
129.700000000
 20
115.966810701
 30
0.000000000
 40
3.850000000
  0
CIRCLE
  5
A72
330
A02
100
AcDbEntity
  8
View
100
AcDbCircle
 10
112.000000000
 20
141.966810701
 30
0.000000000
 40
2.650000000
  0
CIRCLE
  5
A73
330
A02
100
AcDbEntity
  8
View
100
AcDbCircle
 10
112.000000000
 20
149.966810701
 30
0.000000000
 40
2.650000000
  0
CIRCLE
  5
A74
330
A02
100
AcDbEntity
  8
View
100
AcDbCircle
 10
165.500000000
 20
127.766810701
 30
0.000000000
 40
0.750000000
  0
CIRCLE
  5
A75
330
A02
100
AcDbEntity
  8
View
100
AcDbCircle
 10
163.000000000
 20
129.016810701
 30
0.000000000
 40
0.750000000
  0
CIRCLE
  5
A76
330
A02
100
AcDbEntity
  8
View
100
AcDbCircle
 10
165.500000000
 20
130.266810701
 30
0.000000000
 40
0.750000000
  0
CIRCLE
  5
A77
330
A02
100
AcDbEntity
  8
View
100
AcDbCircle
 10
168.000000000
 20
129.016810701
 30
0.000000000
 40
0.750000000
  0
CIRCLE
  5
A78
330
A02
100
AcDbEntity
  8
View
100
AcDbCircle
 10
163.000000000
 20
131.516810701
 30
0.000000000
 40
0.750000000
  0
CIRCLE
  5
A79
330
A02
100
AcDbEntity
  8
View
100
AcDbCircle
 10
165.500000000
 20
132.766810701
 30
0.000000000
 40
0.750000000
  0
CIRCLE
  5
A7A
330
A02
100
AcDbEntity
  8
View
100
AcDbCircle
 10
168.000000000
 20
131.516810701
 30
0.000000000
 40
0.750000000
  0
CIRCLE
  5
A7B
330
A02
100
AcDbEntity
  8
View
100
AcDbCircle
 10
168.000000000
 20
141.966810701
 30
0.000000000
 40
2.650000000
  0
CIRCLE
  5
A7C
330
A02
100
AcDbEntity
  8
View
100
AcDbCircle
 10
168.000000000
 20
149.966810701
 30
0.000000000
 40
2.650000000
  0
LINE
  5
A7D
330
A02
100
AcDbEntity
  8
View
100
AcDbLine
 10
105.000000000
 20
135.216810701
 30
0.000000000
 11
105.000000000
 21
128.716810701
 31
0.000000000
  0
SPLINE
  5
A7E
330
A02
100
AcDbEntity
  8
View
100
AcDbSpline
210
0
220
0
230
1
 70
8
 71
3
 72
41
 73
37
 74
0
 40
1.570796327
 40
1.570796327
 40
1.570796327
 40
1.570796327
 40
1.907395540
 40
1.907395540
 40
1.907395540
 40
2.019595277
 40
2.019595277
 40
2.019595277
 40
2.131795015
 40
2.131795015
 40
2.131795015
 40
2.243994753
 40
2.243994753
 40
2.243994753
 40
2.356194490
 40
2.356194490
 40
2.356194490
 40
2.468394228
 40
2.468394228
 40
2.468394228
 40
2.580593965
 40
2.580593965
 40
2.580593965
 40
2.692793703
 40
2.692793703
 40
2.692793703
 40
2.804993441
 40
2.804993441
 40
2.804993441
 40
2.917193178
 40
2.917193178
 40
2.917193178
 40
3.029392916
 40
3.029392916
 40
3.029392916
 40
3.141592654
 40
3.141592654
 40
3.141592654
 40
3.141592654
 10
105.000000000
 20
128.716810701
 30
0.000000000
 10
105.000000000
 20
128.492114287
 30
0.000000000
 10
105.000000000
 20
128.269524016
 30
0.000000000
 10
105.000000000
 20
128.056252577
 30
0.000000000
 10
105.000000000
 20
127.987182793
 30
0.000000000
 10
105.000000000
 20
127.918113008
 30
0.000000000
 10
105.000000000
 20
127.849043223
 30
0.000000000
 10
105.000000000
 20
127.783610998
 30
0.000000000
 10
105.000000000
 20
127.718178773
 30
0.000000000
 10
105.000000000
 20
127.652746548
 30
0.000000000
 10
105.000000000
 20
127.591774731
 30
0.000000000
 10
105.000000000
 20
127.530802914
 30
0.000000000
 10
105.000000000
 20
127.469831098
 30
0.000000000
 10
105.000000000
 20
127.414086445
 30
0.000000000
 10
105.000000000
 20
127.358341792
 30
0.000000000
 10
105.000000000
 20
127.302597139
 30
0.000000000
 10
105.000000000
 20
127.252780671
 30
0.000000000
 10
105.000000000
 20
127.202964204
 30
0.000000000
 10
105.000000000
 20
127.153147736
 30
0.000000000
 10
105.000000000
 20
127.109885925
 30
0.000000000
 10
105.000000000
 20
127.066624114
 30
0.000000000
 10
105.000000000
 20
127.023362303
 30
0.000000000
 10
105.000000000
 20
126.987199190
 30
0.000000000
 10
105.000000000
 20
126.951036078
 30
0.000000000
 10
105.000000000
 20
126.914872965
 30
0.000000000
 10
105.000000000
 20
126.886263324
 30
0.000000000
 10
105.000000000
 20
126.857653682
 30
0.000000000
 10
105.000000000
 20
126.829044041
 30
0.000000000
 10
105.000000000
 20
126.808347653
 30
0.000000000
 10
105.000000000
 20
126.787651265
 30
0.000000000
 10
105.000000000
 20
126.766954877
 30
0.000000000
 10
105.000000000
 20
126.754432012
 30
0.000000000
 10
105.000000000
 20
126.741909147
 30
0.000000000
 10
105.000000000
 20
126.729386281
 30
0.000000000
 10
105.000000000
 20
126.725194421
 30
0.000000000
 10
105.000000000
 20
126.721002561
 30
0.000000000
 10
105.000000000
 20
126.716810701
 30
0.000000000
  0
SPLINE
  5
A7F
330
A02
100
AcDbEntity
  8
View
100
AcDbSpline
210
0
220
0
230
1
 70
8
 71
2
 72
30
 73
27
 74
0
 40
3.141592654
 40
3.141592654
 40
3.141592654
 40
3.253792391
 40
3.253792391
 40
3.365992129
 40
3.365992129
 40
3.478191866
 40
3.478191866
 40
3.590391604
 40
3.590391604
 40
3.702591342
 40
3.702591342
 40
3.814791079
 40
3.814791079
 40
3.926990817
 40
3.926990817
 40
4.039190555
 40
4.039190555
 40
4.151390292
 40
4.151390292
 40
4.263590030
 40
4.263590030
 40
4.375789768
 40
4.375789768
 40
4.487989505
 40
4.487989505
 40
4.712388980
 40
4.712388980
 40
4.712388980
 10
105.000000000
 20
126.716810701
 30
0.000000000
 10
105.000000000
 20
126.723098491
 30
0.000000000
 10
105.000000000
 20
126.729386281
 30
0.000000000
 10
105.000000000
 20
126.748170579
 30
0.000000000
 10
105.000000000
 20
126.766954877
 30
0.000000000
 10
105.000000000
 20
126.797999459
 30
0.000000000
 10
105.000000000
 20
126.829044041
 30
0.000000000
 10
105.000000000
 20
126.871958503
 30
0.000000000
 10
105.000000000
 20
126.914872965
 30
0.000000000
 10
105.000000000
 20
126.969117634
 30
0.000000000
 10
105.000000000
 20
127.023362303
 30
0.000000000
 10
105.000000000
 20
127.088255020
 30
0.000000000
 10
105.000000000
 20
127.153147736
 30
0.000000000
 10
105.000000000
 20
127.227872438
 30
0.000000000
 10
105.000000000
 20
127.302597139
 30
0.000000000
 10
105.000000000
 20
127.386214118
 30
0.000000000
 10
105.000000000
 20
127.469831098
 30
0.000000000
 10
105.000000000
 20
127.561288823
 30
0.000000000
 10
105.000000000
 20
127.652746548
 30
0.000000000
 10
105.000000000
 20
127.750894886
 30
0.000000000
 10
105.000000000
 20
127.849043223
 30
0.000000000
 10
105.000000000
 20
127.952647900
 30
0.000000000
 10
105.000000000
 20
128.056252577
 30
0.000000000
 10
105.000000000
 20
128.164010705
 30
0.000000000
 10
105.000000000
 20
128.271768833
 30
0.000000000
 10
105.000000000
 20
128.492092080
 30
0.000000000
 10
105.000000000
 20
128.716810701
 30
0.000000000
  0
LINE
  5
A80
330
A02
100
AcDbEntity
  8
View
100
AcDbLine
 10
105.000000000
 20
128.716810701
 30
0.000000000
 11
105.000000000
 21
135.216810701
 31
0.000000000
  0
SPLINE
  5
A81
330
A02
100
AcDbEntity
  8
View
100
AcDbSpline
210
0
220
0
230
1
 70
8
 71
2
 72
30
 73
27
 74
0
 40
4.712388980
 40
4.712388980
 40
4.712388980
 40
4.936788456
 40
4.936788456
 40
5.048988193
 40
5.048988193
 40
5.161187931
 40
5.161187931
 40
5.273387669
 40
5.273387669
 40
5.385587406
 40
5.385587406
 40
5.497787144
 40
5.497787144
 40
5.609986881
 40
5.609986881
 40
5.722186619
 40
5.722186619
 40
5.834386357
 40
5.834386357
 40
5.946586094
 40
5.946586094
 40
6.058785832
 40
6.058785832
 40
6.170985570
 40
6.170985570
 40
6.283185307
 40
6.283185307
 40
6.283185307
 10
105.000000000
 20
135.216810701
 30
0.000000000
 10
105.000000000
 20
135.441529323
 30
0.000000000
 10
105.000000000
 20
135.661852569
 30
0.000000000
 10
105.000000000
 20
135.769610697
 30
0.000000000
 10
105.000000000
 20
135.877368825
 30
0.000000000
 10
105.000000000
 20
135.980973502
 30
0.000000000
 10
105.000000000
 20
136.084578180
 30
0.000000000
 10
105.000000000
 20
136.182726517
 30
0.000000000
 10
105.000000000
 20
136.280874854
 30
0.000000000
 10
105.000000000
 20
136.372332580
 30
0.000000000
 10
105.000000000
 20
136.463790305
 30
0.000000000
 10
105.000000000
 20
136.547407284
 30
0.000000000
 10
105.000000000
 20
136.631024264
 30
0.000000000
 10
105.000000000
 20
136.705748965
 30
0.000000000
 10
105.000000000
 20
136.780473666
 30
0.000000000
 10
105.000000000
 20
136.845366383
 30
0.000000000
 10
105.000000000
 20
136.910259100
 30
0.000000000
 10
105.000000000
 20
136.964503768
 30
0.000000000
 10
105.000000000
 20
137.018748437
 30
0.000000000
 10
105.000000000
 20
137.061662899
 30
0.000000000
 10
105.000000000
 20
137.104577362
 30
0.000000000
 10
105.000000000
 20
137.135621944
 30
0.000000000
 10
105.000000000
 20
137.166666526
 30
0.000000000
 10
105.000000000
 20
137.185450823
 30
0.000000000
 10
105.000000000
 20
137.204235121
 30
0.000000000
 10
105.000000000
 20
137.210522911
 30
0.000000000
 10
105.000000000
 20
137.216810701
 30
0.000000000
  0
SPLINE
  5
A82
330
A02
100
AcDbEntity
  8
View
100
AcDbSpline
210
0
220
0
230
1
 70
8
 71
2
 72
30
 73
27
 74
0
 40
6.283185307
 40
6.283185307
 40
6.283185307
 40
6.395385045
 40
6.395385045
 40
6.507584782
 40
6.507584782
 40
6.619784520
 40
6.619784520
 40
6.731984258
 40
6.731984258
 40
6.844183995
 40
6.844183995
 40
6.956383733
 40
6.956383733
 40
7.068583471
 40
7.068583471
 40
7.180783208
 40
7.180783208
 40
7.292982946
 40
7.292982946
 40
7.405182683
 40
7.405182683
 40
7.517382421
 40
7.517382421
 40
7.629582159
 40
7.629582159
 40
7.853981634
 40
7.853981634
 40
7.853981634
 10
105.000000000
 20
137.216810701
 30
0.000000000
 10
105.000000000
 20
137.210522911
 30
0.000000000
 10
105.000000000
 20
137.204235121
 30
0.000000000
 10
105.000000000
 20
137.185450823
 30
0.000000000
 10
105.000000000
 20
137.166666526
 30
0.000000000
 10
105.000000000
 20
137.135621944
 30
0.000000000
 10
105.000000000
 20
137.104577362
 30
0.000000000
 10
105.000000000
 20
137.061662899
 30
0.000000000
 10
105.000000000
 20
137.018748437
 30
0.000000000
 10
105.000000000
 20
136.964503768
 30
0.000000000
 10
105.000000000
 20
136.910259100
 30
0.000000000
 10
105.000000000
 20
136.845366383
 30
0.000000000
 10
105.000000000
 20
136.780473666
 30
0.000000000
 10
105.000000000
 20
136.705748965
 30
0.000000000
 10
105.000000000
 20
136.631024264
 30
0.000000000
 10
105.000000000
 20
136.547407284
 30
0.000000000
 10
105.000000000
 20
136.463790305
 30
0.000000000
 10
105.000000000
 20
136.372332580
 30
0.000000000
 10
105.000000000
 20
136.280874854
 30
0.000000000
 10
105.000000000
 20
136.182726517
 30
0.000000000
 10
105.000000000
 20
136.084578180
 30
0.000000000
 10
105.000000000
 20
135.980973502
 30
0.000000000
 10
105.000000000
 20
135.877368825
 30
0.000000000
 10
105.000000000
 20
135.769610697
 30
0.000000000
 10
105.000000000
 20
135.661852569
 30
0.000000000
 10
105.000000000
 20
135.441529323
 30
0.000000000
 10
105.000000000
 20
135.216810701
 30
0.000000000
  0
LINE
  5
A83
330
A02
100
AcDbEntity
  8
View
100
AcDbLine
 10
105.000000000
 20
100.066810701
 30
0.000000000
 11
105.000000000
 21
97.066810701
 31
0.000000000
  0
SPLINE
  5
A84
330
A02
100
AcDbEntity
  8
View
100
AcDbSpline
210
0
220
0
230
1
 70
8
 71
2
 72
28
 73
25
 74
0
 40
1.570796327
 40
1.570796327
 40
1.570796327
 40
1.907395540
 40
1.907395540
 40
2.019595277
 40
2.019595277
 40
2.131795015
 40
2.131795015
 40
2.243994753
 40
2.243994753
 40
2.356194490
 40
2.356194490
 40
2.468394228
 40
2.468394228
 40
2.580593965
 40
2.580593965
 40
2.692793703
 40
2.692793703
 40
2.804993441
 40
2.804993441
 40
2.917193178
 40
2.917193178
 40
3.029392916
 40
3.029392916
 40
3.141592654
 40
3.141592654
 40
3.141592654
 10
105.000000000
 20
97.066810701
 30
0.000000000
 10
105.000000000
 20
96.812674856
 30
0.000000000
 10
105.000000000
 20
96.571392108
 30
0.000000000
 10
105.000000000
 20
96.493688600
 30
0.000000000
 10
105.000000000
 20
96.415985093
 30
0.000000000
 10
105.000000000
 20
96.342373840
 30
0.000000000
 10
105.000000000
 20
96.268762587
 30
0.000000000
 10
105.000000000
 20
96.200169292
 30
0.000000000
 10
105.000000000
 20
96.131575998
 30
0.000000000
 10
105.000000000
 20
96.068863264
 30
0.000000000
 10
105.000000000
 20
96.006150530
 30
0.000000000
 10
105.000000000
 20
95.950107004
 30
0.000000000
 10
105.000000000
 20
95.894063478
 30
0.000000000
 10
105.000000000
 20
95.845393940
 30
0.000000000
 10
105.000000000
 20
95.796724402
 30
0.000000000
 10
105.000000000
 20
95.756040901
 30
0.000000000
 10
105.000000000
 20
95.715357399
 30
0.000000000
 10
105.000000000
 20
95.683171553
 30
0.000000000
 10
105.000000000
 20
95.650985706
 30
0.000000000
 10
105.000000000
 20
95.627702269
 30
0.000000000
 10
105.000000000
 20
95.604418833
 30
0.000000000
 10
105.000000000
 20
95.590330610
 30
0.000000000
 10
105.000000000
 20
95.576242386
 30
0.000000000
 10
105.000000000
 20
95.571526544
 30
0.000000000
 10
105.000000000
 20
95.566810701
 30
0.000000000
  0
SPLINE
  5
A85
330
A02
100
AcDbEntity
  8
View
100
AcDbSpline
210
0
220
0
230
1
 70
8
 71
2
 72
28
 73
25
 74
0
 40
3.141592654
 40
3.141592654
 40
3.141592654
 40
3.253792391
 40
3.253792391
 40
3.365992129
 40
3.365992129
 40
3.478191866
 40
3.478191866
 40
3.590391604
 40
3.590391604
 40
3.702591342
 40
3.702591342
 40
3.814791079
 40
3.814791079
 40
3.926990817
 40
3.926990817
 40
4.039190555
 40
4.039190555
 40
4.151390292
 40
4.151390292
 40
4.263590030
 40
4.263590030
 40
4.487989505
 40
4.487989505
 40
4.712388980
 40
4.712388980
 40
4.712388980
 10
105.000000000
 20
95.566810701
 30
0.000000000
 10
105.000000000
 20
95.571526544
 30
0.000000000
 10
105.000000000
 20
95.576242386
 30
0.000000000
 10
105.000000000
 20
95.590330610
 30
0.000000000
 10
105.000000000
 20
95.604418833
 30
0.000000000
 10
105.000000000
 20
95.627702269
 30
0.000000000
 10
105.000000000
 20
95.650985706
 30
0.000000000
 10
105.000000000
 20
95.683171553
 30
0.000000000
 10
105.000000000
 20
95.715357399
 30
0.000000000
 10
105.000000000
 20
95.756040901
 30
0.000000000
 10
105.000000000
 20
95.796724402
 30
0.000000000
 10
105.000000000
 20
95.845393940
 30
0.000000000
 10
105.000000000
 20
95.894063478
 30
0.000000000
 10
105.000000000
 20
95.950107004
 30
0.000000000
 10
105.000000000
 20
96.006150530
 30
0.000000000
 10
105.000000000
 20
96.068863264
 30
0.000000000
 10
105.000000000
 20
96.131575998
 30
0.000000000
 10
105.000000000
 20
96.200169292
 30
0.000000000
 10
105.000000000
 20
96.268762587
 30
0.000000000
 10
105.000000000
 20
96.342373840
 30
0.000000000
 10
105.000000000
 20
96.415985093
 30
0.000000000
 10
105.000000000
 20
96.569645050
 30
0.000000000
 10
105.000000000
 20
96.733029300
 30
0.000000000
 10
105.000000000
 20
96.898271735
 30
0.000000000
 10
105.000000000
 20
97.066810701
 30
0.000000000
  0
LINE
  5
A86
330
A02
100
AcDbEntity
  8
View
100
AcDbLine
 10
105.000000000
 20
97.066810701
 30
0.000000000
 11
105.000000000
 21
100.066810701
 31
0.000000000
  0
SPLINE
  5
A87
330
A02
100
AcDbEntity
  8
View
100
AcDbSpline
210
0
220
0
230
1
 70
8
 71
2
 72
28
 73
25
 74
0
 40
4.712388980
 40
4.712388980
 40
4.712388980
 40
4.936788456
 40
4.936788456
 40
5.161187931
 40
5.161187931
 40
5.273387669
 40
5.273387669
 40
5.385587406
 40
5.385587406
 40
5.497787144
 40
5.497787144
 40
5.609986881
 40
5.609986881
 40
5.722186619
 40
5.722186619
 40
5.834386357
 40
5.834386357
 40
5.946586094
 40
5.946586094
 40
6.058785832
 40
6.058785832
 40
6.170985570
 40
6.170985570
 40
6.283185307
 40
6.283185307
 40
6.283185307
 10
105.000000000
 20
100.066810701
 30
0.000000000
 10
105.000000000
 20
100.235349668
 30
0.000000000
 10
105.000000000
 20
100.400592102
 30
0.000000000
 10
105.000000000
 20
100.563976353
 30
0.000000000
 10
105.000000000
 20
100.717636310
 30
0.000000000
 10
105.000000000
 20
100.791247563
 30
0.000000000
 10
105.000000000
 20
100.864858816
 30
0.000000000
 10
105.000000000
 20
100.933452110
 30
0.000000000
 10
105.000000000
 20
101.002045404
 30
0.000000000
 10
105.000000000
 20
101.064758139
 30
0.000000000
 10
105.000000000
 20
101.127470873
 30
0.000000000
 10
105.000000000
 20
101.183514399
 30
0.000000000
 10
105.000000000
 20
101.239557925
 30
0.000000000
 10
105.000000000
 20
101.288227463
 30
0.000000000
 10
105.000000000
 20
101.336897000
 30
0.000000000
 10
105.000000000
 20
101.377580502
 30
0.000000000
 10
105.000000000
 20
101.418264003
 30
0.000000000
 10
105.000000000
 20
101.450449850
 30
0.000000000
 10
105.000000000
 20
101.482635697
 30
0.000000000
 10
105.000000000
 20
101.505919133
 30
0.000000000
 10
105.000000000
 20
101.529202570
 30
0.000000000
 10
105.000000000
 20
101.543290793
 30
0.000000000
 10
105.000000000
 20
101.557379016
 30
0.000000000
 10
105.000000000
 20
101.562094859
 30
0.000000000
 10
105.000000000
 20
101.566810701
 30
0.000000000
  0
SPLINE
  5
A88
330
A02
100
AcDbEntity
  8
View
100
AcDbSpline
210
0
220
0
230
1
 70
8
 71
2
 72
28
 73
25
 74
0
 40
6.283185307
 40
6.283185307
 40
6.283185307
 40
6.395385045
 40
6.395385045
 40
6.507584782
 40
6.507584782
 40
6.619784520
 40
6.619784520
 40
6.731984258
 40
6.731984258
 40
6.844183995
 40
6.844183995
 40
6.956383733
 40
6.956383733
 40
7.068583471
 40
7.068583471
 40
7.180783208
 40
7.180783208
 40
7.292982946
 40
7.292982946
 40
7.405182683
 40
7.405182683
 40
7.629582159
 40
7.629582159
 40
7.853981634
 40
7.853981634
 40
7.853981634
 10
105.000000000
 20
101.566810701
 30
0.000000000
 10
105.000000000
 20
101.562094859
 30
0.000000000
 10
105.000000000
 20
101.557379016
 30
0.000000000
 10
105.000000000
 20
101.543290793
 30
0.000000000
 10
105.000000000
 20
101.529202570
 30
0.000000000
 10
105.000000000
 20
101.505919133
 30
0.000000000
 10
105.000000000
 20
101.482635697
 30
0.000000000
 10
105.000000000
 20
101.450449850
 30
0.000000000
 10
105.000000000
 20
101.418264003
 30
0.000000000
 10
105.000000000
 20
101.377580502
 30
0.000000000
 10
105.000000000
 20
101.336897000
 30
0.000000000
 10
105.000000000
 20
101.288227463
 30
0.000000000
 10
105.000000000
 20
101.239557925
 30
0.000000000
 10
105.000000000
 20
101.183514399
 30
0.000000000
 10
105.000000000
 20
101.127470873
 30
0.000000000
 10
105.000000000
 20
101.064758139
 30
0.000000000
 10
105.000000000
 20
101.002045404
 30
0.000000000
 10
105.000000000
 20
100.933452110
 30
0.000000000
 10
105.000000000
 20
100.864858816
 30
0.000000000
 10
105.000000000
 20
100.791247563
 30
0.000000000
 10
105.000000000
 20
100.717636310
 30
0.000000000
 10
105.000000000
 20
100.563976353
 30
0.000000000
 10
105.000000000
 20
100.400592102
 30
0.000000000
 10
105.000000000
 20
100.235349668
 30
0.000000000
 10
105.000000000
 20
100.066810701
 30
0.000000000
  0
LINE
  5
A89
330
A02
100
AcDbEntity
  8
View
100
AcDbLine
 10
105.000000000
 20
122.166810701
 30
0.000000000
 11
105.000000000
 21
108.666810701
 31
0.000000000
  0
SPLINE
  5
A8A
330
A02
100
AcDbEntity
  8
View
100
AcDbSpline
210
0
220
0
230
1
 70
8
 71
2
 72
28
 73
25
 74
0
 40
1.570796327
 40
1.570796327
 40
1.570796327
 40
1.907395540
 40
1.907395540
 40
2.019595277
 40
2.019595277
 40
2.131795015
 40
2.131795015
 40
2.243994753
 40
2.243994753
 40
2.356194490
 40
2.356194490
 40
2.468394228
 40
2.468394228
 40
2.580593965
 40
2.580593965
 40
2.692793703
 40
2.692793703
 40
2.804993441
 40
2.804993441
 40
2.917193178
 40
2.917193178
 40
3.029392916
 40
3.029392916
 40
3.141592654
 40
3.141592654
 40
3.141592654
 10
105.000000000
 20
108.666810701
 30
0.000000000
 10
105.000000000
 20
108.412674856
 30
0.000000000
 10
105.000000000
 20
108.171392108
 30
0.000000000
 10
105.000000000
 20
108.093688600
 30
0.000000000
 10
105.000000000
 20
108.015985093
 30
0.000000000
 10
105.000000000
 20
107.942373840
 30
0.000000000
 10
105.000000000
 20
107.868762586
 30
0.000000000
 10
105.000000000
 20
107.800169292
 30
0.000000000
 10
105.000000000
 20
107.731575998
 30
0.000000000
 10
105.000000000
 20
107.668863264
 30
0.000000000
 10
105.000000000
 20
107.606150529
 30
0.000000000
 10
105.000000000
 20
107.550107004
 30
0.000000000
 10
105.000000000
 20
107.494063478
 30
0.000000000
 10
105.000000000
 20
107.445393940
 30
0.000000000
 10
105.000000000
 20
107.396724402
 30
0.000000000
 10
105.000000000
 20
107.356040901
 30
0.000000000
 10
105.000000000
 20
107.315357399
 30
0.000000000
 10
105.000000000
 20
107.283171553
 30
0.000000000
 10
105.000000000
 20
107.250985706
 30
0.000000000
 10
105.000000000
 20
107.227702269
 30
0.000000000
 10
105.000000000
 20
107.204418833
 30
0.000000000
 10
105.000000000
 20
107.190330610
 30
0.000000000
 10
105.000000000
 20
107.176242386
 30
0.000000000
 10
105.000000000
 20
107.171526544
 30
0.000000000
 10
105.000000000
 20
107.166810701
 30
0.000000000
  0
SPLINE
  5
A8B
330
A02
100
AcDbEntity
  8
View
100
AcDbSpline
210
0
220
0
230
1
 70
8
 71
2
 72
28
 73
25
 74
0
 40
3.141592654
 40
3.141592654
 40
3.141592654
 40
3.253792391
 40
3.253792391
 40
3.365992129
 40
3.365992129
 40
3.478191866
 40
3.478191866
 40
3.590391604
 40
3.590391604
 40
3.702591342
 40
3.702591342
 40
3.814791079
 40
3.814791079
 40
3.926990817
 40
3.926990817
 40
4.039190555
 40
4.039190555
 40
4.151390292
 40
4.151390292
 40
4.263590030
 40
4.263590030
 40
4.487989505
 40
4.487989505
 40
4.712388980
 40
4.712388980
 40
4.712388980
 10
105.000000000
 20
107.166810701
 30
0.000000000
 10
105.000000000
 20
107.171526544
 30
0.000000000
 10
105.000000000
 20
107.176242386
 30
0.000000000
 10
105.000000000
 20
107.190330610
 30
0.000000000
 10
105.000000000
 20
107.204418833
 30
0.000000000
 10
105.000000000
 20
107.227702269
 30
0.000000000
 10
105.000000000
 20
107.250985706
 30
0.000000000
 10
105.000000000
 20
107.283171553
 30
0.000000000
 10
105.000000000
 20
107.315357399
 30
0.000000000
 10
105.000000000
 20
107.356040901
 30
0.000000000
 10
105.000000000
 20
107.396724402
 30
0.000000000
 10
105.000000000
 20
107.445393940
 30
0.000000000
 10
105.000000000
 20
107.494063478
 30
0.000000000
 10
105.000000000
 20
107.550107004
 30
0.000000000
 10
105.000000000
 20
107.606150529
 30
0.000000000
 10
105.000000000
 20
107.668863264
 30
0.000000000
 10
105.000000000
 20
107.731575998
 30
0.000000000
 10
105.000000000
 20
107.800169292
 30
0.000000000
 10
105.000000000
 20
107.868762586
 30
0.000000000
 10
105.000000000
 20
107.942373840
 30
0.000000000
 10
105.000000000
 20
108.015985093
 30
0.000000000
 10
105.000000000
 20
108.169645050
 30
0.000000000
 10
105.000000000
 20
108.333029300
 30
0.000000000
 10
105.000000000
 20
108.498271735
 30
0.000000000
 10
105.000000000
 20
108.666810701
 30
0.000000000
  0
LINE
  5
A8C
330
A02
100
AcDbEntity
  8
View
100
AcDbLine
 10
105.000000000
 20
108.666810701
 30
0.000000000
 11
105.000000000
 21
122.166810701
 31
0.000000000
  0
SPLINE
  5
A8D
330
A02
100
AcDbEntity
  8
View
100
AcDbSpline
210
0
220
0
230
1
 70
8
 71
2
 72
28
 73
25
 74
0
 40
4.712388980
 40
4.712388980
 40
4.712388980
 40
4.936788456
 40
4.936788456
 40
5.161187931
 40
5.161187931
 40
5.273387669
 40
5.273387669
 40
5.385587406
 40
5.385587406
 40
5.497787144
 40
5.497787144
 40
5.609986881
 40
5.609986881
 40
5.722186619
 40
5.722186619
 40
5.834386357
 40
5.834386357
 40
5.946586094
 40
5.946586094
 40
6.058785832
 40
6.058785832
 40
6.170985570
 40
6.170985570
 40
6.283185307
 40
6.283185307
 40
6.283185307
 10
105.000000000
 20
122.166810701
 30
0.000000000
 10
105.000000000
 20
122.335349668
 30
0.000000000
 10
105.000000000
 20
122.500592102
 30
0.000000000
 10
105.000000000
 20
122.663976353
 30
0.000000000
 10
105.000000000
 20
122.817636310
 30
0.000000000
 10
105.000000000
 20
122.891247563
 30
0.000000000
 10
105.000000000
 20
122.964858816
 30
0.000000000
 10
105.000000000
 20
123.033452110
 30
0.000000000
 10
105.000000000
 20
123.102045404
 30
0.000000000
 10
105.000000000
 20
123.164758139
 30
0.000000000
 10
105.000000000
 20
123.227470873
 30
0.000000000
 10
105.000000000
 20
123.283514399
 30
0.000000000
 10
105.000000000
 20
123.339557925
 30
0.000000000
 10
105.000000000
 20
123.388227463
 30
0.000000000
 10
105.000000000
 20
123.436897000
 30
0.000000000
 10
105.000000000
 20
123.477580502
 30
0.000000000
 10
105.000000000
 20
123.518264003
 30
0.000000000
 10
105.000000000
 20
123.550449850
 30
0.000000000
 10
105.000000000
 20
123.582635697
 30
0.000000000
 10
105.000000000
 20
123.605919133
 30
0.000000000
 10
105.000000000
 20
123.629202570
 30
0.000000000
 10
105.000000000
 20
123.643290793
 30
0.000000000
 10
105.000000000
 20
123.657379016
 30
0.000000000
 10
105.000000000
 20
123.662094859
 30
0.000000000
 10
105.000000000
 20
123.666810701
 30
0.000000000
  0
SPLINE
  5
A8E
330
A02
100
AcDbEntity
  8
View
100
AcDbSpline
210
0
220
0
230
1
 70
8
 71
2
 72
28
 73
25
 74
0
 40
6.283185307
 40
6.283185307
 40
6.283185307
 40
6.395385045
 40
6.395385045
 40
6.507584782
 40
6.507584782
 40
6.619784520
 40
6.619784520
 40
6.731984258
 40
6.731984258
 40
6.844183995
 40
6.844183995
 40
6.956383733
 40
6.956383733
 40
7.068583471
 40
7.068583471
 40
7.180783208
 40
7.180783208
 40
7.292982946
 40
7.292982946
 40
7.405182683
 40
7.405182683
 40
7.517382421
 40
7.517382421
 40
7.853981634
 40
7.853981634
 40
7.853981634
 10
105.000000000
 20
123.666810701
 30
0.000000000
 10
105.000000000
 20
123.662094859
 30
0.000000000
 10
105.000000000
 20
123.657379016
 30
0.000000000
 10
105.000000000
 20
123.643290793
 30
0.000000000
 10
105.000000000
 20
123.629202570
 30
0.000000000
 10
105.000000000
 20
123.605919133
 30
0.000000000
 10
105.000000000
 20
123.582635697
 30
0.000000000
 10
105.000000000
 20
123.550449850
 30
0.000000000
 10
105.000000000
 20
123.518264003
 30
0.000000000
 10
105.000000000
 20
123.477580502
 30
0.000000000
 10
105.000000000
 20
123.436897000
 30
0.000000000
 10
105.000000000
 20
123.388227463
 30
0.000000000
 10
105.000000000
 20
123.339557925
 30
0.000000000
 10
105.000000000
 20
123.283514399
 30
0.000000000
 10
105.000000000
 20
123.227470873
 30
0.000000000
 10
105.000000000
 20
123.164758139
 30
0.000000000
 10
105.000000000
 20
123.102045404
 30
0.000000000
 10
105.000000000
 20
123.033452110
 30
0.000000000
 10
105.000000000
 20
122.964858816
 30
0.000000000
 10
105.000000000
 20
122.891247563
 30
0.000000000
 10
105.000000000
 20
122.817636310
 30
0.000000000
 10
105.000000000
 20
122.739932802
 30
0.000000000
 10
105.000000000
 20
122.662229294
 30
0.000000000
 10
105.000000000
 20
122.420946546
 30
0.000000000
 10
105.000000000
 20
122.166810701
 30
0.000000000
  0
CIRCLE
  5
A8F
330
A02
100
AcDbEntity
  8
View
100
AcDbCircle
 10
112.000000000
 20
82.966810701
 30
0.000000000
 40
2.650000000
  0
CIRCLE
  5
A90
330
A02
100
AcDbEntity
  8
View
100
AcDbCircle
 10
168.000000000
 20
82.966810701
 30
0.000000000
 40
2.650000000
  0
CIRCLE
  5
A91
330
A02
100
AcDbEntity
  8
View
100
AcDbCircle
 10
112.000000000
 20
141.966810701
 30
0.000000000
 40
2.650000000
  0
CIRCLE
  5
A92
330
A02
100
AcDbEntity
  8
View
100
AcDbCircle
 10
112.000000000
 20
149.966810701
 30
0.000000000
 40
2.650000000
  0
CIRCLE
  5
A93
330
A02
100
AcDbEntity
  8
View
100
AcDbCircle
 10
168.000000000
 20
141.966810701
 30
0.000000000
 40
2.650000000
  0
CIRCLE
  5
A94
330
A02
100
AcDbEntity
  8
View
100
AcDbCircle
 10
168.000000000
 20
149.966810701
 30
0.000000000
 40
2.650000000
  0
CIRCLE
  5
A95
330
A02
100
AcDbEntity
  8
View
100
AcDbCircle
 10
112.000000000
 20
82.966810701
 30
0.000000000
 40
1.350000000
  0
CIRCLE
  5
A96
330
A02
100
AcDbEntity
  8
View
100
AcDbCircle
 10
168.000000000
 20
82.966810701
 30
0.000000000
 40
1.350000000
  0
CIRCLE
  5
A97
330
A02
100
AcDbEntity
  8
View
100
AcDbCircle
 10
112.000000000
 20
141.966810701
 30
0.000000000
 40
1.350000000
  0
CIRCLE
  5
A98
330
A02
100
AcDbEntity
  8
View
100
AcDbCircle
 10
112.000000000
 20
149.966810701
 30
0.000000000
 40
1.350000000
  0
CIRCLE
  5
A99
330
A02
100
AcDbEntity
  8
View
100
AcDbCircle
 10
168.000000000
 20
141.966810701
 30
0.000000000
 40
1.350000000
  0
CIRCLE
  5
A9A
330
A02
100
AcDbEntity
  8
View
100
AcDbCircle
 10
168.000000000
 20
149.966810701
 30
0.000000000
 40
1.350000000
  0
CIRCLE
  5
A9B
330
A02
100
AcDbEntity
  8
View
100
AcDbCircle
 10
112.000000000
 20
82.966810701
 30
0.000000000
 40
1.350000000
  0
CIRCLE
  5
A9C
330
A02
100
AcDbEntity
  8
View
100
AcDbCircle
 10
168.000000000
 20
82.966810701
 30
0.000000000
 40
1.350000000
  0
CIRCLE
  5
A9D
330
A02
100
AcDbEntity
  8
View
100
AcDbCircle
 10
112.000000000
 20
141.966810701
 30
0.000000000
 40
1.350000000
  0
CIRCLE
  5
A9E
330
A02
100
AcDbEntity
  8
View
100
AcDbCircle
 10
112.000000000
 20
149.966810701
 30
0.000000000
 40
1.350000000
  0
CIRCLE
  5
A9F
330
A02
100
AcDbEntity
  8
View
100
AcDbCircle
 10
168.000000000
 20
141.966810701
 30
0.000000000
 40
1.350000000
  0
CIRCLE
  5
AA0
330
A02
100
AcDbEntity
  8
View
100
AcDbCircle
 10
168.000000000
 20
149.966810701
 30
0.000000000
 40
1.350000000
  0
LINE
  5
AA1
330
A02
100
AcDbEntity
  8
View
100
AcDbLine
 10
105.000000000
 20
123.666810701
 30
0.000000000
 11
107.500000000
 21
123.666810701
 31
0.000000000
  0
LINE
  5
AA2
330
A02
100
AcDbEntity
  8
View
100
AcDbLine
 10
105.000000000
 20
107.166810701
 30
0.000000000
 11
107.500000000
 21
107.166810701
 31
0.000000000
  0
LINE
  5
AA3
330
A02
100
AcDbEntity
  8
View
100
AcDbLine
 10
105.000000000
 20
137.216810701
 30
0.000000000
 11
107.500000000
 21
137.216810701
 31
0.000000000
  0
LINE
  5
AA4
330
A02
100
AcDbEntity
  8
View
100
AcDbLine
 10
105.000000000
 20
126.716810701
 30
0.000000000
 11
107.500000000
 21
126.716810701
 31
0.000000000
  0
LINE
  5
AA5
330
A02
100
AcDbEntity
  8
View
100
AcDbLine
 10
105.000000000
 20
101.566810701
 30
0.000000000
 11
107.500000000
 21
101.566810701
 31
0.000000000
  0
LINE
  5
AA6
330
A02
100
AcDbEntity
  8
View
100
AcDbLine
 10
105.000000000
 20
95.566810701
 30
0.000000000
 11
107.500000000
 21
95.566810701
 31
0.000000000
  0
LINE
  5
AA7
330
A02
100
AcDbEntity
  8
SectionView
100
AcDbLine
 10
55.500000000
 20
65.966810701
 30
0.000000000
 11
44.500000000
 21
65.966810701
 31
0.000000000
  0
SPLINE
  5
AA8
330
A02
100
AcDbEntity
  8
SectionView
100
AcDbSpline
210
0
220
0
230
1
 70
8
 71
3
 72
41
 73
37
 74
0
 40
1.570796327
 40
1.570796327
 40
1.570796327
 40
1.570796327
 40
1.907395540
 40
1.907395540
 40
1.907395540
 40
2.019595277
 40
2.019595277
 40
2.019595277
 40
2.131795015
 40
2.131795015
 40
2.131795015
 40
2.243994753
 40
2.243994753
 40
2.243994753
 40
2.356194490
 40
2.356194490
 40
2.356194490
 40
2.468394228
 40
2.468394228
 40
2.468394228
 40
2.580593965
 40
2.580593965
 40
2.580593965
 40
2.692793703
 40
2.692793703
 40
2.692793703
 40
2.804993441
 40
2.804993441
 40
2.804993441
 40
2.917193178
 40
2.917193178
 40
2.917193178
 40
3.029392916
 40
3.029392916
 40
3.029392916
 40
3.141592654
 40
3.141592654
 40
3.141592654
 40
3.141592654
 10
44.500000000
 20
156.466810701
 30
0.000000000
 10
44.500000000
 20
156.691507115
 30
0.000000000
 10
44.500000000
 20
156.914097386
 30
0.000000000
 10
44.500000000
 20
157.127368825
 30
0.000000000
 10
44.500000000
 20
157.196438610
 30
0.000000000
 10
44.500000000
 20
157.265508395
 30
0.000000000
 10
44.500000000
 20
157.334578180
 30
0.000000000
 10
44.500000000
 20
157.400010404
 30
0.000000000
 10
44.500000000
 20
157.465442629
 30
0.000000000
 10
44.500000000
 20
157.530874854
 30
0.000000000
 10
44.500000000
 20
157.591846671
 30
0.000000000
 10
44.500000000
 20
157.652818488
 30
0.000000000
 10
44.500000000
 20
157.713790305
 30
0.000000000
 10
44.500000000
 20
157.769534958
 30
0.000000000
 10
44.500000000
 20
157.825279611
 30
0.000000000
 10
44.500000000
 20
157.881024264
 30
0.000000000
 10
44.500000000
 20
157.930840731
 30
0.000000000
 10
44.500000000
 20
157.980657199
 30
0.000000000
 10
44.500000000
 20
158.030473666
 30
0.000000000
 10
44.500000000
 20
158.073735477
 30
0.000000000
 10
44.500000000
 20
158.116997289
 30
0.000000000
 10
44.500000000
 20
158.160259100
 30
0.000000000
 10
44.500000000
 20
158.196422212
 30
0.000000000
 10
44.500000000
 20
158.232585325
 30
0.000000000
 10
44.500000000
 20
158.268748437
 30
0.000000000
 10
44.500000000
 20
158.297358079
 30
0.000000000
 10
44.500000000
 20
158.325967720
 30
0.000000000
 10
44.500000000
 20
158.354577362
 30
0.000000000
 10
44.500000000
 20
158.375273750
 30
0.000000000
 10
44.500000000
 20
158.395970138
 30
0.000000000
 10
44.500000000
 20
158.416666526
 30
0.000000000
 10
44.500000000
 20
158.429189391
 30
0.000000000
 10
44.500000000
 20
158.441712256
 30
0.000000000
 10
44.500000000
 20
158.454235121
 30
0.000000000
 10
44.500000000
 20
158.458426981
 30
0.000000000
 10
44.500000000
 20
158.462618841
 30
0.000000000
 10
44.500000000
 20
158.466810701
 30
0.000000000
  0
LINE
  5
AA9
330
A02
100
AcDbEntity
  8
SectionView
100
AcDbLine
 10
44.500000000
 20
156.466810701
 30
0.000000000
 11
44.500000000
 21
67.966810701
 31
0.000000000
  0
SPLINE
  5
AAA
330
A02
100
AcDbEntity
  8
SectionView
100
AcDbSpline
210
0
220
0
230
1
 70
8
 71
2
 72
30
 73
27
 74
0
 40
3.141592654
 40
3.141592654
 40
3.141592654
 40
3.253792391
 40
3.253792391
 40
3.365992129
 40
3.365992129
 40
3.478191866
 40
3.478191866
 40
3.590391604
 40
3.590391604
 40
3.702591342
 40
3.702591342
 40
3.814791079
 40
3.814791079
 40
3.926990817
 40
3.926990817
 40
4.039190555
 40
4.039190555
 40
4.151390292
 40
4.151390292
 40
4.263590030
 40
4.263590030
 40
4.375789768
 40
4.375789768
 40
4.487989505
 40
4.487989505
 40
4.712388980
 40
4.712388980
 40
4.712388980
 10
44.500000000
 20
65.966810701
 30
0.000000000
 10
44.500000000
 20
65.973098491
 30
0.000000000
 10
44.500000000
 20
65.979386281
 30
0.000000000
 10
44.500000000
 20
65.998170579
 30
0.000000000
 10
44.500000000
 20
66.016954877
 30
0.000000000
 10
44.500000000
 20
66.047999459
 30
0.000000000
 10
44.500000000
 20
66.079044041
 30
0.000000000
 10
44.500000000
 20
66.121958503
 30
0.000000000
 10
44.500000000
 20
66.164872965
 30
0.000000000
 10
44.500000000
 20
66.219117634
 30
0.000000000
 10
44.500000000
 20
66.273362303
 30
0.000000000
 10
44.500000000
 20
66.338255020
 30
0.000000000
 10
44.500000000
 20
66.403147736
 30
0.000000000
 10
44.500000000
 20
66.477872438
 30
0.000000000
 10
44.500000000
 20
66.552597139
 30
0.000000000
 10
44.500000000
 20
66.636214118
 30
0.000000000
 10
44.500000000
 20
66.719831098
 30
0.000000000
 10
44.500000000
 20
66.811288823
 30
0.000000000
 10
44.500000000
 20
66.902746548
 30
0.000000000
 10
44.500000000
 20
67.000894886
 30
0.000000000
 10
44.500000000
 20
67.099043223
 30
0.000000000
 10
44.500000000
 20
67.202647900
 30
0.000000000
 10
44.500000000
 20
67.306252577
 30
0.000000000
 10
44.500000000
 20
67.414010705
 30
0.000000000
 10
44.500000000
 20
67.521768833
 30
0.000000000
 10
44.500000000
 20
67.742092080
 30
0.000000000
 10
44.500000000
 20
67.966810701
 30
0.000000000
  0
SPLINE
  5
AAB
330
A02
100
AcDbEntity
  8
SectionView
100
AcDbSpline
210
0
220
0
230
1
 70
8
 71
2
 72
30
 73
27
 74
0
 40
3.141592654
 40
3.141592654
 40
3.141592654
 40
3.253792391
 40
3.253792391
 40
3.365992129
 40
3.365992129
 40
3.478191866
 40
3.478191866
 40
3.590391604
 40
3.590391604
 40
3.702591342
 40
3.702591342
 40
3.814791079
 40
3.814791079
 40
3.926990817
 40
3.926990817
 40
4.039190555
 40
4.039190555
 40
4.151390292
 40
4.151390292
 40
4.263590030
 40
4.263590030
 40
4.375789768
 40
4.375789768
 40
4.487989505
 40
4.487989505
 40
4.712388980
 40
4.712388980
 40
4.712388980
 10
55.500000000
 20
65.966810701
 30
0.000000000
 10
55.500000000
 20
65.973098491
 30
0.000000000
 10
55.500000000
 20
65.979386281
 30
0.000000000
 10
55.500000000
 20
65.998170579
 30
0.000000000
 10
55.500000000
 20
66.016954877
 30
0.000000000
 10
55.500000000
 20
66.047999459
 30
0.000000000
 10
55.500000000
 20
66.079044041
 30
0.000000000
 10
55.500000000
 20
66.121958503
 30
0.000000000
 10
55.500000000
 20
66.164872965
 30
0.000000000
 10
55.500000000
 20
66.219117634
 30
0.000000000
 10
55.500000000
 20
66.273362303
 30
0.000000000
 10
55.500000000
 20
66.338255020
 30
0.000000000
 10
55.500000000
 20
66.403147736
 30
0.000000000
 10
55.500000000
 20
66.477872438
 30
0.000000000
 10
55.500000000
 20
66.552597139
 30
0.000000000
 10
55.500000000
 20
66.636214118
 30
0.000000000
 10
55.500000000
 20
66.719831098
 30
0.000000000
 10
55.500000000
 20
66.811288823
 30
0.000000000
 10
55.500000000
 20
66.902746548
 30
0.000000000
 10
55.500000000
 20
67.000894886
 30
0.000000000
 10
55.500000000
 20
67.099043223
 30
0.000000000
 10
55.500000000
 20
67.202647900
 30
0.000000000
 10
55.500000000
 20
67.306252577
 30
0.000000000
 10
55.500000000
 20
67.414010705
 30
0.000000000
 10
55.500000000
 20
67.521768833
 30
0.000000000
 10
55.500000000
 20
67.742092080
 30
0.000000000
 10
55.500000000
 20
67.966810701
 30
0.000000000
  0
LINE
  5
AAC
330
A02
100
AcDbEntity
  8
SectionView
100
AcDbLine
 10
55.500000000
 20
156.466810701
 30
0.000000000
 11
55.500000000
 21
67.966810701
 31
0.000000000
  0
SPLINE
  5
AAD
330
A02
100
AcDbEntity
  8
SectionView
100
AcDbSpline
210
0
220
0
230
1
 70
8
 71
3
 72
41
 73
37
 74
0
 40
1.570796327
 40
1.570796327
 40
1.570796327
 40
1.570796327
 40
1.907395540
 40
1.907395540
 40
1.907395540
 40
2.019595277
 40
2.019595277
 40
2.019595277
 40
2.131795015
 40
2.131795015
 40
2.131795015
 40
2.243994753
 40
2.243994753
 40
2.243994753
 40
2.356194490
 40
2.356194490
 40
2.356194490
 40
2.468394228
 40
2.468394228
 40
2.468394228
 40
2.580593965
 40
2.580593965
 40
2.580593965
 40
2.692793703
 40
2.692793703
 40
2.692793703
 40
2.804993441
 40
2.804993441
 40
2.804993441
 40
2.917193178
 40
2.917193178
 40
2.917193178
 40
3.029392916
 40
3.029392916
 40
3.029392916
 40
3.141592654
 40
3.141592654
 40
3.141592654
 40
3.141592654
 10
55.500000000
 20
156.466810701
 30
0.000000000
 10
55.500000000
 20
156.691507115
 30
0.000000000
 10
55.500000000
 20
156.914097386
 30
0.000000000
 10
55.500000000
 20
157.127368825
 30
0.000000000
 10
55.500000000
 20
157.196438610
 30
0.000000000
 10
55.500000000
 20
157.265508395
 30
0.000000000
 10
55.500000000
 20
157.334578180
 30
0.000000000
 10
55.500000000
 20
157.400010404
 30
0.000000000
 10
55.500000000
 20
157.465442629
 30
0.000000000
 10
55.500000000
 20
157.530874854
 30
0.000000000
 10
55.500000000
 20
157.591846671
 30
0.000000000
 10
55.500000000
 20
157.652818488
 30
0.000000000
 10
55.500000000
 20
157.713790305
 30
0.000000000
 10
55.500000000
 20
157.769534958
 30
0.000000000
 10
55.500000000
 20
157.825279611
 30
0.000000000
 10
55.500000000
 20
157.881024264
 30
0.000000000
 10
55.500000000
 20
157.930840731
 30
0.000000000
 10
55.500000000
 20
157.980657199
 30
0.000000000
 10
55.500000000
 20
158.030473666
 30
0.000000000
 10
55.500000000
 20
158.073735477
 30
0.000000000
 10
55.500000000
 20
158.116997289
 30
0.000000000
 10
55.500000000
 20
158.160259100
 30
0.000000000
 10
55.500000000
 20
158.196422212
 30
0.000000000
 10
55.500000000
 20
158.232585325
 30
0.000000000
 10
55.500000000
 20
158.268748437
 30
0.000000000
 10
55.500000000
 20
158.297358079
 30
0.000000000
 10
55.500000000
 20
158.325967720
 30
0.000000000
 10
55.500000000
 20
158.354577362
 30
0.000000000
 10
55.500000000
 20
158.375273750
 30
0.000000000
 10
55.500000000
 20
158.395970138
 30
0.000000000
 10
55.500000000
 20
158.416666526
 30
0.000000000
 10
55.500000000
 20
158.429189391
 30
0.000000000
 10
55.500000000
 20
158.441712256
 30
0.000000000
 10
55.500000000
 20
158.454235121
 30
0.000000000
 10
55.500000000
 20
158.458426981
 30
0.000000000
 10
55.500000000
 20
158.462618841
 30
0.000000000
 10
55.500000000
 20
158.466810701
 30
0.000000000
  0
LINE
  5
AAE
330
A02
100
AcDbEntity
  8
SectionView
100
AcDbLine
 10
44.500000000
 20
158.466810701
 30
0.000000000
 11
55.500000000
 21
158.466810701
 31
0.000000000
  0
LINE
  5
AAF
330
A02
100
AcDbEntity
  8
SectionView
100
AcDbLine
 10
47.000000000
 20
135.216810701
 30
0.000000000
 11
47.000000000
 21
128.716810701
 31
0.000000000
  0
ARC
  5
AB0
330
A02
100
AcDbEntity
  8
SectionView
100
AcDbCircle
 10
49.000000000
 20
128.716810701
 30
0.000000000
 40
2.000000000
100
AcDbArc
 50
180.000000000
 51
0.000000000
  0
LINE
  5
AB1
330
A02
100
AcDbEntity
  8
SectionView
100
AcDbLine
 10
51.000000000
 20
128.716810701
 30
0.000000000
 11
51.000000000
 21
135.216810701
 31
0.000000000
  0
ARC
  5
AB2
330
A02
100
AcDbEntity
  8
SectionView
100
AcDbCircle
 10
49.000000000
 20
135.216810701
 30
0.000000000
 40
2.000000000
100
AcDbArc
 50
0.000000000
 51
180.000000000
  0
LINE
  5
AB3
330
A02
100
AcDbEntity
  8
SectionView
100
AcDbLine
 10
48.550000000
 20
100.066810701
 30
0.000000000
 11
48.550000000
 21
97.066810701
 31
0.000000000
  0
ARC
  5
AB4
330
A02
100
AcDbEntity
  8
SectionView
100
AcDbCircle
 10
50.050000000
 20
97.066810701
 30
0.000000000
 40
1.500000000
100
AcDbArc
 50
180.000000000
 51
0.000000000
  0
LINE
  5
AB5
330
A02
100
AcDbEntity
  8
SectionView
100
AcDbLine
 10
51.550000000
 20
97.066810701
 30
0.000000000
 11
51.550000000
 21
100.066810701
 31
0.000000000
  0
ARC
  5
AB6
330
A02
100
AcDbEntity
  8
SectionView
100
AcDbCircle
 10
50.050000000
 20
100.066810701
 30
0.000000000
 40
1.500000000
100
AcDbArc
 50
0.000000000
 51
180.000000000
  0
LINE
  5
AB7
330
A02
100
AcDbEntity
  8
SectionView
100
AcDbLine
 10
47.000000000
 20
122.166810701
 30
0.000000000
 11
47.000000000
 21
108.666810701
 31
0.000000000
  0
ARC
  5
AB8
330
A02
100
AcDbEntity
  8
SectionView
100
AcDbCircle
 10
48.500000000
 20
108.666810701
 30
0.000000000
 40
1.500000000
100
AcDbArc
 50
180.000000000
 51
0.000000000
  0
LINE
  5
AB9
330
A02
100
AcDbEntity
  8
SectionView
100
AcDbLine
 10
50.000000000
 20
108.666810701
 30
0.000000000
 11
50.000000000
 21
122.166810701
 31
0.000000000
  0
ARC
  5
ABA
330
A02
100
AcDbEntity
  8
SectionView
100
AcDbCircle
 10
48.500000000
 20
122.166810701
 30
0.000000000
 40
1.500000000
100
AcDbArc
 50
0.000000000
 51
180.000000000
  0
LINE
  5
ABB
330
A02
100
AcDbEntity
  8
SectionView
100
AcDbLine
 10
55.500000000
 20
67.966810701
 30
0.000000000
 11
44.500000000
 21
67.966810701
 31
0.000000000
  0
LINE
  5
ABC
330
A02
100
AcDbEntity
  8
SectionView
100
AcDbLine
 10
44.500000000
 20
156.466810701
 30
0.000000000
 11
55.500000000
 21
156.466810701
 31
0.000000000
  0
LINE
  5
ABD
330
A02
100
AcDbEntity
  8
SectionView
100
AcDbLine
 10
53.500000000
 20
65.966810701
 30
0.000000000
 11
44.500000000
 21
65.966810701
 31
0.000000000
  0
LINE
  5
ABE
330
A02
100
AcDbEntity
  8
SectionView
100
AcDbLine
 10
55.500000000
 20
65.966810701
 30
0.000000000
 11
44.500000000
 21
65.966810701
 31
0.000000000
  0
LINE
  5
ABF
330
A02
100
AcDbEntity
  8
SectionView
100
AcDbLine
 10
53.500000000
 20
65.966810701
 30
0.000000000
 11
44.500000000
 21
65.966810701
 31
0.000000000
  0
SPLINE
  5
AC0
330
A02
100
AcDbEntity
  8
SectionView
100
AcDbSpline
210
0
220
0
230
1
 70
8
 71
3
 72
41
 73
37
 74
0
 40
1.570796327
 40
1.570796327
 40
1.570796327
 40
1.570796327
 40
1.907395540
 40
1.907395540
 40
1.907395540
 40
2.019595277
 40
2.019595277
 40
2.019595277
 40
2.131795015
 40
2.131795015
 40
2.131795015
 40
2.243994753
 40
2.243994753
 40
2.243994753
 40
2.356194490
 40
2.356194490
 40
2.356194490
 40
2.468394228
 40
2.468394228
 40
2.468394228
 40
2.580593965
 40
2.580593965
 40
2.580593965
 40
2.692793703
 40
2.692793703
 40
2.692793703
 40
2.804993441
 40
2.804993441
 40
2.804993441
 40
2.917193178
 40
2.917193178
 40
2.917193178
 40
3.029392916
 40
3.029392916
 40
3.029392916
 40
3.141592654
 40
3.141592654
 40
3.141592654
 40
3.141592654
 10
44.500000000
 20
156.466810701
 30
0.000000000
 10
44.500000000
 20
156.691507115
 30
0.000000000
 10
44.500000000
 20
156.914097386
 30
0.000000000
 10
44.500000000
 20
157.127368825
 30
0.000000000
 10
44.500000000
 20
157.196438610
 30
0.000000000
 10
44.500000000
 20
157.265508395
 30
0.000000000
 10
44.500000000
 20
157.334578180
 30
0.000000000
 10
44.500000000
 20
157.400010404
 30
0.000000000
 10
44.500000000
 20
157.465442629
 30
0.000000000
 10
44.500000000
 20
157.530874854
 30
0.000000000
 10
44.500000000
 20
157.591846671
 30
0.000000000
 10
44.500000000
 20
157.652818488
 30
0.000000000
 10
44.500000000
 20
157.713790305
 30
0.000000000
 10
44.500000000
 20
157.769534958
 30
0.000000000
 10
44.500000000
 20
157.825279611
 30
0.000000000
 10
44.500000000
 20
157.881024264
 30
0.000000000
 10
44.500000000
 20
157.930840731
 30
0.000000000
 10
44.500000000
 20
157.980657199
 30
0.000000000
 10
44.500000000
 20
158.030473666
 30
0.000000000
 10
44.500000000
 20
158.073735477
 30
0.000000000
 10
44.500000000
 20
158.116997289
 30
0.000000000
 10
44.500000000
 20
158.160259100
 30
0.000000000
 10
44.500000000
 20
158.196422212
 30
0.000000000
 10
44.500000000
 20
158.232585325
 30
0.000000000
 10
44.500000000
 20
158.268748437
 30
0.000000000
 10
44.500000000
 20
158.297358079
 30
0.000000000
 10
44.500000000
 20
158.325967720
 30
0.000000000
 10
44.500000000
 20
158.354577362
 30
0.000000000
 10
44.500000000
 20
158.375273750
 30
0.000000000
 10
44.500000000
 20
158.395970138
 30
0.000000000
 10
44.500000000
 20
158.416666526
 30
0.000000000
 10
44.500000000
 20
158.429189391
 30
0.000000000
 10
44.500000000
 20
158.441712256
 30
0.000000000
 10
44.500000000
 20
158.454235121
 30
0.000000000
 10
44.500000000
 20
158.458426981
 30
0.000000000
 10
44.500000000
 20
158.462618841
 30
0.000000000
 10
44.500000000
 20
158.466810701
 30
0.000000000
  0
LINE
  5
AC1
330
A02
100
AcDbEntity
  8
SectionView
100
AcDbLine
 10
44.500000000
 20
156.466810701
 30
0.000000000
 11
44.500000000
 21
67.966810701
 31
0.000000000
  0
SPLINE
  5
AC2
330
A02
100
AcDbEntity
  8
SectionView
100
AcDbSpline
210
0
220
0
230
1
 70
8
 71
2
 72
30
 73
27
 74
0
 40
3.141592654
 40
3.141592654
 40
3.141592654
 40
3.253792391
 40
3.253792391
 40
3.365992129
 40
3.365992129
 40
3.478191866
 40
3.478191866
 40
3.590391604
 40
3.590391604
 40
3.702591342
 40
3.702591342
 40
3.814791079
 40
3.814791079
 40
3.926990817
 40
3.926990817
 40
4.039190555
 40
4.039190555
 40
4.151390292
 40
4.151390292
 40
4.263590030
 40
4.263590030
 40
4.375789768
 40
4.375789768
 40
4.487989505
 40
4.487989505
 40
4.712388980
 40
4.712388980
 40
4.712388980
 10
44.500000000
 20
65.966810701
 30
0.000000000
 10
44.500000000
 20
65.973098491
 30
0.000000000
 10
44.500000000
 20
65.979386281
 30
0.000000000
 10
44.500000000
 20
65.998170579
 30
0.000000000
 10
44.500000000
 20
66.016954877
 30
0.000000000
 10
44.500000000
 20
66.047999459
 30
0.000000000
 10
44.500000000
 20
66.079044041
 30
0.000000000
 10
44.500000000
 20
66.121958503
 30
0.000000000
 10
44.500000000
 20
66.164872965
 30
0.000000000
 10
44.500000000
 20
66.219117634
 30
0.000000000
 10
44.500000000
 20
66.273362303
 30
0.000000000
 10
44.500000000
 20
66.338255020
 30
0.000000000
 10
44.500000000
 20
66.403147736
 30
0.000000000
 10
44.500000000
 20
66.477872438
 30
0.000000000
 10
44.500000000
 20
66.552597139
 30
0.000000000
 10
44.500000000
 20
66.636214118
 30
0.000000000
 10
44.500000000
 20
66.719831098
 30
0.000000000
 10
44.500000000
 20
66.811288823
 30
0.000000000
 10
44.500000000
 20
66.902746548
 30
0.000000000
 10
44.500000000
 20
67.000894886
 30
0.000000000
 10
44.500000000
 20
67.099043223
 30
0.000000000
 10
44.500000000
 20
67.202647900
 30
0.000000000
 10
44.500000000
 20
67.306252577
 30
0.000000000
 10
44.500000000
 20
67.414010705
 30
0.000000000
 10
44.500000000
 20
67.521768833
 30
0.000000000
 10
44.500000000
 20
67.742092080
 30
0.000000000
 10
44.500000000
 20
67.966810701
 30
0.000000000
  0
LINE
  5
AC3
330
A02
100
AcDbEntity
  8
SectionView
100
AcDbLine
 10
44.500000000
 20
65.966810701
 30
0.000000000
 11
44.500000000
 21
155.966810701
 31
0.000000000
  0
LINE
  5
AC4
330
A02
100
AcDbEntity
  8
SectionView
100
AcDbLine
 10
44.500000000
 20
155.966810701
 30
0.000000000
 11
44.500000000
 21
65.966810701
 31
0.000000000
  0
LINE
  5
AC5
330
A02
100
AcDbEntity
  8
SectionView
100
AcDbLine
 10
53.500000000
 20
65.966810701
 30
0.000000000
 11
53.500000000
 21
155.966810701
 31
0.000000000
  0
LINE
  5
AC6
330
A02
100
AcDbEntity
  8
SectionView
100
AcDbLine
 10
53.500000000
 20
155.966810701
 30
0.000000000
 11
44.500000000
 21
155.966810701
 31
0.000000000
  0
LINE
  5
AC7
330
A02
100
AcDbEntity
  8
SectionView
100
AcDbLine
 10
47.000000000
 20
108.666810701
 30
0.000000000
 11
47.000000000
 21
122.166810701
 31
0.000000000
  0
ARC
  5
AC8
330
A02
100
AcDbEntity
  8
SectionView
100
AcDbCircle
 10
48.500000000
 20
122.166810701
 30
0.000000000
 40
1.500000000
100
AcDbArc
 50
0.000000000
 51
180.000000000
  0
LINE
  5
AC9
330
A02
100
AcDbEntity
  8
SectionView
100
AcDbLine
 10
50.000000000
 20
122.166810701
 30
0.000000000
 11
50.000000000
 21
108.666810701
 31
0.000000000
  0
ARC
  5
ACA
330
A02
100
AcDbEntity
  8
SectionView
100
AcDbCircle
 10
48.500000000
 20
108.666810701
 30
0.000000000
 40
1.500000000
100
AcDbArc
 50
180.000000000
 51
0.000000000
  0
LINE
  5
ACB
330
A02
100
AcDbEntity
  8
SectionView
100
AcDbLine
 10
47.000000000
 20
128.716810701
 30
0.000000000
 11
47.000000000
 21
135.216810701
 31
0.000000000
  0
ARC
  5
ACC
330
A02
100
AcDbEntity
  8
SectionView
100
AcDbCircle
 10
49.000000000
 20
135.216810701
 30
0.000000000
 40
2.000000000
100
AcDbArc
 50
0.000000000
 51
180.000000000
  0
LINE
  5
ACD
330
A02
100
AcDbEntity
  8
SectionView
100
AcDbLine
 10
51.000000000
 20
135.216810701
 30
0.000000000
 11
51.000000000
 21
128.716810701
 31
0.000000000
  0
ARC
  5
ACE
330
A02
100
AcDbEntity
  8
SectionView
100
AcDbCircle
 10
49.000000000
 20
128.716810701
 30
0.000000000
 40
2.000000000
100
AcDbArc
 50
180.000000000
 51
0.000000000
  0
LINE
  5
ACF
330
A02
100
AcDbEntity
  8
SectionView
100
AcDbLine
 10
48.550000000
 20
97.066810701
 30
0.000000000
 11
48.550000000
 21
100.066810701
 31
0.000000000
  0
ARC
  5
AD0
330
A02
100
AcDbEntity
  8
SectionView
100
AcDbCircle
 10
50.050000000
 20
100.066810701
 30
0.000000000
 40
1.500000000
100
AcDbArc
 50
0.000000000
 51
180.000000000
  0
LINE
  5
AD1
330
A02
100
AcDbEntity
  8
SectionView
100
AcDbLine
 10
51.550000000
 20
100.066810701
 30
0.000000000
 11
51.550000000
 21
97.066810701
 31
0.000000000
  0
ARC
  5
AD2
330
A02
100
AcDbEntity
  8
SectionView
100
AcDbCircle
 10
50.050000000
 20
97.066810701
 30
0.000000000
 40
1.500000000
100
AcDbArc
 50
180.000000000
 51
0.000000000
  0
SPLINE
  5
AD3
330
A02
100
AcDbEntity
  8
SectionView
100
AcDbSpline
210
0
220
0
230
1
 70
8
 71
3
 72
41
 73
37
 74
0
 40
1.570796327
 40
1.570796327
 40
1.570796327
 40
1.570796327
 40
1.907395540
 40
1.907395540
 40
1.907395540
 40
2.019595277
 40
2.019595277
 40
2.019595277
 40
2.131795015
 40
2.131795015
 40
2.131795015
 40
2.243994753
 40
2.243994753
 40
2.243994753
 40
2.356194490
 40
2.356194490
 40
2.356194490
 40
2.468394228
 40
2.468394228
 40
2.468394228
 40
2.580593965
 40
2.580593965
 40
2.580593965
 40
2.692793703
 40
2.692793703
 40
2.692793703
 40
2.804993441
 40
2.804993441
 40
2.804993441
 40
2.917193178
 40
2.917193178
 40
2.917193178
 40
3.029392916
 40
3.029392916
 40
3.029392916
 40
3.141592654
 40
3.141592654
 40
3.141592654
 40
3.141592654
 10
55.500000000
 20
156.466810701
 30
0.000000000
 10
55.500000000
 20
156.691507115
 30
0.000000000
 10
55.500000000
 20
156.914097386
 30
0.000000000
 10
55.500000000
 20
157.127368825
 30
0.000000000
 10
55.500000000
 20
157.196438610
 30
0.000000000
 10
55.500000000
 20
157.265508395
 30
0.000000000
 10
55.500000000
 20
157.334578180
 30
0.000000000
 10
55.500000000
 20
157.400010404
 30
0.000000000
 10
55.500000000
 20
157.465442629
 30
0.000000000
 10
55.500000000
 20
157.530874854
 30
0.000000000
 10
55.500000000
 20
157.591846671
 30
0.000000000
 10
55.500000000
 20
157.652818488
 30
0.000000000
 10
55.500000000
 20
157.713790305
 30
0.000000000
 10
55.500000000
 20
157.769534958
 30
0.000000000
 10
55.500000000
 20
157.825279611
 30
0.000000000
 10
55.500000000
 20
157.881024264
 30
0.000000000
 10
55.500000000
 20
157.930840731
 30
0.000000000
 10
55.500000000
 20
157.980657199
 30
0.000000000
 10
55.500000000
 20
158.030473666
 30
0.000000000
 10
55.500000000
 20
158.073735477
 30
0.000000000
 10
55.500000000
 20
158.116997289
 30
0.000000000
 10
55.500000000
 20
158.160259100
 30
0.000000000
 10
55.500000000
 20
158.196422212
 30
0.000000000
 10
55.500000000
 20
158.232585325
 30
0.000000000
 10
55.500000000
 20
158.268748437
 30
0.000000000
 10
55.500000000
 20
158.297358079
 30
0.000000000
 10
55.500000000
 20
158.325967720
 30
0.000000000
 10
55.500000000
 20
158.354577362
 30
0.000000000
 10
55.500000000
 20
158.375273750
 30
0.000000000
 10
55.500000000
 20
158.395970138
 30
0.000000000
 10
55.500000000
 20
158.416666526
 30
0.000000000
 10
55.500000000
 20
158.429189391
 30
0.000000000
 10
55.500000000
 20
158.441712256
 30
0.000000000
 10
55.500000000
 20
158.454235121
 30
0.000000000
 10
55.500000000
 20
158.458426981
 30
0.000000000
 10
55.500000000
 20
158.462618841
 30
0.000000000
 10
55.500000000
 20
158.466810701
 30
0.000000000
  0
SPLINE
  5
AD4
330
A02
100
AcDbEntity
  8
SectionView
100
AcDbSpline
210
0
220
0
230
1
 70
8
 71
2
 72
30
 73
27
 74
0
 40
3.141592654
 40
3.141592654
 40
3.141592654
 40
3.253792391
 40
3.253792391
 40
3.365992129
 40
3.365992129
 40
3.478191866
 40
3.478191866
 40
3.590391604
 40
3.590391604
 40
3.702591342
 40
3.702591342
 40
3.814791079
 40
3.814791079
 40
3.926990817
 40
3.926990817
 40
4.039190555
 40
4.039190555
 40
4.151390292
 40
4.151390292
 40
4.263590030
 40
4.263590030
 40
4.375789768
 40
4.375789768
 40
4.487989505
 40
4.487989505
 40
4.712388980
 40
4.712388980
 40
4.712388980
 10
55.500000000
 20
65.966810701
 30
0.000000000
 10
55.500000000
 20
65.973098491
 30
0.000000000
 10
55.500000000
 20
65.979386281
 30
0.000000000
 10
55.500000000
 20
65.998170579
 30
0.000000000
 10
55.500000000
 20
66.016954877
 30
0.000000000
 10
55.500000000
 20
66.047999459
 30
0.000000000
 10
55.500000000
 20
66.079044041
 30
0.000000000
 10
55.500000000
 20
66.121958503
 30
0.000000000
 10
55.500000000
 20
66.164872965
 30
0.000000000
 10
55.500000000
 20
66.219117634
 30
0.000000000
 10
55.500000000
 20
66.273362303
 30
0.000000000
 10
55.500000000
 20
66.338255020
 30
0.000000000
 10
55.500000000
 20
66.403147736
 30
0.000000000
 10
55.500000000
 20
66.477872438
 30
0.000000000
 10
55.500000000
 20
66.552597139
 30
0.000000000
 10
55.500000000
 20
66.636214118
 30
0.000000000
 10
55.500000000
 20
66.719831098
 30
0.000000000
 10
55.500000000
 20
66.811288823
 30
0.000000000
 10
55.500000000
 20
66.902746548
 30
0.000000000
 10
55.500000000
 20
67.000894886
 30
0.000000000
 10
55.500000000
 20
67.099043223
 30
0.000000000
 10
55.500000000
 20
67.202647900
 30
0.000000000
 10
55.500000000
 20
67.306252577
 30
0.000000000
 10
55.500000000
 20
67.414010705
 30
0.000000000
 10
55.500000000
 20
67.521768833
 30
0.000000000
 10
55.500000000
 20
67.742092080
 30
0.000000000
 10
55.500000000
 20
67.966810701
 30
0.000000000
  0
LINE
  5
AD5
330
A02
100
AcDbEntity
  8
SectionView
100
AcDbLine
 10
55.500000000
 20
67.966810701
 30
0.000000000
 11
55.500000000
 21
156.466810701
 31
0.000000000
  0
LINE
  5
AD6
330
A02
100
AcDbEntity
  8
SectionView
100
AcDbLine
 10
55.500000000
 20
144.916810701
 30
0.000000000
 11
55.500000000
 21
127.416810701
 31
0.000000000
  0
SPLINE
  5
AD7
330
A02
100
AcDbEntity
  8
SectionView
100
AcDbSpline
210
0
220
0
230
1
 70
8
 71
3
 72
41
 73
37
 74
0
 40
1.570796327
 40
1.570796327
 40
1.570796327
 40
1.570796327
 40
1.907395540
 40
1.907395540
 40
1.907395540
 40
2.019595277
 40
2.019595277
 40
2.019595277
 40
2.131795015
 40
2.131795015
 40
2.131795015
 40
2.243994753
 40
2.243994753
 40
2.243994753
 40
2.356194490
 40
2.356194490
 40
2.356194490
 40
2.468394228
 40
2.468394228
 40
2.468394228
 40
2.580593965
 40
2.580593965
 40
2.580593965
 40
2.692793703
 40
2.692793703
 40
2.692793703
 40
2.804993441
 40
2.804993441
 40
2.804993441
 40
2.917193178
 40
2.917193178
 40
2.917193178
 40
3.029392916
 40
3.029392916
 40
3.029392916
 40
3.141592654
 40
3.141592654
 40
3.141592654
 40
3.141592654
 10
55.500000000
 20
144.916810701
 30
0.000000000
 10
55.500000000
 20
145.141507115
 30
0.000000000
 10
55.500000000
 20
145.364097386
 30
0.000000000
 10
55.500000000
 20
145.577368825
 30
0.000000000
 10
55.500000000
 20
145.646438610
 30
0.000000000
 10
55.500000000
 20
145.715508395
 30
0.000000000
 10
55.500000000
 20
145.784578180
 30
0.000000000
 10
55.500000000
 20
145.850010404
 30
0.000000000
 10
55.500000000
 20
145.915442629
 30
0.000000000
 10
55.500000000
 20
145.980874854
 30
0.000000000
 10
55.500000000
 20
146.041846671
 30
0.000000000
 10
55.500000000
 20
146.102818488
 30
0.000000000
 10
55.500000000
 20
146.163790305
 30
0.000000000
 10
55.500000000
 20
146.219534958
 30
0.000000000
 10
55.500000000
 20
146.275279611
 30
0.000000000
 10
55.500000000
 20
146.331024264
 30
0.000000000
 10
55.500000000
 20
146.380840731
 30
0.000000000
 10
55.500000000
 20
146.430657199
 30
0.000000000
 10
55.500000000
 20
146.480473666
 30
0.000000000
 10
55.500000000
 20
146.523735477
 30
0.000000000
 10
55.500000000
 20
146.566997289
 30
0.000000000
 10
55.500000000
 20
146.610259100
 30
0.000000000
 10
55.500000000
 20
146.646422212
 30
0.000000000
 10
55.500000000
 20
146.682585325
 30
0.000000000
 10
55.500000000
 20
146.718748437
 30
0.000000000
 10
55.500000000
 20
146.747358079
 30
0.000000000
 10
55.500000000
 20
146.775967720
 30
0.000000000
 10
55.500000000
 20
146.804577362
 30
0.000000000
 10
55.500000000
 20
146.825273750
 30
0.000000000
 10
55.500000000
 20
146.845970138
 30
0.000000000
 10
55.500000000
 20
146.866666526
 30
0.000000000
 10
55.500000000
 20
146.879189391
 30
0.000000000
 10
55.500000000
 20
146.891712256
 30
0.000000000
 10
55.500000000
 20
146.904235121
 30
0.000000000
 10
55.500000000
 20
146.908426981
 30
0.000000000
 10
55.500000000
 20
146.912618841
 30
0.000000000
 10
55.500000000
 20
146.916810701
 30
0.000000000
  0
SPLINE
  5
AD8
330
A02
100
AcDbEntity
  8
SectionView
100
AcDbSpline
210
0
220
0
230
1
 70
8
 71
2
 72
30
 73
27
 74
0
 40
4.712388980
 40
4.712388980
 40
4.712388980
 40
4.936788456
 40
4.936788456
 40
5.048988193
 40
5.048988193
 40
5.161187931
 40
5.161187931
 40
5.273387669
 40
5.273387669
 40
5.385587406
 40
5.385587406
 40
5.497787144
 40
5.497787144
 40
5.609986881
 40
5.609986881
 40
5.722186619
 40
5.722186619
 40
5.834386357
 40
5.834386357
 40
5.946586094
 40
5.946586094
 40
6.058785832
 40
6.058785832
 40
6.170985570
 40
6.170985570
 40
6.283185307
 40
6.283185307
 40
6.283185307
 10
55.500000000
 20
127.416810701
 30
0.000000000
 10
55.500000000
 20
127.192092080
 30
0.000000000
 10
55.500000000
 20
126.971768833
 30
0.000000000
 10
55.500000000
 20
126.864010705
 30
0.000000000
 10
55.500000000
 20
126.756252577
 30
0.000000000
 10
55.500000000
 20
126.652647900
 30
0.000000000
 10
55.500000000
 20
126.549043223
 30
0.000000000
 10
55.500000000
 20
126.450894886
 30
0.000000000
 10
55.500000000
 20
126.352746548
 30
0.000000000
 10
55.500000000
 20
126.261288823
 30
0.000000000
 10
55.500000000
 20
126.169831098
 30
0.000000000
 10
55.500000000
 20
126.086214118
 30
0.000000000
 10
55.500000000
 20
126.002597139
 30
0.000000000
 10
55.500000000
 20
125.927872438
 30
0.000000000
 10
55.500000000
 20
125.853147736
 30
0.000000000
 10
55.500000000
 20
125.788255020
 30
0.000000000
 10
55.500000000
 20
125.723362303
 30
0.000000000
 10
55.500000000
 20
125.669117634
 30
0.000000000
 10
55.500000000
 20
125.614872965
 30
0.000000000
 10
55.500000000
 20
125.571958503
 30
0.000000000
 10
55.500000000
 20
125.529044041
 30
0.000000000
 10
55.500000000
 20
125.497999459
 30
0.000000000
 10
55.500000000
 20
125.466954877
 30
0.000000000
 10
55.500000000
 20
125.448170579
 30
0.000000000
 10
55.500000000
 20
125.429386281
 30
0.000000000
 10
55.500000000
 20
125.423098491
 30
0.000000000
 10
55.500000000
 20
125.416810701
 30
0.000000000
  0
SPLINE
  5
AD9
330
A02
100
AcDbEntity
  8
SectionView
100
AcDbSpline
210
0
220
0
230
1
 70
8
 71
2
 72
30
 73
27
 74
0
 40
3.141592654
 40
3.141592654
 40
3.141592654
 40
3.253792391
 40
3.253792391
 40
3.365992129
 40
3.365992129
 40
3.478191866
 40
3.478191866
 40
3.590391604
 40
3.590391604
 40
3.702591342
 40
3.702591342
 40
3.814791079
 40
3.814791079
 40
3.926990817
 40
3.926990817
 40
4.039190555
 40
4.039190555
 40
4.151390292
 40
4.151390292
 40
4.263590030
 40
4.263590030
 40
4.375789768
 40
4.375789768
 40
4.487989505
 40
4.487989505
 40
4.712388980
 40
4.712388980
 40
4.712388980
 10
55.500000000
 20
146.916810701
 30
0.000000000
 10
55.500000000
 20
146.910522911
 30
0.000000000
 10
55.500000000
 20
146.904235121
 30
0.000000000
 10
55.500000000
 20
146.885450823
 30
0.000000000
 10
55.500000000
 20
146.866666526
 30
0.000000000
 10
55.500000000
 20
146.835621944
 30
0.000000000
 10
55.500000000
 20
146.804577362
 30
0.000000000
 10
55.500000000
 20
146.761662899
 30
0.000000000
 10
55.500000000
 20
146.718748437
 30
0.000000000
 10
55.500000000
 20
146.664503768
 30
0.000000000
 10
55.500000000
 20
146.610259100
 30
0.000000000
 10
55.500000000
 20
146.545366383
 30
0.000000000
 10
55.500000000
 20
146.480473666
 30
0.000000000
 10
55.500000000
 20
146.405748965
 30
0.000000000
 10
55.500000000
 20
146.331024264
 30
0.000000000
 10
55.500000000
 20
146.247407284
 30
0.000000000
 10
55.500000000
 20
146.163790305
 30
0.000000000
 10
55.500000000
 20
146.072332580
 30
0.000000000
 10
55.500000000
 20
145.980874854
 30
0.000000000
 10
55.500000000
 20
145.882726517
 30
0.000000000
 10
55.500000000
 20
145.784578180
 30
0.000000000
 10
55.500000000
 20
145.680973502
 30
0.000000000
 10
55.500000000
 20
145.577368825
 30
0.000000000
 10
55.500000000
 20
145.469610697
 30
0.000000000
 10
55.500000000
 20
145.361852569
 30
0.000000000
 10
55.500000000
 20
145.141529323
 30
0.000000000
 10
55.500000000
 20
144.916810701
 30
0.000000000
  0
SPLINE
  5
ADA
330
A02
100
AcDbEntity
  8
SectionView
100
AcDbSpline
210
0
220
0
230
1
 70
8
 71
2
 72
30
 73
27
 74
0
 40
0.000000000
 40
0.000000000
 40
0.000000000
 40
0.112199738
 40
0.112199738
 40
0.224399475
 40
0.224399475
 40
0.336599213
 40
0.336599213
 40
0.448798951
 40
0.448798951
 40
0.560998688
 40
0.560998688
 40
0.673198426
 40
0.673198426
 40
0.785398163
 40
0.785398163
 40
0.897597901
 40
0.897597901
 40
1.009797639
 40
1.009797639
 40
1.121997376
 40
1.121997376
 40
1.234197114
 40
1.234197114
 40
1.346396852
 40
1.346396852
 40
1.570796327
 40
1.570796327
 40
1.570796327
 10
55.500000000
 20
125.416810701
 30
0.000000000
 10
55.500000000
 20
125.423098491
 30
0.000000000
 10
55.500000000
 20
125.429386281
 30
0.000000000
 10
55.500000000
 20
125.448170579
 30
0.000000000
 10
55.500000000
 20
125.466954877
 30
0.000000000
 10
55.500000000
 20
125.497999459
 30
0.000000000
 10
55.500000000
 20
125.529044041
 30
0.000000000
 10
55.500000000
 20
125.571958503
 30
0.000000000
 10
55.500000000
 20
125.614872965
 30
0.000000000
 10
55.500000000
 20
125.669117634
 30
0.000000000
 10
55.500000000
 20
125.723362303
 30
0.000000000
 10
55.500000000
 20
125.788255020
 30
0.000000000
 10
55.500000000
 20
125.853147736
 30
0.000000000
 10
55.500000000
 20
125.927872438
 30
0.000000000
 10
55.500000000
 20
126.002597139
 30
0.000000000
 10
55.500000000
 20
126.086214118
 30
0.000000000
 10
55.500000000
 20
126.169831098
 30
0.000000000
 10
55.500000000
 20
126.261288823
 30
0.000000000
 10
55.500000000
 20
126.352746548
 30
0.000000000
 10
55.500000000
 20
126.450894886
 30
0.000000000
 10
55.500000000
 20
126.549043223
 30
0.000000000
 10
55.500000000
 20
126.652647900
 30
0.000000000
 10
55.500000000
 20
126.756252577
 30
0.000000000
 10
55.500000000
 20
126.864010705
 30
0.000000000
 10
55.500000000
 20
126.971768833
 30
0.000000000
 10
55.500000000
 20
127.192092080
 30
0.000000000
 10
55.500000000
 20
127.416810701
 30
0.000000000
  0
LINE
  5
ADB
330
A02
100
AcDbEntity
  8
SectionView
100
AcDbLine
 10
55.500000000
 20
127.416810701
 30
0.000000000
 11
55.500000000
 21
144.916810701
 31
0.000000000
  0
SPLINE
  5
ADC
330
A02
100
AcDbEntity
  8
SectionView
100
AcDbSpline
210
0
220
0
230
1
 70
8
 71
2
 72
30
 73
27
 74
0
 40
0.000000000
 40
0.000000000
 40
0.000000000
 40
0.224399475
 40
0.224399475
 40
0.336599213
 40
0.336599213
 40
0.448798951
 40
0.448798951
 40
0.560998688
 40
0.560998688
 40
0.673198426
 40
0.673198426
 40
0.785398163
 40
0.785398163
 40
0.897597901
 40
0.897597901
 40
1.009797639
 40
1.009797639
 40
1.121997376
 40
1.121997376
 40
1.234197114
 40
1.234197114
 40
1.346396852
 40
1.346396852
 40
1.458596589
 40
1.458596589
 40
1.570796327
 40
1.570796327
 40
1.570796327
 10
55.500000000
 20
115.966810701
 30
0.000000000
 10
55.500000000
 20
116.399394048
 30
0.000000000
 10
55.500000000
 20
116.823516297
 30
0.000000000
 10
55.500000000
 20
117.030950693
 30
0.000000000
 10
55.500000000
 20
117.238385090
 30
0.000000000
 10
55.500000000
 20
117.437824093
 30
0.000000000
 10
55.500000000
 20
117.637263097
 30
0.000000000
 10
55.500000000
 20
117.826198646
 30
0.000000000
 10
55.500000000
 20
118.015134196
 30
0.000000000
 10
55.500000000
 20
118.191190317
 30
0.000000000
 10
55.500000000
 20
118.367246438
 30
0.000000000
 10
55.500000000
 20
118.528209124
 30
0.000000000
 10
55.500000000
 20
118.689171809
 30
0.000000000
 10
55.500000000
 20
118.833016859
 30
0.000000000
 10
55.500000000
 20
118.976861909
 30
0.000000000
 10
55.500000000
 20
119.101780389
 30
0.000000000
 10
55.500000000
 20
119.226698868
 30
0.000000000
 10
55.500000000
 20
119.331119856
 30
0.000000000
 10
55.500000000
 20
119.435540843
 30
0.000000000
 10
55.500000000
 20
119.518151183
 30
0.000000000
 10
55.500000000
 20
119.600761523
 30
0.000000000
 10
55.500000000
 20
119.660522343
 30
0.000000000
 10
55.500000000
 20
119.720283163
 30
0.000000000
 10
55.500000000
 20
119.756442936
 30
0.000000000
 10
55.500000000
 20
119.792602709
 30
0.000000000
 10
55.500000000
 20
119.804706705
 30
0.000000000
 10
55.500000000
 20
119.816810701
 30
0.000000000
  0
SPLINE
  5
ADD
330
A02
100
AcDbEntity
  8
SectionView
100
AcDbSpline
210
0
220
0
230
1
 70
8
 71
1
 72
17
 73
15
 74
0
 40
1.570796327
 40
1.570796327
 40
1.795195802
 40
2.019595277
 40
2.243994753
 40
2.468394228
 40
2.692793703
 40
2.917193178
 40
3.141592654
 40
3.365992129
 40
3.590391604
 40
3.814791079
 40
4.039190555
 40
4.263590030
 40
4.487989505
 40
4.712388980
 40
4.712388980
 10
55.500000000
 20
119.816810701
 30
0.000000000
 10
55.500000000
 20
119.720283163
 30
0.000000000
 10
55.500000000
 20
119.435540843
 30
0.000000000
 10
55.500000000
 20
118.976861909
 30
0.000000000
 10
55.500000000
 20
118.367246438
 30
0.000000000
 10
55.500000000
 20
117.637263097
 30
0.000000000
 10
55.500000000
 20
116.823516297
 30
0.000000000
 10
55.500000000
 20
115.966810701
 30
0.000000000
 10
55.500000000
 20
115.110105106
 30
0.000000000
 10
55.500000000
 20
114.296358306
 30
0.000000000
 10
55.500000000
 20
113.566374964
 30
0.000000000
 10
55.500000000
 20
112.956759494
 30
0.000000000
 10
55.500000000
 20
112.498080560
 30
0.000000000
 10
55.500000000
 20
112.213338239
 30
0.000000000
 10
55.500000000
 20
112.116810701
 30
0.000000000
  0
SPLINE
  5
ADE
330
A02
100
AcDbEntity
  8
SectionView
100
AcDbSpline
210
0
220
0
230
1
 70
8
 71
2
 72
30
 73
27
 74
0
 40
4.712388980
 40
4.712388980
 40
4.712388980
 40
4.824588718
 40
4.824588718
 40
4.936788456
 40
4.936788456
 40
5.048988193
 40
5.048988193
 40
5.161187931
 40
5.161187931
 40
5.273387669
 40
5.273387669
 40
5.385587406
 40
5.385587406
 40
5.497787144
 40
5.497787144
 40
5.609986881
 40
5.609986881
 40
5.722186619
 40
5.722186619
 40
5.834386357
 40
5.834386357
 40
5.946586094
 40
5.946586094
 40
6.058785832
 40
6.058785832
 40
6.283185307
 40
6.283185307
 40
6.283185307
 10
55.500000000
 20
112.116810701
 30
0.000000000
 10
55.500000000
 20
112.128914697
 30
0.000000000
 10
55.500000000
 20
112.141018693
 30
0.000000000
 10
55.500000000
 20
112.177178466
 30
0.000000000
 10
55.500000000
 20
112.213338239
 30
0.000000000
 10
55.500000000
 20
112.273099059
 30
0.000000000
 10
55.500000000
 20
112.332859880
 30
0.000000000
 10
55.500000000
 20
112.415470220
 30
0.000000000
 10
55.500000000
 20
112.498080560
 30
0.000000000
 10
55.500000000
 20
112.602501547
 30
0.000000000
 10
55.500000000
 20
112.706922534
 30
0.000000000
 10
55.500000000
 20
112.831841014
 30
0.000000000
 10
55.500000000
 20
112.956759494
 30
0.000000000
 10
55.500000000
 20
113.100604544
 30
0.000000000
 10
55.500000000
 20
113.244449594
 30
0.000000000
 10
55.500000000
 20
113.405412279
 30
0.000000000
 10
55.500000000
 20
113.566374964
 30
0.000000000
 10
55.500000000
 20
113.742431085
 30
0.000000000
 10
55.500000000
 20
113.918487207
 30
0.000000000
 10
55.500000000
 20
114.107422756
 30
0.000000000
 10
55.500000000
 20
114.296358306
 30
0.000000000
 10
55.500000000
 20
114.495797309
 30
0.000000000
 10
55.500000000
 20
114.695236313
 30
0.000000000
 10
55.500000000
 20
114.902670709
 30
0.000000000
 10
55.500000000
 20
115.110105106
 30
0.000000000
 10
55.500000000
 20
115.534227355
 30
0.000000000
 10
55.500000000
 20
115.966810701
 30
0.000000000
  0
SPLINE
  5
ADF
330
A02
100
AcDbEntity
  8
SectionView
100
AcDbSpline
210
0
220
0
230
1
 70
8
 71
2
 72
30
 73
27
 74
0
 40
0.000000000
 40
0.000000000
 40
0.000000000
 40
0.224399475
 40
0.224399475
 40
0.336599213
 40
0.336599213
 40
0.448798951
 40
0.448798951
 40
0.560998688
 40
0.560998688
 40
0.673198426
 40
0.673198426
 40
0.785398163
 40
0.785398163
 40
0.897597901
 40
0.897597901
 40
1.009797639
 40
1.009797639
 40
1.121997376
 40
1.121997376
 40
1.234197114
 40
1.234197114
 40
1.346396852
 40
1.346396852
 40
1.458596589
 40
1.458596589
 40
1.570796327
 40
1.570796327
 40
1.570796327
 10
55.500000000
 20
71.966810701
 30
0.000000000
 10
55.500000000
 20
72.399394048
 30
0.000000000
 10
55.500000000
 20
72.823516297
 30
0.000000000
 10
55.500000000
 20
73.030950693
 30
0.000000000
 10
55.500000000
 20
73.238385090
 30
0.000000000
 10
55.500000000
 20
73.437824093
 30
0.000000000
 10
55.500000000
 20
73.637263097
 30
0.000000000
 10
55.500000000
 20
73.826198646
 30
0.000000000
 10
55.500000000
 20
74.015134196
 30
0.000000000
 10
55.500000000
 20
74.191190317
 30
0.000000000
 10
55.500000000
 20
74.367246438
 30
0.000000000
 10
55.500000000
 20
74.528209124
 30
0.000000000
 10
55.500000000
 20
74.689171809
 30
0.000000000
 10
55.500000000
 20
74.833016859
 30
0.000000000
 10
55.500000000
 20
74.976861909
 30
0.000000000
 10
55.500000000
 20
75.101780389
 30
0.000000000
 10
55.500000000
 20
75.226698868
 30
0.000000000
 10
55.500000000
 20
75.331119856
 30
0.000000000
 10
55.500000000
 20
75.435540843
 30
0.000000000
 10
55.500000000
 20
75.518151183
 30
0.000000000
 10
55.500000000
 20
75.600761523
 30
0.000000000
 10
55.500000000
 20
75.660522343
 30
0.000000000
 10
55.500000000
 20
75.720283163
 30
0.000000000
 10
55.500000000
 20
75.756442936
 30
0.000000000
 10
55.500000000
 20
75.792602709
 30
0.000000000
 10
55.500000000
 20
75.804706705
 30
0.000000000
 10
55.500000000
 20
75.816810701
 30
0.000000000
  0
SPLINE
  5
AE0
330
A02
100
AcDbEntity
  8
SectionView
100
AcDbSpline
210
0
220
0
230
1
 70
8
 71
1
 72
17
 73
15
 74
0
 40
1.570796327
 40
1.570796327
 40
1.795195802
 40
2.019595277
 40
2.243994753
 40
2.468394228
 40
2.692793703
 40
2.917193178
 40
3.141592654
 40
3.365992129
 40
3.590391604
 40
3.814791079
 40
4.039190555
 40
4.263590030
 40
4.487989505
 40
4.712388980
 40
4.712388980
 10
55.500000000
 20
75.816810701
 30
0.000000000
 10
55.500000000
 20
75.720283163
 30
0.000000000
 10
55.500000000
 20
75.435540843
 30
0.000000000
 10
55.500000000
 20
74.976861909
 30
0.000000000
 10
55.500000000
 20
74.367246438
 30
0.000000000
 10
55.500000000
 20
73.637263097
 30
0.000000000
 10
55.500000000
 20
72.823516297
 30
0.000000000
 10
55.500000000
 20
71.966810701
 30
0.000000000
 10
55.500000000
 20
71.110105106
 30
0.000000000
 10
55.500000000
 20
70.296358306
 30
0.000000000
 10
55.500000000
 20
69.566374964
 30
0.000000000
 10
55.500000000
 20
68.956759494
 30
0.000000000
 10
55.500000000
 20
68.498080560
 30
0.000000000
 10
55.500000000
 20
68.213338239
 30
0.000000000
 10
55.500000000
 20
68.116810701
 30
0.000000000
  0
SPLINE
  5
AE1
330
A02
100
AcDbEntity
  8
SectionView
100
AcDbSpline
210
0
220
0
230
1
 70
8
 71
2
 72
30
 73
27
 74
0
 40
4.712388980
 40
4.712388980
 40
4.712388980
 40
4.824588718
 40
4.824588718
 40
4.936788456
 40
4.936788456
 40
5.048988193
 40
5.048988193
 40
5.161187931
 40
5.161187931
 40
5.273387669
 40
5.273387669
 40
5.385587406
 40
5.385587406
 40
5.497787144
 40
5.497787144
 40
5.609986881
 40
5.609986881
 40
5.722186619
 40
5.722186619
 40
5.834386357
 40
5.834386357
 40
5.946586094
 40
5.946586094
 40
6.058785832
 40
6.058785832
 40
6.283185307
 40
6.283185307
 40
6.283185307
 10
55.500000000
 20
68.116810701
 30
0.000000000
 10
55.500000000
 20
68.128914697
 30
0.000000000
 10
55.500000000
 20
68.141018693
 30
0.000000000
 10
55.500000000
 20
68.177178466
 30
0.000000000
 10
55.500000000
 20
68.213338239
 30
0.000000000
 10
55.500000000
 20
68.273099059
 30
0.000000000
 10
55.500000000
 20
68.332859880
 30
0.000000000
 10
55.500000000
 20
68.415470220
 30
0.000000000
 10
55.500000000
 20
68.498080560
 30
0.000000000
 10
55.500000000
 20
68.602501547
 30
0.000000000
 10
55.500000000
 20
68.706922534
 30
0.000000000
 10
55.500000000
 20
68.831841014
 30
0.000000000
 10
55.500000000
 20
68.956759494
 30
0.000000000
 10
55.500000000
 20
69.100604544
 30
0.000000000
 10
55.500000000
 20
69.244449594
 30
0.000000000
 10
55.500000000
 20
69.405412279
 30
0.000000000
 10
55.500000000
 20
69.566374964
 30
0.000000000
 10
55.500000000
 20
69.742431085
 30
0.000000000
 10
55.500000000
 20
69.918487207
 30
0.000000000
 10
55.500000000
 20
70.107422756
 30
0.000000000
 10
55.500000000
 20
70.296358306
 30
0.000000000
 10
55.500000000
 20
70.495797309
 30
0.000000000
 10
55.500000000
 20
70.695236313
 30
0.000000000
 10
55.500000000
 20
70.902670709
 30
0.000000000
 10
55.500000000
 20
71.110105106
 30
0.000000000
 10
55.500000000
 20
71.534227355
 30
0.000000000
 10
55.500000000
 20
71.966810701
 30
0.000000000
  0
SPLINE
  5
AE2
330
A02
100
AcDbEntity
  8
SectionView
100
AcDbSpline
210
0
220
0
230
1
 70
8
 71
2
 72
30
 73
27
 74
0
 40
0.000000000
 40
0.000000000
 40
0.000000000
 40
0.224399475
 40
0.224399475
 40
0.336599213
 40
0.336599213
 40
0.448798951
 40
0.448798951
 40
0.560998688
 40
0.560998688
 40
0.673198426
 40
0.673198426
 40
0.785398163
 40
0.785398163
 40
0.897597901
 40
0.897597901
 40
1.009797639
 40
1.009797639
 40
1.121997376
 40
1.121997376
 40
1.234197114
 40
1.234197114
 40
1.346396852
 40
1.346396852
 40
1.458596589
 40
1.458596589
 40
1.570796327
 40
1.570796327
 40
1.570796327
 10
55.500000000
 20
71.966810701
 30
0.000000000
 10
55.500000000
 20
72.399394048
 30
0.000000000
 10
55.500000000
 20
72.823516297
 30
0.000000000
 10
55.500000000
 20
73.030950693
 30
0.000000000
 10
55.500000000
 20
73.238385090
 30
0.000000000
 10
55.500000000
 20
73.437824093
 30
0.000000000
 10
55.500000000
 20
73.637263097
 30
0.000000000
 10
55.500000000
 20
73.826198646
 30
0.000000000
 10
55.500000000
 20
74.015134196
 30
0.000000000
 10
55.500000000
 20
74.191190317
 30
0.000000000
 10
55.500000000
 20
74.367246438
 30
0.000000000
 10
55.500000000
 20
74.528209124
 30
0.000000000
 10
55.500000000
 20
74.689171809
 30
0.000000000
 10
55.500000000
 20
74.833016859
 30
0.000000000
 10
55.500000000
 20
74.976861909
 30
0.000000000
 10
55.500000000
 20
75.101780389
 30
0.000000000
 10
55.500000000
 20
75.226698868
 30
0.000000000
 10
55.500000000
 20
75.331119856
 30
0.000000000
 10
55.500000000
 20
75.435540843
 30
0.000000000
 10
55.500000000
 20
75.518151183
 30
0.000000000
 10
55.500000000
 20
75.600761523
 30
0.000000000
 10
55.500000000
 20
75.660522343
 30
0.000000000
 10
55.500000000
 20
75.720283163
 30
0.000000000
 10
55.500000000
 20
75.756442936
 30
0.000000000
 10
55.500000000
 20
75.792602709
 30
0.000000000
 10
55.500000000
 20
75.804706705
 30
0.000000000
 10
55.500000000
 20
75.816810701
 30
0.000000000
  0
SPLINE
  5
AE3
330
A02
100
AcDbEntity
  8
SectionView
100
AcDbSpline
210
0
220
0
230
1
 70
8
 71
1
 72
17
 73
15
 74
0
 40
1.570796327
 40
1.570796327
 40
1.795195802
 40
2.019595277
 40
2.243994753
 40
2.468394228
 40
2.692793703
 40
2.917193178
 40
3.141592654
 40
3.365992129
 40
3.590391604
 40
3.814791079
 40
4.039190555
 40
4.263590030
 40
4.487989505
 40
4.712388980
 40
4.712388980
 10
55.500000000
 20
75.816810701
 30
0.000000000
 10
55.500000000
 20
75.720283163
 30
0.000000000
 10
55.500000000
 20
75.435540843
 30
0.000000000
 10
55.500000000
 20
74.976861909
 30
0.000000000
 10
55.500000000
 20
74.367246438
 30
0.000000000
 10
55.500000000
 20
73.637263097
 30
0.000000000
 10
55.500000000
 20
72.823516297
 30
0.000000000
 10
55.500000000
 20
71.966810701
 30
0.000000000
 10
55.500000000
 20
71.110105106
 30
0.000000000
 10
55.500000000
 20
70.296358306
 30
0.000000000
 10
55.500000000
 20
69.566374964
 30
0.000000000
 10
55.500000000
 20
68.956759494
 30
0.000000000
 10
55.500000000
 20
68.498080560
 30
0.000000000
 10
55.500000000
 20
68.213338239
 30
0.000000000
 10
55.500000000
 20
68.116810701
 30
0.000000000
  0
SPLINE
  5
AE4
330
A02
100
AcDbEntity
  8
SectionView
100
AcDbSpline
210
0
220
0
230
1
 70
8
 71
2
 72
30
 73
27
 74
0
 40
4.712388980
 40
4.712388980
 40
4.712388980
 40
4.824588718
 40
4.824588718
 40
4.936788456
 40
4.936788456
 40
5.048988193
 40
5.048988193
 40
5.161187931
 40
5.161187931
 40
5.273387669
 40
5.273387669
 40
5.385587406
 40
5.385587406
 40
5.497787144
 40
5.497787144
 40
5.609986881
 40
5.609986881
 40
5.722186619
 40
5.722186619
 40
5.834386357
 40
5.834386357
 40
5.946586094
 40
5.946586094
 40
6.058785832
 40
6.058785832
 40
6.283185307
 40
6.283185307
 40
6.283185307
 10
55.500000000
 20
68.116810701
 30
0.000000000
 10
55.500000000
 20
68.128914697
 30
0.000000000
 10
55.500000000
 20
68.141018693
 30
0.000000000
 10
55.500000000
 20
68.177178466
 30
0.000000000
 10
55.500000000
 20
68.213338239
 30
0.000000000
 10
55.500000000
 20
68.273099059
 30
0.000000000
 10
55.500000000
 20
68.332859880
 30
0.000000000
 10
55.500000000
 20
68.415470220
 30
0.000000000
 10
55.500000000
 20
68.498080560
 30
0.000000000
 10
55.500000000
 20
68.602501547
 30
0.000000000
 10
55.500000000
 20
68.706922534
 30
0.000000000
 10
55.500000000
 20
68.831841014
 30
0.000000000
 10
55.500000000
 20
68.956759494
 30
0.000000000
 10
55.500000000
 20
69.100604544
 30
0.000000000
 10
55.500000000
 20
69.244449594
 30
0.000000000
 10
55.500000000
 20
69.405412279
 30
0.000000000
 10
55.500000000
 20
69.566374964
 30
0.000000000
 10
55.500000000
 20
69.742431085
 30
0.000000000
 10
55.500000000
 20
69.918487207
 30
0.000000000
 10
55.500000000
 20
70.107422756
 30
0.000000000
 10
55.500000000
 20
70.296358306
 30
0.000000000
 10
55.500000000
 20
70.495797309
 30
0.000000000
 10
55.500000000
 20
70.695236313
 30
0.000000000
 10
55.500000000
 20
70.902670709
 30
0.000000000
 10
55.500000000
 20
71.110105106
 30
0.000000000
 10
55.500000000
 20
71.534227355
 30
0.000000000
 10
55.500000000
 20
71.966810701
 30
0.000000000
  0
SPLINE
  5
AE5
330
A02
100
AcDbEntity
  8
SectionView
100
AcDbSpline
210
0
220
0
230
1
 70
8
 71
2
 72
30
 73
27
 74
0
 40
0.000000000
 40
0.000000000
 40
0.000000000
 40
0.224399475
 40
0.224399475
 40
0.336599213
 40
0.336599213
 40
0.448798951
 40
0.448798951
 40
0.560998688
 40
0.560998688
 40
0.673198426
 40
0.673198426
 40
0.785398163
 40
0.785398163
 40
0.897597901
 40
0.897597901
 40
1.009797639
 40
1.009797639
 40
1.121997376
 40
1.121997376
 40
1.234197114
 40
1.234197114
 40
1.346396852
 40
1.346396852
 40
1.458596589
 40
1.458596589
 40
1.570796327
 40
1.570796327
 40
1.570796327
 10
55.500000000
 20
104.966810701
 30
0.000000000
 10
55.500000000
 20
105.399394048
 30
0.000000000
 10
55.500000000
 20
105.823516297
 30
0.000000000
 10
55.500000000
 20
106.030950693
 30
0.000000000
 10
55.500000000
 20
106.238385090
 30
0.000000000
 10
55.500000000
 20
106.437824093
 30
0.000000000
 10
55.500000000
 20
106.637263097
 30
0.000000000
 10
55.500000000
 20
106.826198646
 30
0.000000000
 10
55.500000000
 20
107.015134196
 30
0.000000000
 10
55.500000000
 20
107.191190317
 30
0.000000000
 10
55.500000000
 20
107.367246438
 30
0.000000000
 10
55.500000000
 20
107.528209124
 30
0.000000000
 10
55.500000000
 20
107.689171809
 30
0.000000000
 10
55.500000000
 20
107.833016859
 30
0.000000000
 10
55.500000000
 20
107.976861909
 30
0.000000000
 10
55.500000000
 20
108.101780389
 30
0.000000000
 10
55.500000000
 20
108.226698868
 30
0.000000000
 10
55.500000000
 20
108.331119856
 30
0.000000000
 10
55.500000000
 20
108.435540843
 30
0.000000000
 10
55.500000000
 20
108.518151183
 30
0.000000000
 10
55.500000000
 20
108.600761523
 30
0.000000000
 10
55.500000000
 20
108.660522343
 30
0.000000000
 10
55.500000000
 20
108.720283163
 30
0.000000000
 10
55.500000000
 20
108.756442936
 30
0.000000000
 10
55.500000000
 20
108.792602709
 30
0.000000000
 10
55.500000000
 20
108.804706705
 30
0.000000000
 10
55.500000000
 20
108.816810701
 30
0.000000000
  0
SPLINE
  5
AE6
330
A02
100
AcDbEntity
  8
SectionView
100
AcDbSpline
210
0
220
0
230
1
 70
8
 71
1
 72
17
 73
15
 74
0
 40
1.570796327
 40
1.570796327
 40
1.795195802
 40
2.019595277
 40
2.243994753
 40
2.468394228
 40
2.692793703
 40
2.917193178
 40
3.141592654
 40
3.365992129
 40
3.590391604
 40
3.814791079
 40
4.039190555
 40
4.263590030
 40
4.487989505
 40
4.712388980
 40
4.712388980
 10
55.500000000
 20
108.816810701
 30
0.000000000
 10
55.500000000
 20
108.720283163
 30
0.000000000
 10
55.500000000
 20
108.435540843
 30
0.000000000
 10
55.500000000
 20
107.976861909
 30
0.000000000
 10
55.500000000
 20
107.367246438
 30
0.000000000
 10
55.500000000
 20
106.637263097
 30
0.000000000
 10
55.500000000
 20
105.823516297
 30
0.000000000
 10
55.500000000
 20
104.966810701
 30
0.000000000
 10
55.500000000
 20
104.110105106
 30
0.000000000
 10
55.500000000
 20
103.296358306
 30
0.000000000
 10
55.500000000
 20
102.566374964
 30
0.000000000
 10
55.500000000
 20
101.956759494
 30
0.000000000
 10
55.500000000
 20
101.498080560
 30
0.000000000
 10
55.500000000
 20
101.213338239
 30
0.000000000
 10
55.500000000
 20
101.116810701
 30
0.000000000
  0
SPLINE
  5
AE7
330
A02
100
AcDbEntity
  8
SectionView
100
AcDbSpline
210
0
220
0
230
1
 70
8
 71
2
 72
30
 73
27
 74
0
 40
4.712388980
 40
4.712388980
 40
4.712388980
 40
4.824588718
 40
4.824588718
 40
4.936788456
 40
4.936788456
 40
5.048988193
 40
5.048988193
 40
5.161187931
 40
5.161187931
 40
5.273387669
 40
5.273387669
 40
5.385587406
 40
5.385587406
 40
5.497787144
 40
5.497787144
 40
5.609986881
 40
5.609986881
 40
5.722186619
 40
5.722186619
 40
5.834386357
 40
5.834386357
 40
5.946586094
 40
5.946586094
 40
6.058785832
 40
6.058785832
 40
6.283185307
 40
6.283185307
 40
6.283185307
 10
55.500000000
 20
101.116810701
 30
0.000000000
 10
55.500000000
 20
101.128914697
 30
0.000000000
 10
55.500000000
 20
101.141018693
 30
0.000000000
 10
55.500000000
 20
101.177178466
 30
0.000000000
 10
55.500000000
 20
101.213338239
 30
0.000000000
 10
55.500000000
 20
101.273099059
 30
0.000000000
 10
55.500000000
 20
101.332859880
 30
0.000000000
 10
55.500000000
 20
101.415470220
 30
0.000000000
 10
55.500000000
 20
101.498080560
 30
0.000000000
 10
55.500000000
 20
101.602501547
 30
0.000000000
 10
55.500000000
 20
101.706922534
 30
0.000000000
 10
55.500000000
 20
101.831841014
 30
0.000000000
 10
55.500000000
 20
101.956759494
 30
0.000000000
 10
55.500000000
 20
102.100604544
 30
0.000000000
 10
55.500000000
 20
102.244449594
 30
0.000000000
 10
55.500000000
 20
102.405412279
 30
0.000000000
 10
55.500000000
 20
102.566374964
 30
0.000000000
 10
55.500000000
 20
102.742431085
 30
0.000000000
 10
55.500000000
 20
102.918487207
 30
0.000000000
 10
55.500000000
 20
103.107422756
 30
0.000000000
 10
55.500000000
 20
103.296358306
 30
0.000000000
 10
55.500000000
 20
103.495797309
 30
0.000000000
 10
55.500000000
 20
103.695236313
 30
0.000000000
 10
55.500000000
 20
103.902670709
 30
0.000000000
 10
55.500000000
 20
104.110105106
 30
0.000000000
 10
55.500000000
 20
104.534227355
 30
0.000000000
 10
55.500000000
 20
104.966810701
 30
0.000000000
  0
SPLINE
  5
AE8
330
A02
100
AcDbEntity
  8
SectionView
100
AcDbSpline
210
0
220
0
230
1
 70
8
 71
2
 72
30
 73
27
 74
0
 40
0.000000000
 40
0.000000000
 40
0.000000000
 40
0.224399475
 40
0.224399475
 40
0.336599213
 40
0.336599213
 40
0.448798951
 40
0.448798951
 40
0.560998688
 40
0.560998688
 40
0.673198426
 40
0.673198426
 40
0.785398163
 40
0.785398163
 40
0.897597901
 40
0.897597901
 40
1.009797639
 40
1.009797639
 40
1.121997376
 40
1.121997376
 40
1.234197114
 40
1.234197114
 40
1.346396852
 40
1.346396852
 40
1.458596589
 40
1.458596589
 40
1.570796327
 40
1.570796327
 40
1.570796327
 10
55.500000000
 20
104.966810701
 30
0.000000000
 10
55.500000000
 20
105.399394048
 30
0.000000000
 10
55.500000000
 20
105.823516297
 30
0.000000000
 10
55.500000000
 20
106.030950693
 30
0.000000000
 10
55.500000000
 20
106.238385090
 30
0.000000000
 10
55.500000000
 20
106.437824093
 30
0.000000000
 10
55.500000000
 20
106.637263097
 30
0.000000000
 10
55.500000000
 20
106.826198646
 30
0.000000000
 10
55.500000000
 20
107.015134196
 30
0.000000000
 10
55.500000000
 20
107.191190317
 30
0.000000000
 10
55.500000000
 20
107.367246438
 30
0.000000000
 10
55.500000000
 20
107.528209124
 30
0.000000000
 10
55.500000000
 20
107.689171809
 30
0.000000000
 10
55.500000000
 20
107.833016859
 30
0.000000000
 10
55.500000000
 20
107.976861909
 30
0.000000000
 10
55.500000000
 20
108.101780389
 30
0.000000000
 10
55.500000000
 20
108.226698868
 30
0.000000000
 10
55.500000000
 20
108.331119856
 30
0.000000000
 10
55.500000000
 20
108.435540843
 30
0.000000000
 10
55.500000000
 20
108.518151183
 30
0.000000000
 10
55.500000000
 20
108.600761523
 30
0.000000000
 10
55.500000000
 20
108.660522343
 30
0.000000000
 10
55.500000000
 20
108.720283163
 30
0.000000000
 10
55.500000000
 20
108.756442936
 30
0.000000000
 10
55.500000000
 20
108.792602709
 30
0.000000000
 10
55.500000000
 20
108.804706705
 30
0.000000000
 10
55.500000000
 20
108.816810701
 30
0.000000000
  0
SPLINE
  5
AE9
330
A02
100
AcDbEntity
  8
SectionView
100
AcDbSpline
210
0
220
0
230
1
 70
8
 71
1
 72
17
 73
15
 74
0
 40
1.570796327
 40
1.570796327
 40
1.795195802
 40
2.019595277
 40
2.243994753
 40
2.468394228
 40
2.692793703
 40
2.917193178
 40
3.141592654
 40
3.365992129
 40
3.590391604
 40
3.814791079
 40
4.039190555
 40
4.263590030
 40
4.487989505
 40
4.712388980
 40
4.712388980
 10
55.500000000
 20
108.816810701
 30
0.000000000
 10
55.500000000
 20
108.720283163
 30
0.000000000
 10
55.500000000
 20
108.435540843
 30
0.000000000
 10
55.500000000
 20
107.976861909
 30
0.000000000
 10
55.500000000
 20
107.367246438
 30
0.000000000
 10
55.500000000
 20
106.637263097
 30
0.000000000
 10
55.500000000
 20
105.823516297
 30
0.000000000
 10
55.500000000
 20
104.966810701
 30
0.000000000
 10
55.500000000
 20
104.110105106
 30
0.000000000
 10
55.500000000
 20
103.296358306
 30
0.000000000
 10
55.500000000
 20
102.566374964
 30
0.000000000
 10
55.500000000
 20
101.956759494
 30
0.000000000
 10
55.500000000
 20
101.498080560
 30
0.000000000
 10
55.500000000
 20
101.213338239
 30
0.000000000
 10
55.500000000
 20
101.116810701
 30
0.000000000
  0
SPLINE
  5
AEA
330
A02
100
AcDbEntity
  8
SectionView
100
AcDbSpline
210
0
220
0
230
1
 70
8
 71
2
 72
30
 73
27
 74
0
 40
4.712388980
 40
4.712388980
 40
4.712388980
 40
4.824588718
 40
4.824588718
 40
4.936788456
 40
4.936788456
 40
5.048988193
 40
5.048988193
 40
5.161187931
 40
5.161187931
 40
5.273387669
 40
5.273387669
 40
5.385587406
 40
5.385587406
 40
5.497787144
 40
5.497787144
 40
5.609986881
 40
5.609986881
 40
5.722186619
 40
5.722186619
 40
5.834386357
 40
5.834386357
 40
5.946586094
 40
5.946586094
 40
6.058785832
 40
6.058785832
 40
6.283185307
 40
6.283185307
 40
6.283185307
 10
55.500000000
 20
101.116810701
 30
0.000000000
 10
55.500000000
 20
101.128914697
 30
0.000000000
 10
55.500000000
 20
101.141018693
 30
0.000000000
 10
55.500000000
 20
101.177178466
 30
0.000000000
 10
55.500000000
 20
101.213338239
 30
0.000000000
 10
55.500000000
 20
101.273099059
 30
0.000000000
 10
55.500000000
 20
101.332859880
 30
0.000000000
 10
55.500000000
 20
101.415470220
 30
0.000000000
 10
55.500000000
 20
101.498080560
 30
0.000000000
 10
55.500000000
 20
101.602501547
 30
0.000000000
 10
55.500000000
 20
101.706922534
 30
0.000000000
 10
55.500000000
 20
101.831841014
 30
0.000000000
 10
55.500000000
 20
101.956759494
 30
0.000000000
 10
55.500000000
 20
102.100604544
 30
0.000000000
 10
55.500000000
 20
102.244449594
 30
0.000000000
 10
55.500000000
 20
102.405412279
 30
0.000000000
 10
55.500000000
 20
102.566374964
 30
0.000000000
 10
55.500000000
 20
102.742431085
 30
0.000000000
 10
55.500000000
 20
102.918487207
 30
0.000000000
 10
55.500000000
 20
103.107422756
 30
0.000000000
 10
55.500000000
 20
103.296358306
 30
0.000000000
 10
55.500000000
 20
103.495797309
 30
0.000000000
 10
55.500000000
 20
103.695236313
 30
0.000000000
 10
55.500000000
 20
103.902670709
 30
0.000000000
 10
55.500000000
 20
104.110105106
 30
0.000000000
 10
55.500000000
 20
104.534227355
 30
0.000000000
 10
55.500000000
 20
104.966810701
 30
0.000000000
  0
SPLINE
  5
AEB
330
A02
100
AcDbEntity
  8
SectionView
100
AcDbSpline
210
0
220
0
230
1
 70
8
 71
2
 72
30
 73
27
 74
0
 40
0.000000000
 40
0.000000000
 40
0.000000000
 40
0.224399475
 40
0.224399475
 40
0.336599213
 40
0.336599213
 40
0.448798951
 40
0.448798951
 40
0.560998688
 40
0.560998688
 40
0.673198426
 40
0.673198426
 40
0.785398163
 40
0.785398163
 40
0.897597901
 40
0.897597901
 40
1.009797639
 40
1.009797639
 40
1.121997376
 40
1.121997376
 40
1.234197114
 40
1.234197114
 40
1.346396852
 40
1.346396852
 40
1.458596589
 40
1.458596589
 40
1.570796327
 40
1.570796327
 40
1.570796327
 10
55.500000000
 20
93.966810701
 30
0.000000000
 10
55.500000000
 20
94.399394048
 30
0.000000000
 10
55.500000000
 20
94.823516297
 30
0.000000000
 10
55.500000000
 20
95.030950693
 30
0.000000000
 10
55.500000000
 20
95.238385090
 30
0.000000000
 10
55.500000000
 20
95.437824093
 30
0.000000000
 10
55.500000000
 20
95.637263097
 30
0.000000000
 10
55.500000000
 20
95.826198646
 30
0.000000000
 10
55.500000000
 20
96.015134196
 30
0.000000000
 10
55.500000000
 20
96.191190317
 30
0.000000000
 10
55.500000000
 20
96.367246438
 30
0.000000000
 10
55.500000000
 20
96.528209124
 30
0.000000000
 10
55.500000000
 20
96.689171809
 30
0.000000000
 10
55.500000000
 20
96.833016859
 30
0.000000000
 10
55.500000000
 20
96.976861909
 30
0.000000000
 10
55.500000000
 20
97.101780389
 30
0.000000000
 10
55.500000000
 20
97.226698868
 30
0.000000000
 10
55.500000000
 20
97.331119856
 30
0.000000000
 10
55.500000000
 20
97.435540843
 30
0.000000000
 10
55.500000000
 20
97.518151183
 30
0.000000000
 10
55.500000000
 20
97.600761523
 30
0.000000000
 10
55.500000000
 20
97.660522343
 30
0.000000000
 10
55.500000000
 20
97.720283163
 30
0.000000000
 10
55.500000000
 20
97.756442936
 30
0.000000000
 10
55.500000000
 20
97.792602709
 30
0.000000000
 10
55.500000000
 20
97.804706705
 30
0.000000000
 10
55.500000000
 20
97.816810701
 30
0.000000000
  0
SPLINE
  5
AEC
330
A02
100
AcDbEntity
  8
SectionView
100
AcDbSpline
210
0
220
0
230
1
 70
8
 71
1
 72
17
 73
15
 74
0
 40
1.570796327
 40
1.570796327
 40
1.795195802
 40
2.019595277
 40
2.243994753
 40
2.468394228
 40
2.692793703
 40
2.917193178
 40
3.141592654
 40
3.365992129
 40
3.590391604
 40
3.814791079
 40
4.039190555
 40
4.263590030
 40
4.487989505
 40
4.712388980
 40
4.712388980
 10
55.500000000
 20
97.816810701
 30
0.000000000
 10
55.500000000
 20
97.720283163
 30
0.000000000
 10
55.500000000
 20
97.435540843
 30
0.000000000
 10
55.500000000
 20
96.976861909
 30
0.000000000
 10
55.500000000
 20
96.367246438
 30
0.000000000
 10
55.500000000
 20
95.637263097
 30
0.000000000
 10
55.500000000
 20
94.823516297
 30
0.000000000
 10
55.500000000
 20
93.966810701
 30
0.000000000
 10
55.500000000
 20
93.110105106
 30
0.000000000
 10
55.500000000
 20
92.296358306
 30
0.000000000
 10
55.500000000
 20
91.566374964
 30
0.000000000
 10
55.500000000
 20
90.956759494
 30
0.000000000
 10
55.500000000
 20
90.498080560
 30
0.000000000
 10
55.500000000
 20
90.213338239
 30
0.000000000
 10
55.500000000
 20
90.116810701
 30
0.000000000
  0
SPLINE
  5
AED
330
A02
100
AcDbEntity
  8
SectionView
100
AcDbSpline
210
0
220
0
230
1
 70
8
 71
2
 72
30
 73
27
 74
0
 40
4.712388980
 40
4.712388980
 40
4.712388980
 40
4.824588718
 40
4.824588718
 40
4.936788456
 40
4.936788456
 40
5.048988193
 40
5.048988193
 40
5.161187931
 40
5.161187931
 40
5.273387669
 40
5.273387669
 40
5.385587406
 40
5.385587406
 40
5.497787144
 40
5.497787144
 40
5.609986881
 40
5.609986881
 40
5.722186619
 40
5.722186619
 40
5.834386357
 40
5.834386357
 40
5.946586094
 40
5.946586094
 40
6.058785832
 40
6.058785832
 40
6.283185307
 40
6.283185307
 40
6.283185307
 10
55.500000000
 20
90.116810701
 30
0.000000000
 10
55.500000000
 20
90.128914697
 30
0.000000000
 10
55.500000000
 20
90.141018693
 30
0.000000000
 10
55.500000000
 20
90.177178466
 30
0.000000000
 10
55.500000000
 20
90.213338239
 30
0.000000000
 10
55.500000000
 20
90.273099059
 30
0.000000000
 10
55.500000000
 20
90.332859880
 30
0.000000000
 10
55.500000000
 20
90.415470220
 30
0.000000000
 10
55.500000000
 20
90.498080560
 30
0.000000000
 10
55.500000000
 20
90.602501547
 30
0.000000000
 10
55.500000000
 20
90.706922534
 30
0.000000000
 10
55.500000000
 20
90.831841014
 30
0.000000000
 10
55.500000000
 20
90.956759494
 30
0.000000000
 10
55.500000000
 20
91.100604544
 30
0.000000000
 10
55.500000000
 20
91.244449594
 30
0.000000000
 10
55.500000000
 20
91.405412279
 30
0.000000000
 10
55.500000000
 20
91.566374964
 30
0.000000000
 10
55.500000000
 20
91.742431085
 30
0.000000000
 10
55.500000000
 20
91.918487207
 30
0.000000000
 10
55.500000000
 20
92.107422756
 30
0.000000000
 10
55.500000000
 20
92.296358306
 30
0.000000000
 10
55.500000000
 20
92.495797309
 30
0.000000000
 10
55.500000000
 20
92.695236313
 30
0.000000000
 10
55.500000000
 20
92.902670709
 30
0.000000000
 10
55.500000000
 20
93.110105106
 30
0.000000000
 10
55.500000000
 20
93.534227355
 30
0.000000000
 10
55.500000000
 20
93.966810701
 30
0.000000000
  0
SPLINE
  5
AEE
330
A02
100
AcDbEntity
  8
SectionView
100
AcDbSpline
210
0
220
0
230
1
 70
8
 71
2
 72
30
 73
27
 74
0
 40
0.000000000
 40
0.000000000
 40
0.000000000
 40
0.224399475
 40
0.224399475
 40
0.336599213
 40
0.336599213
 40
0.448798951
 40
0.448798951
 40
0.560998688
 40
0.560998688
 40
0.673198426
 40
0.673198426
 40
0.785398163
 40
0.785398163
 40
0.897597901
 40
0.897597901
 40
1.009797639
 40
1.009797639
 40
1.121997376
 40
1.121997376
 40
1.234197114
 40
1.234197114
 40
1.346396852
 40
1.346396852
 40
1.458596589
 40
1.458596589
 40
1.570796327
 40
1.570796327
 40
1.570796327
 10
55.500000000
 20
93.966810701
 30
0.000000000
 10
55.500000000
 20
94.399394048
 30
0.000000000
 10
55.500000000
 20
94.823516297
 30
0.000000000
 10
55.500000000
 20
95.030950693
 30
0.000000000
 10
55.500000000
 20
95.238385090
 30
0.000000000
 10
55.500000000
 20
95.437824093
 30
0.000000000
 10
55.500000000
 20
95.637263097
 30
0.000000000
 10
55.500000000
 20
95.826198646
 30
0.000000000
 10
55.500000000
 20
96.015134196
 30
0.000000000
 10
55.500000000
 20
96.191190317
 30
0.000000000
 10
55.500000000
 20
96.367246438
 30
0.000000000
 10
55.500000000
 20
96.528209124
 30
0.000000000
 10
55.500000000
 20
96.689171809
 30
0.000000000
 10
55.500000000
 20
96.833016859
 30
0.000000000
 10
55.500000000
 20
96.976861909
 30
0.000000000
 10
55.500000000
 20
97.101780389
 30
0.000000000
 10
55.500000000
 20
97.226698868
 30
0.000000000
 10
55.500000000
 20
97.331119856
 30
0.000000000
 10
55.500000000
 20
97.435540843
 30
0.000000000
 10
55.500000000
 20
97.518151183
 30
0.000000000
 10
55.500000000
 20
97.600761523
 30
0.000000000
 10
55.500000000
 20
97.660522343
 30
0.000000000
 10
55.500000000
 20
97.720283163
 30
0.000000000
 10
55.500000000
 20
97.756442936
 30
0.000000000
 10
55.500000000
 20
97.792602709
 30
0.000000000
 10
55.500000000
 20
97.804706705
 30
0.000000000
 10
55.500000000
 20
97.816810701
 30
0.000000000
  0
SPLINE
  5
AEF
330
A02
100
AcDbEntity
  8
SectionView
100
AcDbSpline
210
0
220
0
230
1
 70
8
 71
1
 72
17
 73
15
 74
0
 40
1.570796327
 40
1.570796327
 40
1.795195802
 40
2.019595277
 40
2.243994753
 40
2.468394228
 40
2.692793703
 40
2.917193178
 40
3.141592654
 40
3.365992129
 40
3.590391604
 40
3.814791079
 40
4.039190555
 40
4.263590030
 40
4.487989505
 40
4.712388980
 40
4.712388980
 10
55.500000000
 20
97.816810701
 30
0.000000000
 10
55.500000000
 20
97.720283163
 30
0.000000000
 10
55.500000000
 20
97.435540843
 30
0.000000000
 10
55.500000000
 20
96.976861909
 30
0.000000000
 10
55.500000000
 20
96.367246438
 30
0.000000000
 10
55.500000000
 20
95.637263097
 30
0.000000000
 10
55.500000000
 20
94.823516297
 30
0.000000000
 10
55.500000000
 20
93.966810701
 30
0.000000000
 10
55.500000000
 20
93.110105106
 30
0.000000000
 10
55.500000000
 20
92.296358306
 30
0.000000000
 10
55.500000000
 20
91.566374964
 30
0.000000000
 10
55.500000000
 20
90.956759494
 30
0.000000000
 10
55.500000000
 20
90.498080560
 30
0.000000000
 10
55.500000000
 20
90.213338239
 30
0.000000000
 10
55.500000000
 20
90.116810701
 30
0.000000000
  0
SPLINE
  5
AF0
330
A02
100
AcDbEntity
  8
SectionView
100
AcDbSpline
210
0
220
0
230
1
 70
8
 71
2
 72
30
 73
27
 74
0
 40
4.712388980
 40
4.712388980
 40
4.712388980
 40
4.824588718
 40
4.824588718
 40
4.936788456
 40
4.936788456
 40
5.048988193
 40
5.048988193
 40
5.161187931
 40
5.161187931
 40
5.273387669
 40
5.273387669
 40
5.385587406
 40
5.385587406
 40
5.497787144
 40
5.497787144
 40
5.609986881
 40
5.609986881
 40
5.722186619
 40
5.722186619
 40
5.834386357
 40
5.834386357
 40
5.946586094
 40
5.946586094
 40
6.058785832
 40
6.058785832
 40
6.283185307
 40
6.283185307
 40
6.283185307
 10
55.500000000
 20
90.116810701
 30
0.000000000
 10
55.500000000
 20
90.128914697
 30
0.000000000
 10
55.500000000
 20
90.141018693
 30
0.000000000
 10
55.500000000
 20
90.177178466
 30
0.000000000
 10
55.500000000
 20
90.213338239
 30
0.000000000
 10
55.500000000
 20
90.273099059
 30
0.000000000
 10
55.500000000
 20
90.332859880
 30
0.000000000
 10
55.500000000
 20
90.415470220
 30
0.000000000
 10
55.500000000
 20
90.498080560
 30
0.000000000
 10
55.500000000
 20
90.602501547
 30
0.000000000
 10
55.500000000
 20
90.706922534
 30
0.000000000
 10
55.500000000
 20
90.831841014
 30
0.000000000
 10
55.500000000
 20
90.956759494
 30
0.000000000
 10
55.500000000
 20
91.100604544
 30
0.000000000
 10
55.500000000
 20
91.244449594
 30
0.000000000
 10
55.500000000
 20
91.405412279
 30
0.000000000
 10
55.500000000
 20
91.566374964
 30
0.000000000
 10
55.500000000
 20
91.742431085
 30
0.000000000
 10
55.500000000
 20
91.918487207
 30
0.000000000
 10
55.500000000
 20
92.107422756
 30
0.000000000
 10
55.500000000
 20
92.296358306
 30
0.000000000
 10
55.500000000
 20
92.495797309
 30
0.000000000
 10
55.500000000
 20
92.695236313
 30
0.000000000
 10
55.500000000
 20
92.902670709
 30
0.000000000
 10
55.500000000
 20
93.110105106
 30
0.000000000
 10
55.500000000
 20
93.534227355
 30
0.000000000
 10
55.500000000
 20
93.966810701
 30
0.000000000
  0
SPLINE
  5
AF1
330
A02
100
AcDbEntity
  8
SectionView
100
AcDbSpline
210
0
220
0
230
1
 70
8
 71
2
 72
30
 73
27
 74
0
 40
0.000000000
 40
0.000000000
 40
0.000000000
 40
0.224399475
 40
0.224399475
 40
0.336599213
 40
0.336599213
 40
0.448798951
 40
0.448798951
 40
0.560998688
 40
0.560998688
 40
0.673198426
 40
0.673198426
 40
0.785398163
 40
0.785398163
 40
0.897597901
 40
0.897597901
 40
1.009797639
 40
1.009797639
 40
1.121997376
 40
1.121997376
 40
1.234197114
 40
1.234197114
 40
1.346396852
 40
1.346396852
 40
1.458596589
 40
1.458596589
 40
1.570796327
 40
1.570796327
 40
1.570796327
 10
55.500000000
 20
71.966810701
 30
0.000000000
 10
55.500000000
 20
72.399394048
 30
0.000000000
 10
55.500000000
 20
72.823516297
 30
0.000000000
 10
55.500000000
 20
73.030950693
 30
0.000000000
 10
55.500000000
 20
73.238385090
 30
0.000000000
 10
55.500000000
 20
73.437824093
 30
0.000000000
 10
55.500000000
 20
73.637263097
 30
0.000000000
 10
55.500000000
 20
73.826198646
 30
0.000000000
 10
55.500000000
 20
74.015134196
 30
0.000000000
 10
55.500000000
 20
74.191190317
 30
0.000000000
 10
55.500000000
 20
74.367246438
 30
0.000000000
 10
55.500000000
 20
74.528209124
 30
0.000000000
 10
55.500000000
 20
74.689171809
 30
0.000000000
 10
55.500000000
 20
74.833016859
 30
0.000000000
 10
55.500000000
 20
74.976861909
 30
0.000000000
 10
55.500000000
 20
75.101780389
 30
0.000000000
 10
55.500000000
 20
75.226698868
 30
0.000000000
 10
55.500000000
 20
75.331119856
 30
0.000000000
 10
55.500000000
 20
75.435540843
 30
0.000000000
 10
55.500000000
 20
75.518151183
 30
0.000000000
 10
55.500000000
 20
75.600761523
 30
0.000000000
 10
55.500000000
 20
75.660522343
 30
0.000000000
 10
55.500000000
 20
75.720283163
 30
0.000000000
 10
55.500000000
 20
75.756442936
 30
0.000000000
 10
55.500000000
 20
75.792602709
 30
0.000000000
 10
55.500000000
 20
75.804706705
 30
0.000000000
 10
55.500000000
 20
75.816810701
 30
0.000000000
  0
SPLINE
  5
AF2
330
A02
100
AcDbEntity
  8
SectionView
100
AcDbSpline
210
0
220
0
230
1
 70
8
 71
1
 72
17
 73
15
 74
0
 40
1.570796327
 40
1.570796327
 40
1.795195802
 40
2.019595277
 40
2.243994753
 40
2.468394228
 40
2.692793703
 40
2.917193178
 40
3.141592654
 40
3.365992129
 40
3.590391604
 40
3.814791079
 40
4.039190555
 40
4.263590030
 40
4.487989505
 40
4.712388980
 40
4.712388980
 10
55.500000000
 20
75.816810701
 30
0.000000000
 10
55.500000000
 20
75.720283163
 30
0.000000000
 10
55.500000000
 20
75.435540843
 30
0.000000000
 10
55.500000000
 20
74.976861909
 30
0.000000000
 10
55.500000000
 20
74.367246438
 30
0.000000000
 10
55.500000000
 20
73.637263097
 30
0.000000000
 10
55.500000000
 20
72.823516297
 30
0.000000000
 10
55.500000000
 20
71.966810701
 30
0.000000000
 10
55.500000000
 20
71.110105106
 30
0.000000000
 10
55.500000000
 20
70.296358306
 30
0.000000000
 10
55.500000000
 20
69.566374964
 30
0.000000000
 10
55.500000000
 20
68.956759494
 30
0.000000000
 10
55.500000000
 20
68.498080560
 30
0.000000000
 10
55.500000000
 20
68.213338239
 30
0.000000000
 10
55.500000000
 20
68.116810701
 30
0.000000000
  0
SPLINE
  5
AF3
330
A02
100
AcDbEntity
  8
SectionView
100
AcDbSpline
210
0
220
0
230
1
 70
8
 71
2
 72
30
 73
27
 74
0
 40
4.712388980
 40
4.712388980
 40
4.712388980
 40
4.824588718
 40
4.824588718
 40
4.936788456
 40
4.936788456
 40
5.048988193
 40
5.048988193
 40
5.161187931
 40
5.161187931
 40
5.273387669
 40
5.273387669
 40
5.385587406
 40
5.385587406
 40
5.497787144
 40
5.497787144
 40
5.609986881
 40
5.609986881
 40
5.722186619
 40
5.722186619
 40
5.834386357
 40
5.834386357
 40
5.946586094
 40
5.946586094
 40
6.058785832
 40
6.058785832
 40
6.283185307
 40
6.283185307
 40
6.283185307
 10
55.500000000
 20
68.116810701
 30
0.000000000
 10
55.500000000
 20
68.128914697
 30
0.000000000
 10
55.500000000
 20
68.141018693
 30
0.000000000
 10
55.500000000
 20
68.177178466
 30
0.000000000
 10
55.500000000
 20
68.213338239
 30
0.000000000
 10
55.500000000
 20
68.273099059
 30
0.000000000
 10
55.500000000
 20
68.332859880
 30
0.000000000
 10
55.500000000
 20
68.415470220
 30
0.000000000
 10
55.500000000
 20
68.498080560
 30
0.000000000
 10
55.500000000
 20
68.602501547
 30
0.000000000
 10
55.500000000
 20
68.706922534
 30
0.000000000
 10
55.500000000
 20
68.831841014
 30
0.000000000
 10
55.500000000
 20
68.956759494
 30
0.000000000
 10
55.500000000
 20
69.100604544
 30
0.000000000
 10
55.500000000
 20
69.244449594
 30
0.000000000
 10
55.500000000
 20
69.405412279
 30
0.000000000
 10
55.500000000
 20
69.566374964
 30
0.000000000
 10
55.500000000
 20
69.742431085
 30
0.000000000
 10
55.500000000
 20
69.918487207
 30
0.000000000
 10
55.500000000
 20
70.107422756
 30
0.000000000
 10
55.500000000
 20
70.296358306
 30
0.000000000
 10
55.500000000
 20
70.495797309
 30
0.000000000
 10
55.500000000
 20
70.695236313
 30
0.000000000
 10
55.500000000
 20
70.902670709
 30
0.000000000
 10
55.500000000
 20
71.110105106
 30
0.000000000
 10
55.500000000
 20
71.534227355
 30
0.000000000
 10
55.500000000
 20
71.966810701
 30
0.000000000
  0
SPLINE
  5
AF4
330
A02
100
AcDbEntity
  8
SectionView
100
AcDbSpline
210
0
220
0
230
1
 70
8
 71
2
 72
30
 73
27
 74
0
 40
0.000000000
 40
0.000000000
 40
0.000000000
 40
0.224399475
 40
0.224399475
 40
0.336599213
 40
0.336599213
 40
0.448798951
 40
0.448798951
 40
0.560998688
 40
0.560998688
 40
0.673198426
 40
0.673198426
 40
0.785398163
 40
0.785398163
 40
0.897597901
 40
0.897597901
 40
1.009797639
 40
1.009797639
 40
1.121997376
 40
1.121997376
 40
1.234197114
 40
1.234197114
 40
1.346396852
 40
1.346396852
 40
1.458596589
 40
1.458596589
 40
1.570796327
 40
1.570796327
 40
1.570796327
 10
55.500000000
 20
71.966810701
 30
0.000000000
 10
55.500000000
 20
72.399394048
 30
0.000000000
 10
55.500000000
 20
72.823516297
 30
0.000000000
 10
55.500000000
 20
73.030950693
 30
0.000000000
 10
55.500000000
 20
73.238385090
 30
0.000000000
 10
55.500000000
 20
73.437824093
 30
0.000000000
 10
55.500000000
 20
73.637263097
 30
0.000000000
 10
55.500000000
 20
73.826198646
 30
0.000000000
 10
55.500000000
 20
74.015134196
 30
0.000000000
 10
55.500000000
 20
74.191190317
 30
0.000000000
 10
55.500000000
 20
74.367246438
 30
0.000000000
 10
55.500000000
 20
74.528209124
 30
0.000000000
 10
55.500000000
 20
74.689171809
 30
0.000000000
 10
55.500000000
 20
74.833016859
 30
0.000000000
 10
55.500000000
 20
74.976861909
 30
0.000000000
 10
55.500000000
 20
75.101780389
 30
0.000000000
 10
55.500000000
 20
75.226698868
 30
0.000000000
 10
55.500000000
 20
75.331119856
 30
0.000000000
 10
55.500000000
 20
75.435540843
 30
0.000000000
 10
55.500000000
 20
75.518151183
 30
0.000000000
 10
55.500000000
 20
75.600761523
 30
0.000000000
 10
55.500000000
 20
75.660522343
 30
0.000000000
 10
55.500000000
 20
75.720283163
 30
0.000000000
 10
55.500000000
 20
75.756442936
 30
0.000000000
 10
55.500000000
 20
75.792602709
 30
0.000000000
 10
55.500000000
 20
75.804706705
 30
0.000000000
 10
55.500000000
 20
75.816810701
 30
0.000000000
  0
SPLINE
  5
AF5
330
A02
100
AcDbEntity
  8
SectionView
100
AcDbSpline
210
0
220
0
230
1
 70
8
 71
1
 72
17
 73
15
 74
0
 40
1.570796327
 40
1.570796327
 40
1.795195802
 40
2.019595277
 40
2.243994753
 40
2.468394228
 40
2.692793703
 40
2.917193178
 40
3.141592654
 40
3.365992129
 40
3.590391604
 40
3.814791079
 40
4.039190555
 40
4.263590030
 40
4.487989505
 40
4.712388980
 40
4.712388980
 10
55.500000000
 20
75.816810701
 30
0.000000000
 10
55.500000000
 20
75.720283163
 30
0.000000000
 10
55.500000000
 20
75.435540843
 30
0.000000000
 10
55.500000000
 20
74.976861909
 30
0.000000000
 10
55.500000000
 20
74.367246438
 30
0.000000000
 10
55.500000000
 20
73.637263097
 30
0.000000000
 10
55.500000000
 20
72.823516297
 30
0.000000000
 10
55.500000000
 20
71.966810701
 30
0.000000000
 10
55.500000000
 20
71.110105106
 30
0.000000000
 10
55.500000000
 20
70.296358306
 30
0.000000000
 10
55.500000000
 20
69.566374964
 30
0.000000000
 10
55.500000000
 20
68.956759494
 30
0.000000000
 10
55.500000000
 20
68.498080560
 30
0.000000000
 10
55.500000000
 20
68.213338239
 30
0.000000000
 10
55.500000000
 20
68.116810701
 30
0.000000000
  0
SPLINE
  5
AF6
330
A02
100
AcDbEntity
  8
SectionView
100
AcDbSpline
210
0
220
0
230
1
 70
8
 71
2
 72
30
 73
27
 74
0
 40
4.712388980
 40
4.712388980
 40
4.712388980
 40
4.824588718
 40
4.824588718
 40
4.936788456
 40
4.936788456
 40
5.048988193
 40
5.048988193
 40
5.161187931
 40
5.161187931
 40
5.273387669
 40
5.273387669
 40
5.385587406
 40
5.385587406
 40
5.497787144
 40
5.497787144
 40
5.609986881
 40
5.609986881
 40
5.722186619
 40
5.722186619
 40
5.834386357
 40
5.834386357
 40
5.946586094
 40
5.946586094
 40
6.058785832
 40
6.058785832
 40
6.283185307
 40
6.283185307
 40
6.283185307
 10
55.500000000
 20
68.116810701
 30
0.000000000
 10
55.500000000
 20
68.128914697
 30
0.000000000
 10
55.500000000
 20
68.141018693
 30
0.000000000
 10
55.500000000
 20
68.177178466
 30
0.000000000
 10
55.500000000
 20
68.213338239
 30
0.000000000
 10
55.500000000
 20
68.273099059
 30
0.000000000
 10
55.500000000
 20
68.332859880
 30
0.000000000
 10
55.500000000
 20
68.415470220
 30
0.000000000
 10
55.500000000
 20
68.498080560
 30
0.000000000
 10
55.500000000
 20
68.602501547
 30
0.000000000
 10
55.500000000
 20
68.706922534
 30
0.000000000
 10
55.500000000
 20
68.831841014
 30
0.000000000
 10
55.500000000
 20
68.956759494
 30
0.000000000
 10
55.500000000
 20
69.100604544
 30
0.000000000
 10
55.500000000
 20
69.244449594
 30
0.000000000
 10
55.500000000
 20
69.405412279
 30
0.000000000
 10
55.500000000
 20
69.566374964
 30
0.000000000
 10
55.500000000
 20
69.742431085
 30
0.000000000
 10
55.500000000
 20
69.918487207
 30
0.000000000
 10
55.500000000
 20
70.107422756
 30
0.000000000
 10
55.500000000
 20
70.296358306
 30
0.000000000
 10
55.500000000
 20
70.495797309
 30
0.000000000
 10
55.500000000
 20
70.695236313
 30
0.000000000
 10
55.500000000
 20
70.902670709
 30
0.000000000
 10
55.500000000
 20
71.110105106
 30
0.000000000
 10
55.500000000
 20
71.534227355
 30
0.000000000
 10
55.500000000
 20
71.966810701
 30
0.000000000
  0
SPLINE
  5
AF7
330
A02
100
AcDbEntity
  8
SectionView
100
AcDbSpline
210
0
220
0
230
1
 70
8
 71
2
 72
30
 73
27
 74
0
 40
0.000000000
 40
0.000000000
 40
0.000000000
 40
0.224399475
 40
0.224399475
 40
0.336599213
 40
0.336599213
 40
0.448798951
 40
0.448798951
 40
0.560998688
 40
0.560998688
 40
0.673198426
 40
0.673198426
 40
0.785398163
 40
0.785398163
 40
0.897597901
 40
0.897597901
 40
1.009797639
 40
1.009797639
 40
1.121997376
 40
1.121997376
 40
1.234197114
 40
1.234197114
 40
1.346396852
 40
1.346396852
 40
1.458596589
 40
1.458596589
 40
1.570796327
 40
1.570796327
 40
1.570796327
 10
55.500000000
 20
104.966810701
 30
0.000000000
 10
55.500000000
 20
105.399394048
 30
0.000000000
 10
55.500000000
 20
105.823516297
 30
0.000000000
 10
55.500000000
 20
106.030950693
 30
0.000000000
 10
55.500000000
 20
106.238385090
 30
0.000000000
 10
55.500000000
 20
106.437824093
 30
0.000000000
 10
55.500000000
 20
106.637263097
 30
0.000000000
 10
55.500000000
 20
106.826198646
 30
0.000000000
 10
55.500000000
 20
107.015134196
 30
0.000000000
 10
55.500000000
 20
107.191190317
 30
0.000000000
 10
55.500000000
 20
107.367246438
 30
0.000000000
 10
55.500000000
 20
107.528209124
 30
0.000000000
 10
55.500000000
 20
107.689171809
 30
0.000000000
 10
55.500000000
 20
107.833016859
 30
0.000000000
 10
55.500000000
 20
107.976861909
 30
0.000000000
 10
55.500000000
 20
108.101780389
 30
0.000000000
 10
55.500000000
 20
108.226698868
 30
0.000000000
 10
55.500000000
 20
108.331119856
 30
0.000000000
 10
55.500000000
 20
108.435540843
 30
0.000000000
 10
55.500000000
 20
108.518151183
 30
0.000000000
 10
55.500000000
 20
108.600761523
 30
0.000000000
 10
55.500000000
 20
108.660522343
 30
0.000000000
 10
55.500000000
 20
108.720283163
 30
0.000000000
 10
55.500000000
 20
108.756442936
 30
0.000000000
 10
55.500000000
 20
108.792602709
 30
0.000000000
 10
55.500000000
 20
108.804706705
 30
0.000000000
 10
55.500000000
 20
108.816810701
 30
0.000000000
  0
SPLINE
  5
AF8
330
A02
100
AcDbEntity
  8
SectionView
100
AcDbSpline
210
0
220
0
230
1
 70
8
 71
1
 72
17
 73
15
 74
0
 40
1.570796327
 40
1.570796327
 40
1.795195802
 40
2.019595277
 40
2.243994753
 40
2.468394228
 40
2.692793703
 40
2.917193178
 40
3.141592654
 40
3.365992129
 40
3.590391604
 40
3.814791079
 40
4.039190555
 40
4.263590030
 40
4.487989505
 40
4.712388980
 40
4.712388980
 10
55.500000000
 20
108.816810701
 30
0.000000000
 10
55.500000000
 20
108.720283163
 30
0.000000000
 10
55.500000000
 20
108.435540843
 30
0.000000000
 10
55.500000000
 20
107.976861909
 30
0.000000000
 10
55.500000000
 20
107.367246438
 30
0.000000000
 10
55.500000000
 20
106.637263097
 30
0.000000000
 10
55.500000000
 20
105.823516297
 30
0.000000000
 10
55.500000000
 20
104.966810701
 30
0.000000000
 10
55.500000000
 20
104.110105106
 30
0.000000000
 10
55.500000000
 20
103.296358306
 30
0.000000000
 10
55.500000000
 20
102.566374964
 30
0.000000000
 10
55.500000000
 20
101.956759494
 30
0.000000000
 10
55.500000000
 20
101.498080560
 30
0.000000000
 10
55.500000000
 20
101.213338239
 30
0.000000000
 10
55.500000000
 20
101.116810701
 30
0.000000000
  0
SPLINE
  5
AF9
330
A02
100
AcDbEntity
  8
SectionView
100
AcDbSpline
210
0
220
0
230
1
 70
8
 71
2
 72
30
 73
27
 74
0
 40
4.712388980
 40
4.712388980
 40
4.712388980
 40
4.824588718
 40
4.824588718
 40
4.936788456
 40
4.936788456
 40
5.048988193
 40
5.048988193
 40
5.161187931
 40
5.161187931
 40
5.273387669
 40
5.273387669
 40
5.385587406
 40
5.385587406
 40
5.497787144
 40
5.497787144
 40
5.609986881
 40
5.609986881
 40
5.722186619
 40
5.722186619
 40
5.834386357
 40
5.834386357
 40
5.946586094
 40
5.946586094
 40
6.058785832
 40
6.058785832
 40
6.283185307
 40
6.283185307
 40
6.283185307
 10
55.500000000
 20
101.116810701
 30
0.000000000
 10
55.500000000
 20
101.128914697
 30
0.000000000
 10
55.500000000
 20
101.141018693
 30
0.000000000
 10
55.500000000
 20
101.177178466
 30
0.000000000
 10
55.500000000
 20
101.213338239
 30
0.000000000
 10
55.500000000
 20
101.273099059
 30
0.000000000
 10
55.500000000
 20
101.332859880
 30
0.000000000
 10
55.500000000
 20
101.415470220
 30
0.000000000
 10
55.500000000
 20
101.498080560
 30
0.000000000
 10
55.500000000
 20
101.602501547
 30
0.000000000
 10
55.500000000
 20
101.706922534
 30
0.000000000
 10
55.500000000
 20
101.831841014
 30
0.000000000
 10
55.500000000
 20
101.956759494
 30
0.000000000
 10
55.500000000
 20
102.100604544
 30
0.000000000
 10
55.500000000
 20
102.244449594
 30
0.000000000
 10
55.500000000
 20
102.405412279
 30
0.000000000
 10
55.500000000
 20
102.566374964
 30
0.000000000
 10
55.500000000
 20
102.742431085
 30
0.000000000
 10
55.500000000
 20
102.918487207
 30
0.000000000
 10
55.500000000
 20
103.107422756
 30
0.000000000
 10
55.500000000
 20
103.296358306
 30
0.000000000
 10
55.500000000
 20
103.495797309
 30
0.000000000
 10
55.500000000
 20
103.695236313
 30
0.000000000
 10
55.500000000
 20
103.902670709
 30
0.000000000
 10
55.500000000
 20
104.110105106
 30
0.000000000
 10
55.500000000
 20
104.534227355
 30
0.000000000
 10
55.500000000
 20
104.966810701
 30
0.000000000
  0
SPLINE
  5
AFA
330
A02
100
AcDbEntity
  8
SectionView
100
AcDbSpline
210
0
220
0
230
1
 70
8
 71
2
 72
30
 73
27
 74
0
 40
0.000000000
 40
0.000000000
 40
0.000000000
 40
0.224399475
 40
0.224399475
 40
0.336599213
 40
0.336599213
 40
0.448798951
 40
0.448798951
 40
0.560998688
 40
0.560998688
 40
0.673198426
 40
0.673198426
 40
0.785398163
 40
0.785398163
 40
0.897597901
 40
0.897597901
 40
1.009797639
 40
1.009797639
 40
1.121997376
 40
1.121997376
 40
1.234197114
 40
1.234197114
 40
1.346396852
 40
1.346396852
 40
1.458596589
 40
1.458596589
 40
1.570796327
 40
1.570796327
 40
1.570796327
 10
55.500000000
 20
104.966810701
 30
0.000000000
 10
55.500000000
 20
105.399394048
 30
0.000000000
 10
55.500000000
 20
105.823516297
 30
0.000000000
 10
55.500000000
 20
106.030950693
 30
0.000000000
 10
55.500000000
 20
106.238385090
 30
0.000000000
 10
55.500000000
 20
106.437824093
 30
0.000000000
 10
55.500000000
 20
106.637263097
 30
0.000000000
 10
55.500000000
 20
106.826198646
 30
0.000000000
 10
55.500000000
 20
107.015134196
 30
0.000000000
 10
55.500000000
 20
107.191190317
 30
0.000000000
 10
55.500000000
 20
107.367246438
 30
0.000000000
 10
55.500000000
 20
107.528209124
 30
0.000000000
 10
55.500000000
 20
107.689171809
 30
0.000000000
 10
55.500000000
 20
107.833016859
 30
0.000000000
 10
55.500000000
 20
107.976861909
 30
0.000000000
 10
55.500000000
 20
108.101780389
 30
0.000000000
 10
55.500000000
 20
108.226698868
 30
0.000000000
 10
55.500000000
 20
108.331119856
 30
0.000000000
 10
55.500000000
 20
108.435540843
 30
0.000000000
 10
55.500000000
 20
108.518151183
 30
0.000000000
 10
55.500000000
 20
108.600761523
 30
0.000000000
 10
55.500000000
 20
108.660522343
 30
0.000000000
 10
55.500000000
 20
108.720283163
 30
0.000000000
 10
55.500000000
 20
108.756442936
 30
0.000000000
 10
55.500000000
 20
108.792602709
 30
0.000000000
 10
55.500000000
 20
108.804706705
 30
0.000000000
 10
55.500000000
 20
108.816810701
 30
0.000000000
  0
SPLINE
  5
AFB
330
A02
100
AcDbEntity
  8
SectionView
100
AcDbSpline
210
0
220
0
230
1
 70
8
 71
1
 72
17
 73
15
 74
0
 40
1.570796327
 40
1.570796327
 40
1.795195802
 40
2.019595277
 40
2.243994753
 40
2.468394228
 40
2.692793703
 40
2.917193178
 40
3.141592654
 40
3.365992129
 40
3.590391604
 40
3.814791079
 40
4.039190555
 40
4.263590030
 40
4.487989505
 40
4.712388980
 40
4.712388980
 10
55.500000000
 20
108.816810701
 30
0.000000000
 10
55.500000000
 20
108.720283163
 30
0.000000000
 10
55.500000000
 20
108.435540843
 30
0.000000000
 10
55.500000000
 20
107.976861909
 30
0.000000000
 10
55.500000000
 20
107.367246438
 30
0.000000000
 10
55.500000000
 20
106.637263097
 30
0.000000000
 10
55.500000000
 20
105.823516297
 30
0.000000000
 10
55.500000000
 20
104.966810701
 30
0.000000000
 10
55.500000000
 20
104.110105106
 30
0.000000000
 10
55.500000000
 20
103.296358306
 30
0.000000000
 10
55.500000000
 20
102.566374964
 30
0.000000000
 10
55.500000000
 20
101.956759494
 30
0.000000000
 10
55.500000000
 20
101.498080560
 30
0.000000000
 10
55.500000000
 20
101.213338239
 30
0.000000000
 10
55.500000000
 20
101.116810701
 30
0.000000000
  0
SPLINE
  5
AFC
330
A02
100
AcDbEntity
  8
SectionView
100
AcDbSpline
210
0
220
0
230
1
 70
8
 71
2
 72
30
 73
27
 74
0
 40
4.712388980
 40
4.712388980
 40
4.712388980
 40
4.824588718
 40
4.824588718
 40
4.936788456
 40
4.936788456
 40
5.048988193
 40
5.048988193
 40
5.161187931
 40
5.161187931
 40
5.273387669
 40
5.273387669
 40
5.385587406
 40
5.385587406
 40
5.497787144
 40
5.497787144
 40
5.609986881
 40
5.609986881
 40
5.722186619
 40
5.722186619
 40
5.834386357
 40
5.834386357
 40
5.946586094
 40
5.946586094
 40
6.058785832
 40
6.058785832
 40
6.283185307
 40
6.283185307
 40
6.283185307
 10
55.500000000
 20
101.116810701
 30
0.000000000
 10
55.500000000
 20
101.128914697
 30
0.000000000
 10
55.500000000
 20
101.141018693
 30
0.000000000
 10
55.500000000
 20
101.177178466
 30
0.000000000
 10
55.500000000
 20
101.213338239
 30
0.000000000
 10
55.500000000
 20
101.273099059
 30
0.000000000
 10
55.500000000
 20
101.332859880
 30
0.000000000
 10
55.500000000
 20
101.415470220
 30
0.000000000
 10
55.500000000
 20
101.498080560
 30
0.000000000
 10
55.500000000
 20
101.602501547
 30
0.000000000
 10
55.500000000
 20
101.706922534
 30
0.000000000
 10
55.500000000
 20
101.831841014
 30
0.000000000
 10
55.500000000
 20
101.956759494
 30
0.000000000
 10
55.500000000
 20
102.100604544
 30
0.000000000
 10
55.500000000
 20
102.244449594
 30
0.000000000
 10
55.500000000
 20
102.405412279
 30
0.000000000
 10
55.500000000
 20
102.566374964
 30
0.000000000
 10
55.500000000
 20
102.742431085
 30
0.000000000
 10
55.500000000
 20
102.918487207
 30
0.000000000
 10
55.500000000
 20
103.107422756
 30
0.000000000
 10
55.500000000
 20
103.296358306
 30
0.000000000
 10
55.500000000
 20
103.495797309
 30
0.000000000
 10
55.500000000
 20
103.695236313
 30
0.000000000
 10
55.500000000
 20
103.902670709
 30
0.000000000
 10
55.500000000
 20
104.110105106
 30
0.000000000
 10
55.500000000
 20
104.534227355
 30
0.000000000
 10
55.500000000
 20
104.966810701
 30
0.000000000
  0
SPLINE
  5
AFD
330
A02
100
AcDbEntity
  8
SectionView
100
AcDbSpline
210
0
220
0
230
1
 70
8
 71
2
 72
30
 73
27
 74
0
 40
0.000000000
 40
0.000000000
 40
0.000000000
 40
0.224399475
 40
0.224399475
 40
0.336599213
 40
0.336599213
 40
0.448798951
 40
0.448798951
 40
0.560998688
 40
0.560998688
 40
0.673198426
 40
0.673198426
 40
0.785398163
 40
0.785398163
 40
0.897597901
 40
0.897597901
 40
1.009797639
 40
1.009797639
 40
1.121997376
 40
1.121997376
 40
1.234197114
 40
1.234197114
 40
1.346396852
 40
1.346396852
 40
1.458596589
 40
1.458596589
 40
1.570796327
 40
1.570796327
 40
1.570796327
 10
55.500000000
 20
82.966810701
 30
0.000000000
 10
55.500000000
 20
83.399394048
 30
0.000000000
 10
55.500000000
 20
83.823516297
 30
0.000000000
 10
55.500000000
 20
84.030950693
 30
0.000000000
 10
55.500000000
 20
84.238385090
 30
0.000000000
 10
55.500000000
 20
84.437824093
 30
0.000000000
 10
55.500000000
 20
84.637263097
 30
0.000000000
 10
55.500000000
 20
84.826198646
 30
0.000000000
 10
55.500000000
 20
85.015134196
 30
0.000000000
 10
55.500000000
 20
85.191190317
 30
0.000000000
 10
55.500000000
 20
85.367246438
 30
0.000000000
 10
55.500000000
 20
85.528209124
 30
0.000000000
 10
55.500000000
 20
85.689171809
 30
0.000000000
 10
55.500000000
 20
85.833016859
 30
0.000000000
 10
55.500000000
 20
85.976861909
 30
0.000000000
 10
55.500000000
 20
86.101780389
 30
0.000000000
 10
55.500000000
 20
86.226698868
 30
0.000000000
 10
55.500000000
 20
86.331119856
 30
0.000000000
 10
55.500000000
 20
86.435540843
 30
0.000000000
 10
55.500000000
 20
86.518151183
 30
0.000000000
 10
55.500000000
 20
86.600761523
 30
0.000000000
 10
55.500000000
 20
86.660522343
 30
0.000000000
 10
55.500000000
 20
86.720283163
 30
0.000000000
 10
55.500000000
 20
86.756442936
 30
0.000000000
 10
55.500000000
 20
86.792602709
 30
0.000000000
 10
55.500000000
 20
86.804706705
 30
0.000000000
 10
55.500000000
 20
86.816810701
 30
0.000000000
  0
SPLINE
  5
AFE
330
A02
100
AcDbEntity
  8
SectionView
100
AcDbSpline
210
0
220
0
230
1
 70
8
 71
1
 72
17
 73
15
 74
0
 40
1.570796327
 40
1.570796327
 40
1.795195802
 40
2.019595277
 40
2.243994753
 40
2.468394228
 40
2.692793703
 40
2.917193178
 40
3.141592654
 40
3.365992129
 40
3.590391604
 40
3.814791079
 40
4.039190555
 40
4.263590030
 40
4.487989505
 40
4.712388980
 40
4.712388980
 10
55.500000000
 20
86.816810701
 30
0.000000000
 10
55.500000000
 20
86.720283163
 30
0.000000000
 10
55.500000000
 20
86.435540843
 30
0.000000000
 10
55.500000000
 20
85.976861909
 30
0.000000000
 10
55.500000000
 20
85.367246438
 30
0.000000000
 10
55.500000000
 20
84.637263097
 30
0.000000000
 10
55.500000000
 20
83.823516297
 30
0.000000000
 10
55.500000000
 20
82.966810701
 30
0.000000000
 10
55.500000000
 20
82.110105106
 30
0.000000000
 10
55.500000000
 20
81.296358306
 30
0.000000000
 10
55.500000000
 20
80.566374964
 30
0.000000000
 10
55.500000000
 20
79.956759494
 30
0.000000000
 10
55.500000000
 20
79.498080560
 30
0.000000000
 10
55.500000000
 20
79.213338239
 30
0.000000000
 10
55.500000000
 20
79.116810701
 30
0.000000000
  0
SPLINE
  5
AFF
330
A02
100
AcDbEntity
  8
SectionView
100
AcDbSpline
210
0
220
0
230
1
 70
8
 71
2
 72
30
 73
27
 74
0
 40
4.712388980
 40
4.712388980
 40
4.712388980
 40
4.824588718
 40
4.824588718
 40
4.936788456
 40
4.936788456
 40
5.048988193
 40
5.048988193
 40
5.161187931
 40
5.161187931
 40
5.273387669
 40
5.273387669
 40
5.385587406
 40
5.385587406
 40
5.497787144
 40
5.497787144
 40
5.609986881
 40
5.609986881
 40
5.722186619
 40
5.722186619
 40
5.834386357
 40
5.834386357
 40
5.946586094
 40
5.946586094
 40
6.058785832
 40
6.058785832
 40
6.283185307
 40
6.283185307
 40
6.283185307
 10
55.500000000
 20
79.116810701
 30
0.000000000
 10
55.500000000
 20
79.128914697
 30
0.000000000
 10
55.500000000
 20
79.141018693
 30
0.000000000
 10
55.500000000
 20
79.177178466
 30
0.000000000
 10
55.500000000
 20
79.213338239
 30
0.000000000
 10
55.500000000
 20
79.273099059
 30
0.000000000
 10
55.500000000
 20
79.332859880
 30
0.000000000
 10
55.500000000
 20
79.415470220
 30
0.000000000
 10
55.500000000
 20
79.498080560
 30
0.000000000
 10
55.500000000
 20
79.602501547
 30
0.000000000
 10
55.500000000
 20
79.706922534
 30
0.000000000
 10
55.500000000
 20
79.831841014
 30
0.000000000
 10
55.500000000
 20
79.956759494
 30
0.000000000
 10
55.500000000
 20
80.100604544
 30
0.000000000
 10
55.500000000
 20
80.244449594
 30
0.000000000
 10
55.500000000
 20
80.405412279
 30
0.000000000
 10
55.500000000
 20
80.566374964
 30
0.000000000
 10
55.500000000
 20
80.742431085
 30
0.000000000
 10
55.500000000
 20
80.918487207
 30
0.000000000
 10
55.500000000
 20
81.107422756
 30
0.000000000
 10
55.500000000
 20
81.296358306
 30
0.000000000
 10
55.500000000
 20
81.495797309
 30
0.000000000
 10
55.500000000
 20
81.695236313
 30
0.000000000
 10
55.500000000
 20
81.902670709
 30
0.000000000
 10
55.500000000
 20
82.110105106
 30
0.000000000
 10
55.500000000
 20
82.534227355
 30
0.000000000
 10
55.500000000
 20
82.966810701
 30
0.000000000
  0
SPLINE
  5
B00
330
A02
100
AcDbEntity
  8
SectionView
100
AcDbSpline
210
0
220
0
230
1
 70
8
 71
2
 72
30
 73
27
 74
0
 40
0.000000000
 40
0.000000000
 40
0.000000000
 40
0.224399475
 40
0.224399475
 40
0.336599213
 40
0.336599213
 40
0.448798951
 40
0.448798951
 40
0.560998688
 40
0.560998688
 40
0.673198426
 40
0.673198426
 40
0.785398163
 40
0.785398163
 40
0.897597901
 40
0.897597901
 40
1.009797639
 40
1.009797639
 40
1.121997376
 40
1.121997376
 40
1.234197114
 40
1.234197114
 40
1.346396852
 40
1.346396852
 40
1.458596589
 40
1.458596589
 40
1.570796327
 40
1.570796327
 40
1.570796327
 10
55.500000000
 20
82.966810701
 30
0.000000000
 10
55.500000000
 20
83.399394048
 30
0.000000000
 10
55.500000000
 20
83.823516297
 30
0.000000000
 10
55.500000000
 20
84.030950693
 30
0.000000000
 10
55.500000000
 20
84.238385090
 30
0.000000000
 10
55.500000000
 20
84.437824093
 30
0.000000000
 10
55.500000000
 20
84.637263097
 30
0.000000000
 10
55.500000000
 20
84.826198646
 30
0.000000000
 10
55.500000000
 20
85.015134196
 30
0.000000000
 10
55.500000000
 20
85.191190317
 30
0.000000000
 10
55.500000000
 20
85.367246438
 30
0.000000000
 10
55.500000000
 20
85.528209124
 30
0.000000000
 10
55.500000000
 20
85.689171809
 30
0.000000000
 10
55.500000000
 20
85.833016859
 30
0.000000000
 10
55.500000000
 20
85.976861909
 30
0.000000000
 10
55.500000000
 20
86.101780389
 30
0.000000000
 10
55.500000000
 20
86.226698868
 30
0.000000000
 10
55.500000000
 20
86.331119856
 30
0.000000000
 10
55.500000000
 20
86.435540843
 30
0.000000000
 10
55.500000000
 20
86.518151183
 30
0.000000000
 10
55.500000000
 20
86.600761523
 30
0.000000000
 10
55.500000000
 20
86.660522343
 30
0.000000000
 10
55.500000000
 20
86.720283163
 30
0.000000000
 10
55.500000000
 20
86.756442936
 30
0.000000000
 10
55.500000000
 20
86.792602709
 30
0.000000000
 10
55.500000000
 20
86.804706705
 30
0.000000000
 10
55.500000000
 20
86.816810701
 30
0.000000000
  0
SPLINE
  5
B01
330
A02
100
AcDbEntity
  8
SectionView
100
AcDbSpline
210
0
220
0
230
1
 70
8
 71
1
 72
17
 73
15
 74
0
 40
1.570796327
 40
1.570796327
 40
1.795195802
 40
2.019595277
 40
2.243994753
 40
2.468394228
 40
2.692793703
 40
2.917193178
 40
3.141592654
 40
3.365992129
 40
3.590391604
 40
3.814791079
 40
4.039190555
 40
4.263590030
 40
4.487989505
 40
4.712388980
 40
4.712388980
 10
55.500000000
 20
86.816810701
 30
0.000000000
 10
55.500000000
 20
86.720283163
 30
0.000000000
 10
55.500000000
 20
86.435540843
 30
0.000000000
 10
55.500000000
 20
85.976861909
 30
0.000000000
 10
55.500000000
 20
85.367246438
 30
0.000000000
 10
55.500000000
 20
84.637263097
 30
0.000000000
 10
55.500000000
 20
83.823516297
 30
0.000000000
 10
55.500000000
 20
82.966810701
 30
0.000000000
 10
55.500000000
 20
82.110105106
 30
0.000000000
 10
55.500000000
 20
81.296358306
 30
0.000000000
 10
55.500000000
 20
80.566374964
 30
0.000000000
 10
55.500000000
 20
79.956759494
 30
0.000000000
 10
55.500000000
 20
79.498080560
 30
0.000000000
 10
55.500000000
 20
79.213338239
 30
0.000000000
 10
55.500000000
 20
79.116810701
 30
0.000000000
  0
SPLINE
  5
B02
330
A02
100
AcDbEntity
  8
SectionView
100
AcDbSpline
210
0
220
0
230
1
 70
8
 71
2
 72
30
 73
27
 74
0
 40
4.712388980
 40
4.712388980
 40
4.712388980
 40
4.824588718
 40
4.824588718
 40
4.936788456
 40
4.936788456
 40
5.048988193
 40
5.048988193
 40
5.161187931
 40
5.161187931
 40
5.273387669
 40
5.273387669
 40
5.385587406
 40
5.385587406
 40
5.497787144
 40
5.497787144
 40
5.609986881
 40
5.609986881
 40
5.722186619
 40
5.722186619
 40
5.834386357
 40
5.834386357
 40
5.946586094
 40
5.946586094
 40
6.058785832
 40
6.058785832
 40
6.283185307
 40
6.283185307
 40
6.283185307
 10
55.500000000
 20
79.116810701
 30
0.000000000
 10
55.500000000
 20
79.128914697
 30
0.000000000
 10
55.500000000
 20
79.141018693
 30
0.000000000
 10
55.500000000
 20
79.177178466
 30
0.000000000
 10
55.500000000
 20
79.213338239
 30
0.000000000
 10
55.500000000
 20
79.273099059
 30
0.000000000
 10
55.500000000
 20
79.332859880
 30
0.000000000
 10
55.500000000
 20
79.415470220
 30
0.000000000
 10
55.500000000
 20
79.498080560
 30
0.000000000
 10
55.500000000
 20
79.602501547
 30
0.000000000
 10
55.500000000
 20
79.706922534
 30
0.000000000
 10
55.500000000
 20
79.831841014
 30
0.000000000
 10
55.500000000
 20
79.956759494
 30
0.000000000
 10
55.500000000
 20
80.100604544
 30
0.000000000
 10
55.500000000
 20
80.244449594
 30
0.000000000
 10
55.500000000
 20
80.405412279
 30
0.000000000
 10
55.500000000
 20
80.566374964
 30
0.000000000
 10
55.500000000
 20
80.742431085
 30
0.000000000
 10
55.500000000
 20
80.918487207
 30
0.000000000
 10
55.500000000
 20
81.107422756
 30
0.000000000
 10
55.500000000
 20
81.296358306
 30
0.000000000
 10
55.500000000
 20
81.495797309
 30
0.000000000
 10
55.500000000
 20
81.695236313
 30
0.000000000
 10
55.500000000
 20
81.902670709
 30
0.000000000
 10
55.500000000
 20
82.110105106
 30
0.000000000
 10
55.500000000
 20
82.534227355
 30
0.000000000
 10
55.500000000
 20
82.966810701
 30
0.000000000
  0
SPLINE
  5
B03
330
A02
100
AcDbEntity
  8
SectionView
100
AcDbSpline
210
0
220
0
230
1
 70
8
 71
2
 72
30
 73
27
 74
0
 40
0.000000000
 40
0.000000000
 40
0.000000000
 40
0.224399475
 40
0.224399475
 40
0.336599213
 40
0.336599213
 40
0.448798951
 40
0.448798951
 40
0.560998688
 40
0.560998688
 40
0.673198426
 40
0.673198426
 40
0.785398163
 40
0.785398163
 40
0.897597901
 40
0.897597901
 40
1.009797639
 40
1.009797639
 40
1.121997376
 40
1.121997376
 40
1.234197114
 40
1.234197114
 40
1.346396852
 40
1.346396852
 40
1.458596589
 40
1.458596589
 40
1.570796327
 40
1.570796327
 40
1.570796327
 10
55.500000000
 20
93.966810701
 30
0.000000000
 10
55.500000000
 20
94.399394048
 30
0.000000000
 10
55.500000000
 20
94.823516297
 30
0.000000000
 10
55.500000000
 20
95.030950693
 30
0.000000000
 10
55.500000000
 20
95.238385090
 30
0.000000000
 10
55.500000000
 20
95.437824093
 30
0.000000000
 10
55.500000000
 20
95.637263097
 30
0.000000000
 10
55.500000000
 20
95.826198646
 30
0.000000000
 10
55.500000000
 20
96.015134196
 30
0.000000000
 10
55.500000000
 20
96.191190317
 30
0.000000000
 10
55.500000000
 20
96.367246438
 30
0.000000000
 10
55.500000000
 20
96.528209124
 30
0.000000000
 10
55.500000000
 20
96.689171809
 30
0.000000000
 10
55.500000000
 20
96.833016859
 30
0.000000000
 10
55.500000000
 20
96.976861909
 30
0.000000000
 10
55.500000000
 20
97.101780389
 30
0.000000000
 10
55.500000000
 20
97.226698868
 30
0.000000000
 10
55.500000000
 20
97.331119856
 30
0.000000000
 10
55.500000000
 20
97.435540843
 30
0.000000000
 10
55.500000000
 20
97.518151183
 30
0.000000000
 10
55.500000000
 20
97.600761523
 30
0.000000000
 10
55.500000000
 20
97.660522343
 30
0.000000000
 10
55.500000000
 20
97.720283163
 30
0.000000000
 10
55.500000000
 20
97.756442936
 30
0.000000000
 10
55.500000000
 20
97.792602709
 30
0.000000000
 10
55.500000000
 20
97.804706705
 30
0.000000000
 10
55.500000000
 20
97.816810701
 30
0.000000000
  0
SPLINE
  5
B04
330
A02
100
AcDbEntity
  8
SectionView
100
AcDbSpline
210
0
220
0
230
1
 70
8
 71
1
 72
17
 73
15
 74
0
 40
1.570796327
 40
1.570796327
 40
1.795195802
 40
2.019595277
 40
2.243994753
 40
2.468394228
 40
2.692793703
 40
2.917193178
 40
3.141592654
 40
3.365992129
 40
3.590391604
 40
3.814791079
 40
4.039190555
 40
4.263590030
 40
4.487989505
 40
4.712388980
 40
4.712388980
 10
55.500000000
 20
97.816810701
 30
0.000000000
 10
55.500000000
 20
97.720283163
 30
0.000000000
 10
55.500000000
 20
97.435540843
 30
0.000000000
 10
55.500000000
 20
96.976861909
 30
0.000000000
 10
55.500000000
 20
96.367246438
 30
0.000000000
 10
55.500000000
 20
95.637263097
 30
0.000000000
 10
55.500000000
 20
94.823516297
 30
0.000000000
 10
55.500000000
 20
93.966810701
 30
0.000000000
 10
55.500000000
 20
93.110105106
 30
0.000000000
 10
55.500000000
 20
92.296358306
 30
0.000000000
 10
55.500000000
 20
91.566374964
 30
0.000000000
 10
55.500000000
 20
90.956759494
 30
0.000000000
 10
55.500000000
 20
90.498080560
 30
0.000000000
 10
55.500000000
 20
90.213338239
 30
0.000000000
 10
55.500000000
 20
90.116810701
 30
0.000000000
  0
SPLINE
  5
B05
330
A02
100
AcDbEntity
  8
SectionView
100
AcDbSpline
210
0
220
0
230
1
 70
8
 71
2
 72
30
 73
27
 74
0
 40
4.712388980
 40
4.712388980
 40
4.712388980
 40
4.824588718
 40
4.824588718
 40
4.936788456
 40
4.936788456
 40
5.048988193
 40
5.048988193
 40
5.161187931
 40
5.161187931
 40
5.273387669
 40
5.273387669
 40
5.385587406
 40
5.385587406
 40
5.497787144
 40
5.497787144
 40
5.609986881
 40
5.609986881
 40
5.722186619
 40
5.722186619
 40
5.834386357
 40
5.834386357
 40
5.946586094
 40
5.946586094
 40
6.058785832
 40
6.058785832
 40
6.283185307
 40
6.283185307
 40
6.283185307
 10
55.500000000
 20
90.116810701
 30
0.000000000
 10
55.500000000
 20
90.128914697
 30
0.000000000
 10
55.500000000
 20
90.141018693
 30
0.000000000
 10
55.500000000
 20
90.177178466
 30
0.000000000
 10
55.500000000
 20
90.213338239
 30
0.000000000
 10
55.500000000
 20
90.273099059
 30
0.000000000
 10
55.500000000
 20
90.332859880
 30
0.000000000
 10
55.500000000
 20
90.415470220
 30
0.000000000
 10
55.500000000
 20
90.498080560
 30
0.000000000
 10
55.500000000
 20
90.602501547
 30
0.000000000
 10
55.500000000
 20
90.706922534
 30
0.000000000
 10
55.500000000
 20
90.831841014
 30
0.000000000
 10
55.500000000
 20
90.956759494
 30
0.000000000
 10
55.500000000
 20
91.100604544
 30
0.000000000
 10
55.500000000
 20
91.244449594
 30
0.000000000
 10
55.500000000
 20
91.405412279
 30
0.000000000
 10
55.500000000
 20
91.566374964
 30
0.000000000
 10
55.500000000
 20
91.742431085
 30
0.000000000
 10
55.500000000
 20
91.918487207
 30
0.000000000
 10
55.500000000
 20
92.107422756
 30
0.000000000
 10
55.500000000
 20
92.296358306
 30
0.000000000
 10
55.500000000
 20
92.495797309
 30
0.000000000
 10
55.500000000
 20
92.695236313
 30
0.000000000
 10
55.500000000
 20
92.902670709
 30
0.000000000
 10
55.500000000
 20
93.110105106
 30
0.000000000
 10
55.500000000
 20
93.534227355
 30
0.000000000
 10
55.500000000
 20
93.966810701
 30
0.000000000
  0
SPLINE
  5
B06
330
A02
100
AcDbEntity
  8
SectionView
100
AcDbSpline
210
0
220
0
230
1
 70
8
 71
2
 72
30
 73
27
 74
0
 40
0.000000000
 40
0.000000000
 40
0.000000000
 40
0.224399475
 40
0.224399475
 40
0.336599213
 40
0.336599213
 40
0.448798951
 40
0.448798951
 40
0.560998688
 40
0.560998688
 40
0.673198426
 40
0.673198426
 40
0.785398163
 40
0.785398163
 40
0.897597901
 40
0.897597901
 40
1.009797639
 40
1.009797639
 40
1.121997376
 40
1.121997376
 40
1.234197114
 40
1.234197114
 40
1.346396852
 40
1.346396852
 40
1.458596589
 40
1.458596589
 40
1.570796327
 40
1.570796327
 40
1.570796327
 10
55.500000000
 20
93.966810701
 30
0.000000000
 10
55.500000000
 20
94.399394048
 30
0.000000000
 10
55.500000000
 20
94.823516297
 30
0.000000000
 10
55.500000000
 20
95.030950693
 30
0.000000000
 10
55.500000000
 20
95.238385090
 30
0.000000000
 10
55.500000000
 20
95.437824093
 30
0.000000000
 10
55.500000000
 20
95.637263097
 30
0.000000000
 10
55.500000000
 20
95.826198646
 30
0.000000000
 10
55.500000000
 20
96.015134196
 30
0.000000000
 10
55.500000000
 20
96.191190317
 30
0.000000000
 10
55.500000000
 20
96.367246438
 30
0.000000000
 10
55.500000000
 20
96.528209124
 30
0.000000000
 10
55.500000000
 20
96.689171809
 30
0.000000000
 10
55.500000000
 20
96.833016859
 30
0.000000000
 10
55.500000000
 20
96.976861909
 30
0.000000000
 10
55.500000000
 20
97.101780389
 30
0.000000000
 10
55.500000000
 20
97.226698868
 30
0.000000000
 10
55.500000000
 20
97.331119856
 30
0.000000000
 10
55.500000000
 20
97.435540843
 30
0.000000000
 10
55.500000000
 20
97.518151183
 30
0.000000000
 10
55.500000000
 20
97.600761523
 30
0.000000000
 10
55.500000000
 20
97.660522343
 30
0.000000000
 10
55.500000000
 20
97.720283163
 30
0.000000000
 10
55.500000000
 20
97.756442936
 30
0.000000000
 10
55.500000000
 20
97.792602709
 30
0.000000000
 10
55.500000000
 20
97.804706705
 30
0.000000000
 10
55.500000000
 20
97.816810701
 30
0.000000000
  0
SPLINE
  5
B07
330
A02
100
AcDbEntity
  8
SectionView
100
AcDbSpline
210
0
220
0
230
1
 70
8
 71
1
 72
17
 73
15
 74
0
 40
1.570796327
 40
1.570796327
 40
1.795195802
 40
2.019595277
 40
2.243994753
 40
2.468394228
 40
2.692793703
 40
2.917193178
 40
3.141592654
 40
3.365992129
 40
3.590391604
 40
3.814791079
 40
4.039190555
 40
4.263590030
 40
4.487989505
 40
4.712388980
 40
4.712388980
 10
55.500000000
 20
97.816810701
 30
0.000000000
 10
55.500000000
 20
97.720283163
 30
0.000000000
 10
55.500000000
 20
97.435540843
 30
0.000000000
 10
55.500000000
 20
96.976861909
 30
0.000000000
 10
55.500000000
 20
96.367246438
 30
0.000000000
 10
55.500000000
 20
95.637263097
 30
0.000000000
 10
55.500000000
 20
94.823516297
 30
0.000000000
 10
55.500000000
 20
93.966810701
 30
0.000000000
 10
55.500000000
 20
93.110105106
 30
0.000000000
 10
55.500000000
 20
92.296358306
 30
0.000000000
 10
55.500000000
 20
91.566374964
 30
0.000000000
 10
55.500000000
 20
90.956759494
 30
0.000000000
 10
55.500000000
 20
90.498080560
 30
0.000000000
 10
55.500000000
 20
90.213338239
 30
0.000000000
 10
55.500000000
 20
90.116810701
 30
0.000000000
  0
SPLINE
  5
B08
330
A02
100
AcDbEntity
  8
SectionView
100
AcDbSpline
210
0
220
0
230
1
 70
8
 71
2
 72
30
 73
27
 74
0
 40
4.712388980
 40
4.712388980
 40
4.712388980
 40
4.824588718
 40
4.824588718
 40
4.936788456
 40
4.936788456
 40
5.048988193
 40
5.048988193
 40
5.161187931
 40
5.161187931
 40
5.273387669
 40
5.273387669
 40
5.385587406
 40
5.385587406
 40
5.497787144
 40
5.497787144
 40
5.609986881
 40
5.609986881
 40
5.722186619
 40
5.722186619
 40
5.834386357
 40
5.834386357
 40
5.946586094
 40
5.946586094
 40
6.058785832
 40
6.058785832
 40
6.283185307
 40
6.283185307
 40
6.283185307
 10
55.500000000
 20
90.116810701
 30
0.000000000
 10
55.500000000
 20
90.128914697
 30
0.000000000
 10
55.500000000
 20
90.141018693
 30
0.000000000
 10
55.500000000
 20
90.177178466
 30
0.000000000
 10
55.500000000
 20
90.213338239
 30
0.000000000
 10
55.500000000
 20
90.273099059
 30
0.000000000
 10
55.500000000
 20
90.332859880
 30
0.000000000
 10
55.500000000
 20
90.415470220
 30
0.000000000
 10
55.500000000
 20
90.498080560
 30
0.000000000
 10
55.500000000
 20
90.602501547
 30
0.000000000
 10
55.500000000
 20
90.706922534
 30
0.000000000
 10
55.500000000
 20
90.831841014
 30
0.000000000
 10
55.500000000
 20
90.956759494
 30
0.000000000
 10
55.500000000
 20
91.100604544
 30
0.000000000
 10
55.500000000
 20
91.244449594
 30
0.000000000
 10
55.500000000
 20
91.405412279
 30
0.000000000
 10
55.500000000
 20
91.566374964
 30
0.000000000
 10
55.500000000
 20
91.742431085
 30
0.000000000
 10
55.500000000
 20
91.918487207
 30
0.000000000
 10
55.500000000
 20
92.107422756
 30
0.000000000
 10
55.500000000
 20
92.296358306
 30
0.000000000
 10
55.500000000
 20
92.495797309
 30
0.000000000
 10
55.500000000
 20
92.695236313
 30
0.000000000
 10
55.500000000
 20
92.902670709
 30
0.000000000
 10
55.500000000
 20
93.110105106
 30
0.000000000
 10
55.500000000
 20
93.534227355
 30
0.000000000
 10
55.500000000
 20
93.966810701
 30
0.000000000
  0
SPLINE
  5
B09
330
A02
100
AcDbEntity
  8
SectionView
100
AcDbSpline
210
0
220
0
230
1
 70
8
 71
2
 72
30
 73
27
 74
0
 40
0.000000000
 40
0.000000000
 40
0.000000000
 40
0.224399475
 40
0.224399475
 40
0.336599213
 40
0.336599213
 40
0.448798951
 40
0.448798951
 40
0.560998688
 40
0.560998688
 40
0.673198426
 40
0.673198426
 40
0.785398163
 40
0.785398163
 40
0.897597901
 40
0.897597901
 40
1.009797639
 40
1.009797639
 40
1.121997376
 40
1.121997376
 40
1.234197114
 40
1.234197114
 40
1.346396852
 40
1.346396852
 40
1.458596589
 40
1.458596589
 40
1.570796327
 40
1.570796327
 40
1.570796327
 10
55.500000000
 20
82.966810701
 30
0.000000000
 10
55.500000000
 20
83.399394048
 30
0.000000000
 10
55.500000000
 20
83.823516297
 30
0.000000000
 10
55.500000000
 20
84.030950693
 30
0.000000000
 10
55.500000000
 20
84.238385090
 30
0.000000000
 10
55.500000000
 20
84.437824093
 30
0.000000000
 10
55.500000000
 20
84.637263097
 30
0.000000000
 10
55.500000000
 20
84.826198646
 30
0.000000000
 10
55.500000000
 20
85.015134196
 30
0.000000000
 10
55.500000000
 20
85.191190317
 30
0.000000000
 10
55.500000000
 20
85.367246438
 30
0.000000000
 10
55.500000000
 20
85.528209124
 30
0.000000000
 10
55.500000000
 20
85.689171809
 30
0.000000000
 10
55.500000000
 20
85.833016859
 30
0.000000000
 10
55.500000000
 20
85.976861909
 30
0.000000000
 10
55.500000000
 20
86.101780389
 30
0.000000000
 10
55.500000000
 20
86.226698868
 30
0.000000000
 10
55.500000000
 20
86.331119856
 30
0.000000000
 10
55.500000000
 20
86.435540843
 30
0.000000000
 10
55.500000000
 20
86.518151183
 30
0.000000000
 10
55.500000000
 20
86.600761523
 30
0.000000000
 10
55.500000000
 20
86.660522343
 30
0.000000000
 10
55.500000000
 20
86.720283163
 30
0.000000000
 10
55.500000000
 20
86.756442936
 30
0.000000000
 10
55.500000000
 20
86.792602709
 30
0.000000000
 10
55.500000000
 20
86.804706705
 30
0.000000000
 10
55.500000000
 20
86.816810701
 30
0.000000000
  0
SPLINE
  5
B0A
330
A02
100
AcDbEntity
  8
SectionView
100
AcDbSpline
210
0
220
0
230
1
 70
8
 71
1
 72
17
 73
15
 74
0
 40
1.570796327
 40
1.570796327
 40
1.795195802
 40
2.019595277
 40
2.243994753
 40
2.468394228
 40
2.692793703
 40
2.917193178
 40
3.141592654
 40
3.365992129
 40
3.590391604
 40
3.814791079
 40
4.039190555
 40
4.263590030
 40
4.487989505
 40
4.712388980
 40
4.712388980
 10
55.500000000
 20
86.816810701
 30
0.000000000
 10
55.500000000
 20
86.720283163
 30
0.000000000
 10
55.500000000
 20
86.435540843
 30
0.000000000
 10
55.500000000
 20
85.976861909
 30
0.000000000
 10
55.500000000
 20
85.367246438
 30
0.000000000
 10
55.500000000
 20
84.637263097
 30
0.000000000
 10
55.500000000
 20
83.823516297
 30
0.000000000
 10
55.500000000
 20
82.966810701
 30
0.000000000
 10
55.500000000
 20
82.110105106
 30
0.000000000
 10
55.500000000
 20
81.296358306
 30
0.000000000
 10
55.500000000
 20
80.566374964
 30
0.000000000
 10
55.500000000
 20
79.956759494
 30
0.000000000
 10
55.500000000
 20
79.498080560
 30
0.000000000
 10
55.500000000
 20
79.213338239
 30
0.000000000
 10
55.500000000
 20
79.116810701
 30
0.000000000
  0
SPLINE
  5
B0B
330
A02
100
AcDbEntity
  8
SectionView
100
AcDbSpline
210
0
220
0
230
1
 70
8
 71
2
 72
30
 73
27
 74
0
 40
4.712388980
 40
4.712388980
 40
4.712388980
 40
4.824588718
 40
4.824588718
 40
4.936788456
 40
4.936788456
 40
5.048988193
 40
5.048988193
 40
5.161187931
 40
5.161187931
 40
5.273387669
 40
5.273387669
 40
5.385587406
 40
5.385587406
 40
5.497787144
 40
5.497787144
 40
5.609986881
 40
5.609986881
 40
5.722186619
 40
5.722186619
 40
5.834386357
 40
5.834386357
 40
5.946586094
 40
5.946586094
 40
6.058785832
 40
6.058785832
 40
6.283185307
 40
6.283185307
 40
6.283185307
 10
55.500000000
 20
79.116810701
 30
0.000000000
 10
55.500000000
 20
79.128914697
 30
0.000000000
 10
55.500000000
 20
79.141018693
 30
0.000000000
 10
55.500000000
 20
79.177178466
 30
0.000000000
 10
55.500000000
 20
79.213338239
 30
0.000000000
 10
55.500000000
 20
79.273099059
 30
0.000000000
 10
55.500000000
 20
79.332859880
 30
0.000000000
 10
55.500000000
 20
79.415470220
 30
0.000000000
 10
55.500000000
 20
79.498080560
 30
0.000000000
 10
55.500000000
 20
79.602501547
 30
0.000000000
 10
55.500000000
 20
79.706922534
 30
0.000000000
 10
55.500000000
 20
79.831841014
 30
0.000000000
 10
55.500000000
 20
79.956759494
 30
0.000000000
 10
55.500000000
 20
80.100604544
 30
0.000000000
 10
55.500000000
 20
80.244449594
 30
0.000000000
 10
55.500000000
 20
80.405412279
 30
0.000000000
 10
55.500000000
 20
80.566374964
 30
0.000000000
 10
55.500000000
 20
80.742431085
 30
0.000000000
 10
55.500000000
 20
80.918487207
 30
0.000000000
 10
55.500000000
 20
81.107422756
 30
0.000000000
 10
55.500000000
 20
81.296358306
 30
0.000000000
 10
55.500000000
 20
81.495797309
 30
0.000000000
 10
55.500000000
 20
81.695236313
 30
0.000000000
 10
55.500000000
 20
81.902670709
 30
0.000000000
 10
55.500000000
 20
82.110105106
 30
0.000000000
 10
55.500000000
 20
82.534227355
 30
0.000000000
 10
55.500000000
 20
82.966810701
 30
0.000000000
  0
SPLINE
  5
B0C
330
A02
100
AcDbEntity
  8
SectionView
100
AcDbSpline
210
0
220
0
230
1
 70
8
 71
2
 72
30
 73
27
 74
0
 40
0.000000000
 40
0.000000000
 40
0.000000000
 40
0.224399475
 40
0.224399475
 40
0.336599213
 40
0.336599213
 40
0.448798951
 40
0.448798951
 40
0.560998688
 40
0.560998688
 40
0.673198426
 40
0.673198426
 40
0.785398163
 40
0.785398163
 40
0.897597901
 40
0.897597901
 40
1.009797639
 40
1.009797639
 40
1.121997376
 40
1.121997376
 40
1.234197114
 40
1.234197114
 40
1.346396852
 40
1.346396852
 40
1.458596589
 40
1.458596589
 40
1.570796327
 40
1.570796327
 40
1.570796327
 10
55.500000000
 20
82.966810701
 30
0.000000000
 10
55.500000000
 20
83.399394048
 30
0.000000000
 10
55.500000000
 20
83.823516297
 30
0.000000000
 10
55.500000000
 20
84.030950693
 30
0.000000000
 10
55.500000000
 20
84.238385090
 30
0.000000000
 10
55.500000000
 20
84.437824093
 30
0.000000000
 10
55.500000000
 20
84.637263097
 30
0.000000000
 10
55.500000000
 20
84.826198646
 30
0.000000000
 10
55.500000000
 20
85.015134196
 30
0.000000000
 10
55.500000000
 20
85.191190317
 30
0.000000000
 10
55.500000000
 20
85.367246438
 30
0.000000000
 10
55.500000000
 20
85.528209124
 30
0.000000000
 10
55.500000000
 20
85.689171809
 30
0.000000000
 10
55.500000000
 20
85.833016859
 30
0.000000000
 10
55.500000000
 20
85.976861909
 30
0.000000000
 10
55.500000000
 20
86.101780389
 30
0.000000000
 10
55.500000000
 20
86.226698868
 30
0.000000000
 10
55.500000000
 20
86.331119856
 30
0.000000000
 10
55.500000000
 20
86.435540843
 30
0.000000000
 10
55.500000000
 20
86.518151183
 30
0.000000000
 10
55.500000000
 20
86.600761523
 30
0.000000000
 10
55.500000000
 20
86.660522343
 30
0.000000000
 10
55.500000000
 20
86.720283163
 30
0.000000000
 10
55.500000000
 20
86.756442936
 30
0.000000000
 10
55.500000000
 20
86.792602709
 30
0.000000000
 10
55.500000000
 20
86.804706705
 30
0.000000000
 10
55.500000000
 20
86.816810701
 30
0.000000000
  0
SPLINE
  5
B0D
330
A02
100
AcDbEntity
  8
SectionView
100
AcDbSpline
210
0
220
0
230
1
 70
8
 71
1
 72
17
 73
15
 74
0
 40
1.570796327
 40
1.570796327
 40
1.795195802
 40
2.019595277
 40
2.243994753
 40
2.468394228
 40
2.692793703
 40
2.917193178
 40
3.141592654
 40
3.365992129
 40
3.590391604
 40
3.814791079
 40
4.039190555
 40
4.263590030
 40
4.487989505
 40
4.712388980
 40
4.712388980
 10
55.500000000
 20
86.816810701
 30
0.000000000
 10
55.500000000
 20
86.720283163
 30
0.000000000
 10
55.500000000
 20
86.435540843
 30
0.000000000
 10
55.500000000
 20
85.976861909
 30
0.000000000
 10
55.500000000
 20
85.367246438
 30
0.000000000
 10
55.500000000
 20
84.637263097
 30
0.000000000
 10
55.500000000
 20
83.823516297
 30
0.000000000
 10
55.500000000
 20
82.966810701
 30
0.000000000
 10
55.500000000
 20
82.110105106
 30
0.000000000
 10
55.500000000
 20
81.296358306
 30
0.000000000
 10
55.500000000
 20
80.566374964
 30
0.000000000
 10
55.500000000
 20
79.956759494
 30
0.000000000
 10
55.500000000
 20
79.498080560
 30
0.000000000
 10
55.500000000
 20
79.213338239
 30
0.000000000
 10
55.500000000
 20
79.116810701
 30
0.000000000
  0
SPLINE
  5
B0E
330
A02
100
AcDbEntity
  8
SectionView
100
AcDbSpline
210
0
220
0
230
1
 70
8
 71
2
 72
30
 73
27
 74
0
 40
4.712388980
 40
4.712388980
 40
4.712388980
 40
4.824588718
 40
4.824588718
 40
4.936788456
 40
4.936788456
 40
5.048988193
 40
5.048988193
 40
5.161187931
 40
5.161187931
 40
5.273387669
 40
5.273387669
 40
5.385587406
 40
5.385587406
 40
5.497787144
 40
5.497787144
 40
5.609986881
 40
5.609986881
 40
5.722186619
 40
5.722186619
 40
5.834386357
 40
5.834386357
 40
5.946586094
 40
5.946586094
 40
6.058785832
 40
6.058785832
 40
6.283185307
 40
6.283185307
 40
6.283185307
 10
55.500000000
 20
79.116810701
 30
0.000000000
 10
55.500000000
 20
79.128914697
 30
0.000000000
 10
55.500000000
 20
79.141018693
 30
0.000000000
 10
55.500000000
 20
79.177178466
 30
0.000000000
 10
55.500000000
 20
79.213338239
 30
0.000000000
 10
55.500000000
 20
79.273099059
 30
0.000000000
 10
55.500000000
 20
79.332859880
 30
0.000000000
 10
55.500000000
 20
79.415470220
 30
0.000000000
 10
55.500000000
 20
79.498080560
 30
0.000000000
 10
55.500000000
 20
79.602501547
 30
0.000000000
 10
55.500000000
 20
79.706922534
 30
0.000000000
 10
55.500000000
 20
79.831841014
 30
0.000000000
 10
55.500000000
 20
79.956759494
 30
0.000000000
 10
55.500000000
 20
80.100604544
 30
0.000000000
 10
55.500000000
 20
80.244449594
 30
0.000000000
 10
55.500000000
 20
80.405412279
 30
0.000000000
 10
55.500000000
 20
80.566374964
 30
0.000000000
 10
55.500000000
 20
80.742431085
 30
0.000000000
 10
55.500000000
 20
80.918487207
 30
0.000000000
 10
55.500000000
 20
81.107422756
 30
0.000000000
 10
55.500000000
 20
81.296358306
 30
0.000000000
 10
55.500000000
 20
81.495797309
 30
0.000000000
 10
55.500000000
 20
81.695236313
 30
0.000000000
 10
55.500000000
 20
81.902670709
 30
0.000000000
 10
55.500000000
 20
82.110105106
 30
0.000000000
 10
55.500000000
 20
82.534227355
 30
0.000000000
 10
55.500000000
 20
82.966810701
 30
0.000000000
  0
SPLINE
  5
B0F
330
A02
100
AcDbEntity
  8
SectionView
100
AcDbSpline
210
0
220
0
230
1
 70
8
 71
3
 72
26
 73
22
 74
0
 40
0.000000000
 40
0.000000000
 40
0.000000000
 40
0.000000000
 40
0.785398163
 40
0.785398163
 40
0.785398163
 40
1.009797639
 40
1.009797639
 40
1.009797639
 40
1.121997376
 40
1.121997376
 40
1.121997376
 40
1.234197114
 40
1.234197114
 40
1.234197114
 40
1.346396852
 40
1.346396852
 40
1.346396852
 40
1.458596589
 40
1.458596589
 40
1.458596589
 40
1.570796327
 40
1.570796327
 40
1.570796327
 40
1.570796327
 10
55.500000000
 20
132.766810701
 30
0.000000000
 10
55.500000000
 20
132.963617945
 30
0.000000000
 10
55.500000000
 20
133.157517203
 30
0.000000000
 10
55.500000000
 20
133.297140787
 30
0.000000000
 10
55.500000000
 20
133.335881674
 30
0.000000000
 10
55.500000000
 20
133.370786029
 30
0.000000000
 10
55.500000000
 20
133.401853851
 30
0.000000000
 10
55.500000000
 20
133.415415018
 30
0.000000000
 10
55.500000000
 20
133.428976185
 30
0.000000000
 10
55.500000000
 20
133.442537352
 30
0.000000000
 10
55.500000000
 20
133.453265968
 30
0.000000000
 10
55.500000000
 20
133.463994583
 30
0.000000000
 10
55.500000000
 20
133.474723199
 30
0.000000000
 10
55.500000000
 20
133.482484344
 30
0.000000000
 10
55.500000000
 20
133.490245490
 30
0.000000000
 10
55.500000000
 20
133.498006635
 30
0.000000000
 10
55.500000000
 20
133.502702710
 30
0.000000000
 10
55.500000000
 20
133.507398784
 30
0.000000000
 10
55.500000000
 20
133.512094859
 30
0.000000000
 10
55.500000000
 20
133.513666806
 30
0.000000000
 10
55.500000000
 20
133.515238754
 30
0.000000000
 10
55.500000000
 20
133.516810701
 30
0.000000000
  0
SPLINE
  5
B10
330
A02
100
AcDbEntity
  8
SectionView
100
AcDbSpline
210
0
220
0
230
1
 70
8
 71
1
 72
17
 73
15
 74
0
 40
1.570796327
 40
1.570796327
 40
1.795195802
 40
2.019595277
 40
2.243994753
 40
2.468394228
 40
2.692793703
 40
2.917193178
 40
3.141592654
 40
3.365992129
 40
3.590391604
 40
3.814791079
 40
4.039190555
 40
4.263590030
 40
4.487989505
 40
4.712388980
 40
4.712388980
 10
55.500000000
 20
133.516810701
 30
0.000000000
 10
55.500000000
 20
133.498006635
 30
0.000000000
 10
55.500000000
 20
133.442537352
 30
0.000000000
 10
55.500000000
 20
133.353184313
 30
0.000000000
 10
55.500000000
 20
133.234428053
 30
0.000000000
 10
55.500000000
 20
133.092223506
 30
0.000000000
 10
55.500000000
 20
132.933701402
 30
0.000000000
 10
55.500000000
 20
132.766810701
 30
0.000000000
 10
55.500000000
 20
132.599920001
 30
0.000000000
 10
55.500000000
 20
132.441397897
 30
0.000000000
 10
55.500000000
 20
132.299193350
 30
0.000000000
 10
55.500000000
 20
132.180437089
 30
0.000000000
 10
55.500000000
 20
132.091084050
 30
0.000000000
 10
55.500000000
 20
132.035614767
 30
0.000000000
 10
55.500000000
 20
132.016810701
 30
0.000000000
  0
SPLINE
  5
B11
330
A02
100
AcDbEntity
  8
SectionView
100
AcDbSpline
210
0
220
0
230
1
 70
8
 71
3
 72
26
 73
22
 74
0
 40
4.712388980
 40
4.712388980
 40
4.712388980
 40
4.712388980
 40
4.824588718
 40
4.824588718
 40
4.824588718
 40
4.936788456
 40
4.936788456
 40
4.936788456
 40
5.048988193
 40
5.048988193
 40
5.048988193
 40
5.161187931
 40
5.161187931
 40
5.161187931
 40
5.385587406
 40
5.385587406
 40
5.385587406
 40
5.497787144
 40
5.497787144
 40
5.497787144
 40
6.283185307
 40
6.283185307
 40
6.283185307
 40
6.283185307
 10
55.500000000
 20
132.016810701
 30
0.000000000
 10
55.500000000
 20
132.018382649
 30
0.000000000
 10
55.500000000
 20
132.019954596
 30
0.000000000
 10
55.500000000
 20
132.021526544
 30
0.000000000
 10
55.500000000
 20
132.026222618
 30
0.000000000
 10
55.500000000
 20
132.030918693
 30
0.000000000
 10
55.500000000
 20
132.035614767
 30
0.000000000
 10
55.500000000
 20
132.043375913
 30
0.000000000
 10
55.500000000
 20
132.051137058
 30
0.000000000
 10
55.500000000
 20
132.058898204
 30
0.000000000
 10
55.500000000
 20
132.069626819
 30
0.000000000
 10
55.500000000
 20
132.080355435
 30
0.000000000
 10
55.500000000
 20
132.091084050
 30
0.000000000
 10
55.500000000
 20
132.116713428
 30
0.000000000
 10
55.500000000
 20
132.146497775
 30
0.000000000
 10
55.500000000
 20
132.180437089
 30
0.000000000
 10
55.500000000
 20
132.199118265
 30
0.000000000
 10
55.500000000
 20
132.217799440
 30
0.000000000
 10
55.500000000
 20
132.236480615
 30
0.000000000
 10
55.500000000
 20
132.376104199
 30
0.000000000
 10
55.500000000
 20
132.570003457
 30
0.000000000
 10
55.500000000
 20
132.766810701
 30
0.000000000
  0
SPLINE
  5
B12
330
A02
100
AcDbEntity
  8
SectionView
100
AcDbSpline
210
0
220
0
230
1
 70
8
 71
3
 72
26
 73
22
 74
0
 40
0.000000000
 40
0.000000000
 40
0.000000000
 40
0.000000000
 40
0.785398163
 40
0.785398163
 40
0.785398163
 40
1.009797639
 40
1.009797639
 40
1.009797639
 40
1.121997376
 40
1.121997376
 40
1.121997376
 40
1.234197114
 40
1.234197114
 40
1.234197114
 40
1.346396852
 40
1.346396852
 40
1.346396852
 40
1.458596589
 40
1.458596589
 40
1.458596589
 40
1.570796327
 40
1.570796327
 40
1.570796327
 40
1.570796327
 10
55.500000000
 20
129.016810701
 30
0.000000000
 10
55.500000000
 20
129.213617946
 30
0.000000000
 10
55.500000000
 20
129.407517203
 30
0.000000000
 10
55.500000000
 20
129.547140787
 30
0.000000000
 10
55.500000000
 20
129.585881674
 30
0.000000000
 10
55.500000000
 20
129.620786029
 30
0.000000000
 10
55.500000000
 20
129.651853851
 30
0.000000000
 10
55.500000000
 20
129.665415018
 30
0.000000000
 10
55.500000000
 20
129.678976185
 30
0.000000000
 10
55.500000000
 20
129.692537352
 30
0.000000000
 10
55.500000000
 20
129.703265968
 30
0.000000000
 10
55.500000000
 20
129.713994583
 30
0.000000000
 10
55.500000000
 20
129.724723199
 30
0.000000000
 10
55.500000000
 20
129.732484345
 30
0.000000000
 10
55.500000000
 20
129.740245490
 30
0.000000000
 10
55.500000000
 20
129.748006635
 30
0.000000000
 10
55.500000000
 20
129.752702710
 30
0.000000000
 10
55.500000000
 20
129.757398784
 30
0.000000000
 10
55.500000000
 20
129.762094859
 30
0.000000000
 10
55.500000000
 20
129.763666806
 30
0.000000000
 10
55.500000000
 20
129.765238754
 30
0.000000000
 10
55.500000000
 20
129.766810701
 30
0.000000000
  0
SPLINE
  5
B13
330
A02
100
AcDbEntity
  8
SectionView
100
AcDbSpline
210
0
220
0
230
1
 70
8
 71
1
 72
17
 73
15
 74
0
 40
1.570796327
 40
1.570796327
 40
1.795195802
 40
2.019595277
 40
2.243994753
 40
2.468394228
 40
2.692793703
 40
2.917193178
 40
3.141592654
 40
3.365992129
 40
3.590391604
 40
3.814791079
 40
4.039190555
 40
4.263590030
 40
4.487989505
 40
4.712388980
 40
4.712388980
 10
55.500000000
 20
129.766810701
 30
0.000000000
 10
55.500000000
 20
129.748006635
 30
0.000000000
 10
55.500000000
 20
129.692537352
 30
0.000000000
 10
55.500000000
 20
129.603184313
 30
0.000000000
 10
55.500000000
 20
129.484428053
 30
0.000000000
 10
55.500000000
 20
129.342223506
 30
0.000000000
 10
55.500000000
 20
129.183701402
 30
0.000000000
 10
55.500000000
 20
129.016810701
 30
0.000000000
 10
55.500000000
 20
128.849920001
 30
0.000000000
 10
55.500000000
 20
128.691397897
 30
0.000000000
 10
55.500000000
 20
128.549193350
 30
0.000000000
 10
55.500000000
 20
128.430437089
 30
0.000000000
 10
55.500000000
 20
128.341084050
 30
0.000000000
 10
55.500000000
 20
128.285614767
 30
0.000000000
 10
55.500000000
 20
128.266810701
 30
0.000000000
  0
SPLINE
  5
B14
330
A02
100
AcDbEntity
  8
SectionView
100
AcDbSpline
210
0
220
0
230
1
 70
8
 71
3
 72
26
 73
22
 74
0
 40
4.712388980
 40
4.712388980
 40
4.712388980
 40
4.712388980
 40
4.824588718
 40
4.824588718
 40
4.824588718
 40
4.936788456
 40
4.936788456
 40
4.936788456
 40
5.048988193
 40
5.048988193
 40
5.048988193
 40
5.161187931
 40
5.161187931
 40
5.161187931
 40
5.385587406
 40
5.385587406
 40
5.385587406
 40
5.497787144
 40
5.497787144
 40
5.497787144
 40
6.283185307
 40
6.283185307
 40
6.283185307
 40
6.283185307
 10
55.500000000
 20
128.266810701
 30
0.000000000
 10
55.500000000
 20
128.268382649
 30
0.000000000
 10
55.500000000
 20
128.269954596
 30
0.000000000
 10
55.500000000
 20
128.271526544
 30
0.000000000
 10
55.500000000
 20
128.276222618
 30
0.000000000
 10
55.500000000
 20
128.280918693
 30
0.000000000
 10
55.500000000
 20
128.285614767
 30
0.000000000
 10
55.500000000
 20
128.293375913
 30
0.000000000
 10
55.500000000
 20
128.301137058
 30
0.000000000
 10
55.500000000
 20
128.308898204
 30
0.000000000
 10
55.500000000
 20
128.319626819
 30
0.000000000
 10
55.500000000
 20
128.330355435
 30
0.000000000
 10
55.500000000
 20
128.341084050
 30
0.000000000
 10
55.500000000
 20
128.366713428
 30
0.000000000
 10
55.500000000
 20
128.396497775
 30
0.000000000
 10
55.500000000
 20
128.430437089
 30
0.000000000
 10
55.500000000
 20
128.449118265
 30
0.000000000
 10
55.500000000
 20
128.467799440
 30
0.000000000
 10
55.500000000
 20
128.486480615
 30
0.000000000
 10
55.500000000
 20
128.626104200
 30
0.000000000
 10
55.500000000
 20
128.820003457
 30
0.000000000
 10
55.500000000
 20
129.016810701
 30
0.000000000
  0
SPLINE
  5
B15
330
A02
100
AcDbEntity
  8
SectionView
100
AcDbSpline
210
0
220
0
230
1
 70
8
 71
3
 72
26
 73
22
 74
0
 40
0.000000000
 40
0.000000000
 40
0.000000000
 40
0.000000000
 40
0.785398163
 40
0.785398163
 40
0.785398163
 40
1.009797639
 40
1.009797639
 40
1.009797639
 40
1.121997376
 40
1.121997376
 40
1.121997376
 40
1.234197114
 40
1.234197114
 40
1.234197114
 40
1.346396852
 40
1.346396852
 40
1.346396852
 40
1.458596589
 40
1.458596589
 40
1.458596589
 40
1.570796327
 40
1.570796327
 40
1.570796327
 40
1.570796327
 10
55.500000000
 20
131.516810701
 30
0.000000000
 10
55.500000000
 20
131.713617945
 30
0.000000000
 10
55.500000000
 20
131.907517203
 30
0.000000000
 10
55.500000000
 20
132.047140787
 30
0.000000000
 10
55.500000000
 20
132.085881674
 30
0.000000000
 10
55.500000000
 20
132.120786029
 30
0.000000000
 10
55.500000000
 20
132.151853851
 30
0.000000000
 10
55.500000000
 20
132.165415018
 30
0.000000000
 10
55.500000000
 20
132.178976185
 30
0.000000000
 10
55.500000000
 20
132.192537352
 30
0.000000000
 10
55.500000000
 20
132.203265968
 30
0.000000000
 10
55.500000000
 20
132.213994583
 30
0.000000000
 10
55.500000000
 20
132.224723199
 30
0.000000000
 10
55.500000000
 20
132.232484344
 30
0.000000000
 10
55.500000000
 20
132.240245490
 30
0.000000000
 10
55.500000000
 20
132.248006635
 30
0.000000000
 10
55.500000000
 20
132.252702710
 30
0.000000000
 10
55.500000000
 20
132.257398784
 30
0.000000000
 10
55.500000000
 20
132.262094859
 30
0.000000000
 10
55.500000000
 20
132.263666806
 30
0.000000000
 10
55.500000000
 20
132.265238754
 30
0.000000000
 10
55.500000000
 20
132.266810701
 30
0.000000000
  0
SPLINE
  5
B16
330
A02
100
AcDbEntity
  8
SectionView
100
AcDbSpline
210
0
220
0
230
1
 70
8
 71
1
 72
17
 73
15
 74
0
 40
1.570796327
 40
1.570796327
 40
1.795195802
 40
2.019595277
 40
2.243994753
 40
2.468394228
 40
2.692793703
 40
2.917193178
 40
3.141592654
 40
3.365992129
 40
3.590391604
 40
3.814791079
 40
4.039190555
 40
4.263590030
 40
4.487989505
 40
4.712388980
 40
4.712388980
 10
55.500000000
 20
132.266810701
 30
0.000000000
 10
55.500000000
 20
132.248006635
 30
0.000000000
 10
55.500000000
 20
132.192537352
 30
0.000000000
 10
55.500000000
 20
132.103184313
 30
0.000000000
 10
55.500000000
 20
131.984428053
 30
0.000000000
 10
55.500000000
 20
131.842223506
 30
0.000000000
 10
55.500000000
 20
131.683701402
 30
0.000000000
 10
55.500000000
 20
131.516810701
 30
0.000000000
 10
55.500000000
 20
131.349920001
 30
0.000000000
 10
55.500000000
 20
131.191397897
 30
0.000000000
 10
55.500000000
 20
131.049193350
 30
0.000000000
 10
55.500000000
 20
130.930437089
 30
0.000000000
 10
55.500000000
 20
130.841084050
 30
0.000000000
 10
55.500000000
 20
130.785614767
 30
0.000000000
 10
55.500000000
 20
130.766810701
 30
0.000000000
  0
SPLINE
  5
B17
330
A02
100
AcDbEntity
  8
SectionView
100
AcDbSpline
210
0
220
0
230
1
 70
8
 71
3
 72
26
 73
22
 74
0
 40
4.712388980
 40
4.712388980
 40
4.712388980
 40
4.712388980
 40
4.824588718
 40
4.824588718
 40
4.824588718
 40
4.936788456
 40
4.936788456
 40
4.936788456
 40
5.048988193
 40
5.048988193
 40
5.048988193
 40
5.161187931
 40
5.161187931
 40
5.161187931
 40
5.385587406
 40
5.385587406
 40
5.385587406
 40
5.497787144
 40
5.497787144
 40
5.497787144
 40
6.283185307
 40
6.283185307
 40
6.283185307
 40
6.283185307
 10
55.500000000
 20
130.766810701
 30
0.000000000
 10
55.500000000
 20
130.768382649
 30
0.000000000
 10
55.500000000
 20
130.769954596
 30
0.000000000
 10
55.500000000
 20
130.771526544
 30
0.000000000
 10
55.500000000
 20
130.776222618
 30
0.000000000
 10
55.500000000
 20
130.780918693
 30
0.000000000
 10
55.500000000
 20
130.785614767
 30
0.000000000
 10
55.500000000
 20
130.793375913
 30
0.000000000
 10
55.500000000
 20
130.801137058
 30
0.000000000
 10
55.500000000
 20
130.808898204
 30
0.000000000
 10
55.500000000
 20
130.819626819
 30
0.000000000
 10
55.500000000
 20
130.830355435
 30
0.000000000
 10
55.500000000
 20
130.841084050
 30
0.000000000
 10
55.500000000
 20
130.866713428
 30
0.000000000
 10
55.500000000
 20
130.896497775
 30
0.000000000
 10
55.500000000
 20
130.930437089
 30
0.000000000
 10
55.500000000
 20
130.949118265
 30
0.000000000
 10
55.500000000
 20
130.967799440
 30
0.000000000
 10
55.500000000
 20
130.986480615
 30
0.000000000
 10
55.500000000
 20
131.126104199
 30
0.000000000
 10
55.500000000
 20
131.320003457
 30
0.000000000
 10
55.500000000
 20
131.516810701
 30
0.000000000
  0
SPLINE
  5
B18
330
A02
100
AcDbEntity
  8
SectionView
100
AcDbSpline
210
0
220
0
230
1
 70
8
 71
3
 72
26
 73
22
 74
0
 40
0.000000000
 40
0.000000000
 40
0.000000000
 40
0.000000000
 40
0.785398163
 40
0.785398163
 40
0.785398163
 40
1.009797639
 40
1.009797639
 40
1.009797639
 40
1.121997376
 40
1.121997376
 40
1.121997376
 40
1.234197114
 40
1.234197114
 40
1.234197114
 40
1.346396852
 40
1.346396852
 40
1.346396852
 40
1.458596589
 40
1.458596589
 40
1.458596589
 40
1.570796327
 40
1.570796327
 40
1.570796327
 40
1.570796327
 10
55.500000000
 20
129.016810701
 30
0.000000000
 10
55.500000000
 20
129.213617946
 30
0.000000000
 10
55.500000000
 20
129.407517203
 30
0.000000000
 10
55.500000000
 20
129.547140787
 30
0.000000000
 10
55.500000000
 20
129.585881674
 30
0.000000000
 10
55.500000000
 20
129.620786029
 30
0.000000000
 10
55.500000000
 20
129.651853851
 30
0.000000000
 10
55.500000000
 20
129.665415018
 30
0.000000000
 10
55.500000000
 20
129.678976185
 30
0.000000000
 10
55.500000000
 20
129.692537352
 30
0.000000000
 10
55.500000000
 20
129.703265968
 30
0.000000000
 10
55.500000000
 20
129.713994583
 30
0.000000000
 10
55.500000000
 20
129.724723199
 30
0.000000000
 10
55.500000000
 20
129.732484345
 30
0.000000000
 10
55.500000000
 20
129.740245490
 30
0.000000000
 10
55.500000000
 20
129.748006636
 30
0.000000000
 10
55.500000000
 20
129.752702710
 30
0.000000000
 10
55.500000000
 20
129.757398784
 30
0.000000000
 10
55.500000000
 20
129.762094859
 30
0.000000000
 10
55.500000000
 20
129.763666806
 30
0.000000000
 10
55.500000000
 20
129.765238754
 30
0.000000000
 10
55.500000000
 20
129.766810701
 30
0.000000000
  0
SPLINE
  5
B19
330
A02
100
AcDbEntity
  8
SectionView
100
AcDbSpline
210
0
220
0
230
1
 70
8
 71
1
 72
17
 73
15
 74
0
 40
1.570796327
 40
1.570796327
 40
1.795195802
 40
2.019595277
 40
2.243994753
 40
2.468394228
 40
2.692793703
 40
2.917193178
 40
3.141592654
 40
3.365992129
 40
3.590391604
 40
3.814791079
 40
4.039190555
 40
4.263590030
 40
4.487989505
 40
4.712388980
 40
4.712388980
 10
55.500000000
 20
129.766810701
 30
0.000000000
 10
55.500000000
 20
129.748006636
 30
0.000000000
 10
55.500000000
 20
129.692537352
 30
0.000000000
 10
55.500000000
 20
129.603184313
 30
0.000000000
 10
55.500000000
 20
129.484428053
 30
0.000000000
 10
55.500000000
 20
129.342223506
 30
0.000000000
 10
55.500000000
 20
129.183701402
 30
0.000000000
 10
55.500000000
 20
129.016810701
 30
0.000000000
 10
55.500000000
 20
128.849920001
 30
0.000000000
 10
55.500000000
 20
128.691397897
 30
0.000000000
 10
55.500000000
 20
128.549193350
 30
0.000000000
 10
55.500000000
 20
128.430437090
 30
0.000000000
 10
55.500000000
 20
128.341084050
 30
0.000000000
 10
55.500000000
 20
128.285614767
 30
0.000000000
 10
55.500000000
 20
128.266810701
 30
0.000000000
  0
SPLINE
  5
B1A
330
A02
100
AcDbEntity
  8
SectionView
100
AcDbSpline
210
0
220
0
230
1
 70
8
 71
3
 72
26
 73
22
 74
0
 40
4.712388980
 40
4.712388980
 40
4.712388980
 40
4.712388980
 40
4.824588718
 40
4.824588718
 40
4.824588718
 40
4.936788456
 40
4.936788456
 40
4.936788456
 40
5.048988193
 40
5.048988193
 40
5.048988193
 40
5.161187931
 40
5.161187931
 40
5.161187931
 40
5.385587406
 40
5.385587406
 40
5.385587406
 40
5.497787144
 40
5.497787144
 40
5.497787144
 40
6.283185307
 40
6.283185307
 40
6.283185307
 40
6.283185307
 10
55.500000000
 20
128.266810701
 30
0.000000000
 10
55.500000000
 20
128.268382649
 30
0.000000000
 10
55.500000000
 20
128.269954596
 30
0.000000000
 10
55.500000000
 20
128.271526544
 30
0.000000000
 10
55.500000000
 20
128.276222618
 30
0.000000000
 10
55.500000000
 20
128.280918693
 30
0.000000000
 10
55.500000000
 20
128.285614767
 30
0.000000000
 10
55.500000000
 20
128.293375913
 30
0.000000000
 10
55.500000000
 20
128.301137058
 30
0.000000000
 10
55.500000000
 20
128.308898204
 30
0.000000000
 10
55.500000000
 20
128.319626819
 30
0.000000000
 10
55.500000000
 20
128.330355435
 30
0.000000000
 10
55.500000000
 20
128.341084050
 30
0.000000000
 10
55.500000000
 20
128.366713428
 30
0.000000000
 10
55.500000000
 20
128.396497775
 30
0.000000000
 10
55.500000000
 20
128.430437090
 30
0.000000000
 10
55.500000000
 20
128.449118265
 30
0.000000000
 10
55.500000000
 20
128.467799440
 30
0.000000000
 10
55.500000000
 20
128.486480615
 30
0.000000000
 10
55.500000000
 20
128.626104200
 30
0.000000000
 10
55.500000000
 20
128.820003457
 30
0.000000000
 10
55.500000000
 20
129.016810701
 30
0.000000000
  0
SPLINE
  5
B1B
330
A02
100
AcDbEntity
  8
SectionView
100
AcDbSpline
210
0
220
0
230
1
 70
8
 71
3
 72
26
 73
22
 74
0
 40
0.000000000
 40
0.000000000
 40
0.000000000
 40
0.000000000
 40
0.785398163
 40
0.785398163
 40
0.785398163
 40
1.009797639
 40
1.009797639
 40
1.009797639
 40
1.121997376
 40
1.121997376
 40
1.121997376
 40
1.234197114
 40
1.234197114
 40
1.234197114
 40
1.346396852
 40
1.346396852
 40
1.346396852
 40
1.458596589
 40
1.458596589
 40
1.458596589
 40
1.570796327
 40
1.570796327
 40
1.570796327
 40
1.570796327
 10
55.500000000
 20
127.766810701
 30
0.000000000
 10
55.500000000
 20
127.963617946
 30
0.000000000
 10
55.500000000
 20
128.157517203
 30
0.000000000
 10
55.500000000
 20
128.297140787
 30
0.000000000
 10
55.500000000
 20
128.335881674
 30
0.000000000
 10
55.500000000
 20
128.370786029
 30
0.000000000
 10
55.500000000
 20
128.401853851
 30
0.000000000
 10
55.500000000
 20
128.415415018
 30
0.000000000
 10
55.500000000
 20
128.428976185
 30
0.000000000
 10
55.500000000
 20
128.442537352
 30
0.000000000
 10
55.500000000
 20
128.453265968
 30
0.000000000
 10
55.500000000
 20
128.463994583
 30
0.000000000
 10
55.500000000
 20
128.474723199
 30
0.000000000
 10
55.500000000
 20
128.482484345
 30
0.000000000
 10
55.500000000
 20
128.490245490
 30
0.000000000
 10
55.500000000
 20
128.498006635
 30
0.000000000
 10
55.500000000
 20
128.502702710
 30
0.000000000
 10
55.500000000
 20
128.507398784
 30
0.000000000
 10
55.500000000
 20
128.512094859
 30
0.000000000
 10
55.500000000
 20
128.513666806
 30
0.000000000
 10
55.500000000
 20
128.515238754
 30
0.000000000
 10
55.500000000
 20
128.516810701
 30
0.000000000
  0
SPLINE
  5
B1C
330
A02
100
AcDbEntity
  8
SectionView
100
AcDbSpline
210
0
220
0
230
1
 70
8
 71
1
 72
17
 73
15
 74
0
 40
1.570796327
 40
1.570796327
 40
1.795195802
 40
2.019595277
 40
2.243994753
 40
2.468394228
 40
2.692793703
 40
2.917193178
 40
3.141592654
 40
3.365992129
 40
3.590391604
 40
3.814791079
 40
4.039190555
 40
4.263590030
 40
4.487989505
 40
4.712388980
 40
4.712388980
 10
55.500000000
 20
128.516810701
 30
0.000000000
 10
55.500000000
 20
128.498006635
 30
0.000000000
 10
55.500000000
 20
128.442537352
 30
0.000000000
 10
55.500000000
 20
128.353184313
 30
0.000000000
 10
55.500000000
 20
128.234428053
 30
0.000000000
 10
55.500000000
 20
128.092223506
 30
0.000000000
 10
55.500000000
 20
127.933701402
 30
0.000000000
 10
55.500000000
 20
127.766810701
 30
0.000000000
 10
55.500000000
 20
127.599920001
 30
0.000000000
 10
55.500000000
 20
127.441397897
 30
0.000000000
 10
55.500000000
 20
127.299193350
 30
0.000000000
 10
55.500000000
 20
127.180437089
 30
0.000000000
 10
55.500000000
 20
127.091084050
 30
0.000000000
 10
55.500000000
 20
127.035614767
 30
0.000000000
 10
55.500000000
 20
127.016810701
 30
0.000000000
  0
SPLINE
  5
B1D
330
A02
100
AcDbEntity
  8
SectionView
100
AcDbSpline
210
0
220
0
230
1
 70
8
 71
3
 72
26
 73
22
 74
0
 40
4.712388980
 40
4.712388980
 40
4.712388980
 40
4.712388980
 40
4.824588718
 40
4.824588718
 40
4.824588718
 40
4.936788456
 40
4.936788456
 40
4.936788456
 40
5.048988193
 40
5.048988193
 40
5.048988193
 40
5.161187931
 40
5.161187931
 40
5.161187931
 40
5.385587406
 40
5.385587406
 40
5.385587406
 40
5.497787144
 40
5.497787144
 40
5.497787144
 40
6.283185307
 40
6.283185307
 40
6.283185307
 40
6.283185307
 10
55.500000000
 20
127.016810701
 30
0.000000000
 10
55.500000000
 20
127.018382649
 30
0.000000000
 10
55.500000000
 20
127.019954596
 30
0.000000000
 10
55.500000000
 20
127.021526544
 30
0.000000000
 10
55.500000000
 20
127.026222618
 30
0.000000000
 10
55.500000000
 20
127.030918693
 30
0.000000000
 10
55.500000000
 20
127.035614767
 30
0.000000000
 10
55.500000000
 20
127.043375913
 30
0.000000000
 10
55.500000000
 20
127.051137058
 30
0.000000000
 10
55.500000000
 20
127.058898204
 30
0.000000000
 10
55.500000000
 20
127.069626819
 30
0.000000000
 10
55.500000000
 20
127.080355435
 30
0.000000000
 10
55.500000000
 20
127.091084050
 30
0.000000000
 10
55.500000000
 20
127.116713428
 30
0.000000000
 10
55.500000000
 20
127.146497775
 30
0.000000000
 10
55.500000000
 20
127.180437089
 30
0.000000000
 10
55.500000000
 20
127.199118265
 30
0.000000000
 10
55.500000000
 20
127.217799440
 30
0.000000000
 10
55.500000000
 20
127.236480615
 30
0.000000000
 10
55.500000000
 20
127.376104200
 30
0.000000000
 10
55.500000000
 20
127.570003457
 30
0.000000000
 10
55.500000000
 20
127.766810701
 30
0.000000000
  0
SPLINE
  5
B1E
330
A02
100
AcDbEntity
  8
SectionView
100
AcDbSpline
210
0
220
0
230
1
 70
8
 71
3
 72
26
 73
22
 74
0
 40
0.000000000
 40
0.000000000
 40
0.000000000
 40
0.000000000
 40
0.785398163
 40
0.785398163
 40
0.785398163
 40
1.009797639
 40
1.009797639
 40
1.009797639
 40
1.121997376
 40
1.121997376
 40
1.121997376
 40
1.234197114
 40
1.234197114
 40
1.234197114
 40
1.346396852
 40
1.346396852
 40
1.346396852
 40
1.458596589
 40
1.458596589
 40
1.458596589
 40
1.570796327
 40
1.570796327
 40
1.570796327
 40
1.570796327
 10
55.500000000
 20
131.516810701
 30
0.000000000
 10
55.500000000
 20
131.713617945
 30
0.000000000
 10
55.500000000
 20
131.907517203
 30
0.000000000
 10
55.500000000
 20
132.047140787
 30
0.000000000
 10
55.500000000
 20
132.085881674
 30
0.000000000
 10
55.500000000
 20
132.120786029
 30
0.000000000
 10
55.500000000
 20
132.151853851
 30
0.000000000
 10
55.500000000
 20
132.165415018
 30
0.000000000
 10
55.500000000
 20
132.178976185
 30
0.000000000
 10
55.500000000
 20
132.192537352
 30
0.000000000
 10
55.500000000
 20
132.203265968
 30
0.000000000
 10
55.500000000
 20
132.213994583
 30
0.000000000
 10
55.500000000
 20
132.224723199
 30
0.000000000
 10
55.500000000
 20
132.232484344
 30
0.000000000
 10
55.500000000
 20
132.240245490
 30
0.000000000
 10
55.500000000
 20
132.248006635
 30
0.000000000
 10
55.500000000
 20
132.252702710
 30
0.000000000
 10
55.500000000
 20
132.257398784
 30
0.000000000
 10
55.500000000
 20
132.262094859
 30
0.000000000
 10
55.500000000
 20
132.263666806
 30
0.000000000
 10
55.500000000
 20
132.265238754
 30
0.000000000
 10
55.500000000
 20
132.266810701
 30
0.000000000
  0
SPLINE
  5
B1F
330
A02
100
AcDbEntity
  8
SectionView
100
AcDbSpline
210
0
220
0
230
1
 70
8
 71
1
 72
17
 73
15
 74
0
 40
1.570796327
 40
1.570796327
 40
1.795195802
 40
2.019595277
 40
2.243994753
 40
2.468394228
 40
2.692793703
 40
2.917193178
 40
3.141592654
 40
3.365992129
 40
3.590391604
 40
3.814791079
 40
4.039190555
 40
4.263590030
 40
4.487989505
 40
4.712388980
 40
4.712388980
 10
55.500000000
 20
132.266810701
 30
0.000000000
 10
55.500000000
 20
132.248006635
 30
0.000000000
 10
55.500000000
 20
132.192537352
 30
0.000000000
 10
55.500000000
 20
132.103184313
 30
0.000000000
 10
55.500000000
 20
131.984428053
 30
0.000000000
 10
55.500000000
 20
131.842223506
 30
0.000000000
 10
55.500000000
 20
131.683701402
 30
0.000000000
 10
55.500000000
 20
131.516810701
 30
0.000000000
 10
55.500000000
 20
131.349920001
 30
0.000000000
 10
55.500000000
 20
131.191397897
 30
0.000000000
 10
55.500000000
 20
131.049193350
 30
0.000000000
 10
55.500000000
 20
130.930437089
 30
0.000000000
 10
55.500000000
 20
130.841084050
 30
0.000000000
 10
55.500000000
 20
130.785614767
 30
0.000000000
 10
55.500000000
 20
130.766810701
 30
0.000000000
  0
SPLINE
  5
B20
330
A02
100
AcDbEntity
  8
SectionView
100
AcDbSpline
210
0
220
0
230
1
 70
8
 71
3
 72
26
 73
22
 74
0
 40
4.712388980
 40
4.712388980
 40
4.712388980
 40
4.712388980
 40
4.824588718
 40
4.824588718
 40
4.824588718
 40
4.936788456
 40
4.936788456
 40
4.936788456
 40
5.048988193
 40
5.048988193
 40
5.048988193
 40
5.161187931
 40
5.161187931
 40
5.161187931
 40
5.385587406
 40
5.385587406
 40
5.385587406
 40
5.497787144
 40
5.497787144
 40
5.497787144
 40
6.283185307
 40
6.283185307
 40
6.283185307
 40
6.283185307
 10
55.500000000
 20
130.766810701
 30
0.000000000
 10
55.500000000
 20
130.768382649
 30
0.000000000
 10
55.500000000
 20
130.769954596
 30
0.000000000
 10
55.500000000
 20
130.771526544
 30
0.000000000
 10
55.500000000
 20
130.776222618
 30
0.000000000
 10
55.500000000
 20
130.780918693
 30
0.000000000
 10
55.500000000
 20
130.785614767
 30
0.000000000
 10
55.500000000
 20
130.793375913
 30
0.000000000
 10
55.500000000
 20
130.801137058
 30
0.000000000
 10
55.500000000
 20
130.808898203
 30
0.000000000
 10
55.500000000
 20
130.819626819
 30
0.000000000
 10
55.500000000
 20
130.830355435
 30
0.000000000
 10
55.500000000
 20
130.841084050
 30
0.000000000
 10
55.500000000
 20
130.866713428
 30
0.000000000
 10
55.500000000
 20
130.896497775
 30
0.000000000
 10
55.500000000
 20
130.930437089
 30
0.000000000
 10
55.500000000
 20
130.949118265
 30
0.000000000
 10
55.500000000
 20
130.967799440
 30
0.000000000
 10
55.500000000
 20
130.986480615
 30
0.000000000
 10
55.500000000
 20
131.126104199
 30
0.000000000
 10
55.500000000
 20
131.320003457
 30
0.000000000
 10
55.500000000
 20
131.516810701
 30
0.000000000
  0
SPLINE
  5
B21
330
A02
100
AcDbEntity
  8
SectionView
100
AcDbSpline
210
0
220
0
230
1
 70
8
 71
3
 72
26
 73
22
 74
0
 40
0.000000000
 40
0.000000000
 40
0.000000000
 40
0.000000000
 40
0.785398163
 40
0.785398163
 40
0.785398163
 40
1.009797639
 40
1.009797639
 40
1.009797639
 40
1.121997376
 40
1.121997376
 40
1.121997376
 40
1.234197114
 40
1.234197114
 40
1.234197114
 40
1.346396852
 40
1.346396852
 40
1.346396852
 40
1.458596589
 40
1.458596589
 40
1.458596589
 40
1.570796327
 40
1.570796327
 40
1.570796327
 40
1.570796327
 10
55.500000000
 20
130.266810701
 30
0.000000000
 10
55.500000000
 20
130.463617945
 30
0.000000000
 10
55.500000000
 20
130.657517203
 30
0.000000000
 10
55.500000000
 20
130.797140787
 30
0.000000000
 10
55.500000000
 20
130.835881674
 30
0.000000000
 10
55.500000000
 20
130.870786029
 30
0.000000000
 10
55.500000000
 20
130.901853851
 30
0.000000000
 10
55.500000000
 20
130.915415018
 30
0.000000000
 10
55.500000000
 20
130.928976185
 30
0.000000000
 10
55.500000000
 20
130.942537352
 30
0.000000000
 10
55.500000000
 20
130.953265968
 30
0.000000000
 10
55.500000000
 20
130.963994583
 30
0.000000000
 10
55.500000000
 20
130.974723199
 30
0.000000000
 10
55.500000000
 20
130.982484344
 30
0.000000000
 10
55.500000000
 20
130.990245490
 30
0.000000000
 10
55.500000000
 20
130.998006635
 30
0.000000000
 10
55.500000000
 20
131.002702710
 30
0.000000000
 10
55.500000000
 20
131.007398784
 30
0.000000000
 10
55.500000000
 20
131.012094859
 30
0.000000000
 10
55.500000000
 20
131.013666806
 30
0.000000000
 10
55.500000000
 20
131.015238754
 30
0.000000000
 10
55.500000000
 20
131.016810701
 30
0.000000000
  0
SPLINE
  5
B22
330
A02
100
AcDbEntity
  8
SectionView
100
AcDbSpline
210
0
220
0
230
1
 70
8
 71
1
 72
17
 73
15
 74
0
 40
1.570796327
 40
1.570796327
 40
1.795195802
 40
2.019595277
 40
2.243994753
 40
2.468394228
 40
2.692793703
 40
2.917193178
 40
3.141592654
 40
3.365992129
 40
3.590391604
 40
3.814791079
 40
4.039190555
 40
4.263590030
 40
4.487989505
 40
4.712388980
 40
4.712388980
 10
55.500000000
 20
131.016810701
 30
0.000000000
 10
55.500000000
 20
130.998006635
 30
0.000000000
 10
55.500000000
 20
130.942537352
 30
0.000000000
 10
55.500000000
 20
130.853184313
 30
0.000000000
 10
55.500000000
 20
130.734428053
 30
0.000000000
 10
55.500000000
 20
130.592223506
 30
0.000000000
 10
55.500000000
 20
130.433701402
 30
0.000000000
 10
55.500000000
 20
130.266810701
 30
0.000000000
 10
55.500000000
 20
130.099920001
 30
0.000000000
 10
55.500000000
 20
129.941397897
 30
0.000000000
 10
55.500000000
 20
129.799193350
 30
0.000000000
 10
55.500000000
 20
129.680437089
 30
0.000000000
 10
55.500000000
 20
129.591084050
 30
0.000000000
 10
55.500000000
 20
129.535614767
 30
0.000000000
 10
55.500000000
 20
129.516810701
 30
0.000000000
  0
SPLINE
  5
B23
330
A02
100
AcDbEntity
  8
SectionView
100
AcDbSpline
210
0
220
0
230
1
 70
8
 71
3
 72
26
 73
22
 74
0
 40
4.712388980
 40
4.712388980
 40
4.712388980
 40
4.712388980
 40
4.824588718
 40
4.824588718
 40
4.824588718
 40
4.936788456
 40
4.936788456
 40
4.936788456
 40
5.048988193
 40
5.048988193
 40
5.048988193
 40
5.161187931
 40
5.161187931
 40
5.161187931
 40
5.385587406
 40
5.385587406
 40
5.385587406
 40
5.497787144
 40
5.497787144
 40
5.497787144
 40
6.283185307
 40
6.283185307
 40
6.283185307
 40
6.283185307
 10
55.500000000
 20
129.516810701
 30
0.000000000
 10
55.500000000
 20
129.518382649
 30
0.000000000
 10
55.500000000
 20
129.519954596
 30
0.000000000
 10
55.500000000
 20
129.521526544
 30
0.000000000
 10
55.500000000
 20
129.526222618
 30
0.000000000
 10
55.500000000
 20
129.530918693
 30
0.000000000
 10
55.500000000
 20
129.535614767
 30
0.000000000
 10
55.500000000
 20
129.543375913
 30
0.000000000
 10
55.500000000
 20
129.551137058
 30
0.000000000
 10
55.500000000
 20
129.558898204
 30
0.000000000
 10
55.500000000
 20
129.569626819
 30
0.000000000
 10
55.500000000
 20
129.580355435
 30
0.000000000
 10
55.500000000
 20
129.591084050
 30
0.000000000
 10
55.500000000
 20
129.616713428
 30
0.000000000
 10
55.500000000
 20
129.646497775
 30
0.000000000
 10
55.500000000
 20
129.680437089
 30
0.000000000
 10
55.500000000
 20
129.699118265
 30
0.000000000
 10
55.500000000
 20
129.717799440
 30
0.000000000
 10
55.500000000
 20
129.736480615
 30
0.000000000
 10
55.500000000
 20
129.876104199
 30
0.000000000
 10
55.500000000
 20
130.070003457
 30
0.000000000
 10
55.500000000
 20
130.266810701
 30
0.000000000
  0
LINE
  5
B24
330
A02
100
AcDbEntity
  8
SectionView
100
AcDbLine
 10
53.500000000
 20
144.916810701
 30
0.000000000
 11
53.500000000
 21
127.416810701
 31
0.000000000
  0
SPLINE
  5
B25
330
A02
100
AcDbEntity
  8
SectionView
100
AcDbSpline
210
0
220
0
230
1
 70
8
 71
3
 72
41
 73
37
 74
0
 40
1.570796327
 40
1.570796327
 40
1.570796327
 40
1.570796327
 40
1.907395540
 40
1.907395540
 40
1.907395540
 40
2.019595277
 40
2.019595277
 40
2.019595277
 40
2.131795015
 40
2.131795015
 40
2.131795015
 40
2.243994753
 40
2.243994753
 40
2.243994753
 40
2.356194490
 40
2.356194490
 40
2.356194490
 40
2.468394228
 40
2.468394228
 40
2.468394228
 40
2.580593965
 40
2.580593965
 40
2.580593965
 40
2.692793703
 40
2.692793703
 40
2.692793703
 40
2.804993441
 40
2.804993441
 40
2.804993441
 40
2.917193178
 40
2.917193178
 40
2.917193178
 40
3.029392916
 40
3.029392916
 40
3.029392916
 40
3.141592654
 40
3.141592654
 40
3.141592654
 40
3.141592654
 10
53.500000000
 20
144.916810701
 30
0.000000000
 10
53.500000000
 20
145.141507115
 30
0.000000000
 10
53.500000000
 20
145.364097386
 30
0.000000000
 10
53.500000000
 20
145.577368825
 30
0.000000000
 10
53.500000000
 20
145.646438610
 30
0.000000000
 10
53.500000000
 20
145.715508395
 30
0.000000000
 10
53.500000000
 20
145.784578180
 30
0.000000000
 10
53.500000000
 20
145.850010404
 30
0.000000000
 10
53.500000000
 20
145.915442629
 30
0.000000000
 10
53.500000000
 20
145.980874854
 30
0.000000000
 10
53.500000000
 20
146.041846671
 30
0.000000000
 10
53.500000000
 20
146.102818488
 30
0.000000000
 10
53.500000000
 20
146.163790305
 30
0.000000000
 10
53.500000000
 20
146.219534958
 30
0.000000000
 10
53.500000000
 20
146.275279611
 30
0.000000000
 10
53.500000000
 20
146.331024264
 30
0.000000000
 10
53.500000000
 20
146.380840731
 30
0.000000000
 10
53.500000000
 20
146.430657199
 30
0.000000000
 10
53.500000000
 20
146.480473666
 30
0.000000000
 10
53.500000000
 20
146.523735477
 30
0.000000000
 10
53.500000000
 20
146.566997289
 30
0.000000000
 10
53.500000000
 20
146.610259100
 30
0.000000000
 10
53.500000000
 20
146.646422212
 30
0.000000000
 10
53.500000000
 20
146.682585325
 30
0.000000000
 10
53.500000000
 20
146.718748437
 30
0.000000000
 10
53.500000000
 20
146.747358079
 30
0.000000000
 10
53.500000000
 20
146.775967720
 30
0.000000000
 10
53.500000000
 20
146.804577362
 30
0.000000000
 10
53.500000000
 20
146.825273750
 30
0.000000000
 10
53.500000000
 20
146.845970138
 30
0.000000000
 10
53.500000000
 20
146.866666526
 30
0.000000000
 10
53.500000000
 20
146.879189391
 30
0.000000000
 10
53.500000000
 20
146.891712256
 30
0.000000000
 10
53.500000000
 20
146.904235121
 30
0.000000000
 10
53.500000000
 20
146.908426981
 30
0.000000000
 10
53.500000000
 20
146.912618841
 30
0.000000000
 10
53.500000000
 20
146.916810701
 30
0.000000000
  0
SPLINE
  5
B26
330
A02
100
AcDbEntity
  8
SectionView
100
AcDbSpline
210
0
220
0
230
1
 70
8
 71
2
 72
30
 73
27
 74
0
 40
4.712388980
 40
4.712388980
 40
4.712388980
 40
4.936788456
 40
4.936788456
 40
5.048988193
 40
5.048988193
 40
5.161187931
 40
5.161187931
 40
5.273387669
 40
5.273387669
 40
5.385587406
 40
5.385587406
 40
5.497787144
 40
5.497787144
 40
5.609986881
 40
5.609986881
 40
5.722186619
 40
5.722186619
 40
5.834386357
 40
5.834386357
 40
5.946586094
 40
5.946586094
 40
6.058785832
 40
6.058785832
 40
6.170985570
 40
6.170985570
 40
6.283185307
 40
6.283185307
 40
6.283185307
 10
53.500000000
 20
127.416810701
 30
0.000000000
 10
53.500000000
 20
127.192092080
 30
0.000000000
 10
53.500000000
 20
126.971768833
 30
0.000000000
 10
53.500000000
 20
126.864010705
 30
0.000000000
 10
53.500000000
 20
126.756252577
 30
0.000000000
 10
53.500000000
 20
126.652647900
 30
0.000000000
 10
53.500000000
 20
126.549043223
 30
0.000000000
 10
53.500000000
 20
126.450894886
 30
0.000000000
 10
53.500000000
 20
126.352746548
 30
0.000000000
 10
53.500000000
 20
126.261288823
 30
0.000000000
 10
53.500000000
 20
126.169831098
 30
0.000000000
 10
53.500000000
 20
126.086214118
 30
0.000000000
 10
53.500000000
 20
126.002597139
 30
0.000000000
 10
53.500000000
 20
125.927872438
 30
0.000000000
 10
53.500000000
 20
125.853147736
 30
0.000000000
 10
53.500000000
 20
125.788255020
 30
0.000000000
 10
53.500000000
 20
125.723362303
 30
0.000000000
 10
53.500000000
 20
125.669117634
 30
0.000000000
 10
53.500000000
 20
125.614872965
 30
0.000000000
 10
53.500000000
 20
125.571958503
 30
0.000000000
 10
53.500000000
 20
125.529044041
 30
0.000000000
 10
53.500000000
 20
125.497999459
 30
0.000000000
 10
53.500000000
 20
125.466954877
 30
0.000000000
 10
53.500000000
 20
125.448170579
 30
0.000000000
 10
53.500000000
 20
125.429386281
 30
0.000000000
 10
53.500000000
 20
125.423098491
 30
0.000000000
 10
53.500000000
 20
125.416810701
 30
0.000000000
  0
SPLINE
  5
B27
330
A02
100
AcDbEntity
  8
SectionView
100
AcDbSpline
210
0
220
0
230
1
 70
8
 71
2
 72
30
 73
27
 74
0
 40
3.141592654
 40
3.141592654
 40
3.141592654
 40
3.253792391
 40
3.253792391
 40
3.365992129
 40
3.365992129
 40
3.478191866
 40
3.478191866
 40
3.590391604
 40
3.590391604
 40
3.702591342
 40
3.702591342
 40
3.814791079
 40
3.814791079
 40
3.926990817
 40
3.926990817
 40
4.039190555
 40
4.039190555
 40
4.151390292
 40
4.151390292
 40
4.263590030
 40
4.263590030
 40
4.375789768
 40
4.375789768
 40
4.487989505
 40
4.487989505
 40
4.712388980
 40
4.712388980
 40
4.712388980
 10
53.500000000
 20
146.916810701
 30
0.000000000
 10
53.500000000
 20
146.910522911
 30
0.000000000
 10
53.500000000
 20
146.904235121
 30
0.000000000
 10
53.500000000
 20
146.885450823
 30
0.000000000
 10
53.500000000
 20
146.866666526
 30
0.000000000
 10
53.500000000
 20
146.835621944
 30
0.000000000
 10
53.500000000
 20
146.804577362
 30
0.000000000
 10
53.500000000
 20
146.761662899
 30
0.000000000
 10
53.500000000
 20
146.718748437
 30
0.000000000
 10
53.500000000
 20
146.664503768
 30
0.000000000
 10
53.500000000
 20
146.610259100
 30
0.000000000
 10
53.500000000
 20
146.545366383
 30
0.000000000
 10
53.500000000
 20
146.480473666
 30
0.000000000
 10
53.500000000
 20
146.405748965
 30
0.000000000
 10
53.500000000
 20
146.331024264
 30
0.000000000
 10
53.500000000
 20
146.247407284
 30
0.000000000
 10
53.500000000
 20
146.163790305
 30
0.000000000
 10
53.500000000
 20
146.072332580
 30
0.000000000
 10
53.500000000
 20
145.980874854
 30
0.000000000
 10
53.500000000
 20
145.882726517
 30
0.000000000
 10
53.500000000
 20
145.784578180
 30
0.000000000
 10
53.500000000
 20
145.680973502
 30
0.000000000
 10
53.500000000
 20
145.577368825
 30
0.000000000
 10
53.500000000
 20
145.469610697
 30
0.000000000
 10
53.500000000
 20
145.361852569
 30
0.000000000
 10
53.500000000
 20
145.141529323
 30
0.000000000
 10
53.500000000
 20
144.916810701
 30
0.000000000
  0
SPLINE
  5
B28
330
A02
100
AcDbEntity
  8
SectionView
100
AcDbSpline
210
0
220
0
230
1
 70
8
 71
2
 72
30
 73
27
 74
0
 40
0.000000000
 40
0.000000000
 40
0.000000000
 40
0.112199738
 40
0.112199738
 40
0.224399475
 40
0.224399475
 40
0.336599213
 40
0.336599213
 40
0.448798951
 40
0.448798951
 40
0.560998688
 40
0.560998688
 40
0.673198426
 40
0.673198426
 40
0.785398163
 40
0.785398163
 40
0.897597901
 40
0.897597901
 40
1.009797639
 40
1.009797639
 40
1.121997376
 40
1.121997376
 40
1.234197114
 40
1.234197114
 40
1.346396852
 40
1.346396852
 40
1.570796327
 40
1.570796327
 40
1.570796327
 10
53.500000000
 20
125.416810701
 30
0.000000000
 10
53.500000000
 20
125.423098491
 30
0.000000000
 10
53.500000000
 20
125.429386281
 30
0.000000000
 10
53.500000000
 20
125.448170579
 30
0.000000000
 10
53.500000000
 20
125.466954877
 30
0.000000000
 10
53.500000000
 20
125.497999459
 30
0.000000000
 10
53.500000000
 20
125.529044041
 30
0.000000000
 10
53.500000000
 20
125.571958503
 30
0.000000000
 10
53.500000000
 20
125.614872965
 30
0.000000000
 10
53.500000000
 20
125.669117634
 30
0.000000000
 10
53.500000000
 20
125.723362303
 30
0.000000000
 10
53.500000000
 20
125.788255020
 30
0.000000000
 10
53.500000000
 20
125.853147736
 30
0.000000000
 10
53.500000000
 20
125.927872438
 30
0.000000000
 10
53.500000000
 20
126.002597139
 30
0.000000000
 10
53.500000000
 20
126.086214118
 30
0.000000000
 10
53.500000000
 20
126.169831098
 30
0.000000000
 10
53.500000000
 20
126.261288823
 30
0.000000000
 10
53.500000000
 20
126.352746548
 30
0.000000000
 10
53.500000000
 20
126.450894886
 30
0.000000000
 10
53.500000000
 20
126.549043223
 30
0.000000000
 10
53.500000000
 20
126.652647900
 30
0.000000000
 10
53.500000000
 20
126.756252577
 30
0.000000000
 10
53.500000000
 20
126.864010705
 30
0.000000000
 10
53.500000000
 20
126.971768833
 30
0.000000000
 10
53.500000000
 20
127.192092080
 30
0.000000000
 10
53.500000000
 20
127.416810701
 30
0.000000000
  0
LINE
  5
B29
330
A02
100
AcDbEntity
  8
SectionView
100
AcDbLine
 10
53.500000000
 20
127.416810701
 30
0.000000000
 11
53.500000000
 21
144.916810701
 31
0.000000000
  0
LINE
  5
B2A
330
A02
100
AcDbEntity
  8
SectionView
100
AcDbLine
 10
53.500000000
 20
155.966810701
 30
0.000000000
 11
53.500000000
 21
65.966810701
 31
0.000000000
  0
SPLINE
  5
B2B
330
A02
100
AcDbEntity
  8
SectionView
100
AcDbSpline
210
0
220
0
230
1
 70
8
 71
2
 72
30
 73
27
 74
0
 40
0.000000000
 40
0.000000000
 40
0.000000000
 40
0.224399475
 40
0.224399475
 40
0.336599213
 40
0.336599213
 40
0.448798951
 40
0.448798951
 40
0.560998688
 40
0.560998688
 40
0.673198426
 40
0.673198426
 40
0.785398163
 40
0.785398163
 40
0.897597901
 40
0.897597901
 40
1.009797639
 40
1.009797639
 40
1.121997376
 40
1.121997376
 40
1.234197114
 40
1.234197114
 40
1.346396852
 40
1.346396852
 40
1.458596589
 40
1.458596589
 40
1.570796327
 40
1.570796327
 40
1.570796327
 10
53.500000000
 20
71.966810701
 30
0.000000000
 10
53.500000000
 20
72.399394048
 30
0.000000000
 10
53.500000000
 20
72.823516297
 30
0.000000000
 10
53.500000000
 20
73.030950693
 30
0.000000000
 10
53.500000000
 20
73.238385090
 30
0.000000000
 10
53.500000000
 20
73.437824093
 30
0.000000000
 10
53.500000000
 20
73.637263097
 30
0.000000000
 10
53.500000000
 20
73.826198646
 30
0.000000000
 10
53.500000000
 20
74.015134196
 30
0.000000000
 10
53.500000000
 20
74.191190317
 30
0.000000000
 10
53.500000000
 20
74.367246438
 30
0.000000000
 10
53.500000000
 20
74.528209124
 30
0.000000000
 10
53.500000000
 20
74.689171809
 30
0.000000000
 10
53.500000000
 20
74.833016859
 30
0.000000000
 10
53.500000000
 20
74.976861909
 30
0.000000000
 10
53.500000000
 20
75.101780389
 30
0.000000000
 10
53.500000000
 20
75.226698868
 30
0.000000000
 10
53.500000000
 20
75.331119856
 30
0.000000000
 10
53.500000000
 20
75.435540843
 30
0.000000000
 10
53.500000000
 20
75.518151183
 30
0.000000000
 10
53.500000000
 20
75.600761523
 30
0.000000000
 10
53.500000000
 20
75.660522343
 30
0.000000000
 10
53.500000000
 20
75.720283163
 30
0.000000000
 10
53.500000000
 20
75.756442936
 30
0.000000000
 10
53.500000000
 20
75.792602709
 30
0.000000000
 10
53.500000000
 20
75.804706705
 30
0.000000000
 10
53.500000000
 20
75.816810701
 30
0.000000000
  0
SPLINE
  5
B2C
330
A02
100
AcDbEntity
  8
SectionView
100
AcDbSpline
210
0
220
0
230
1
 70
8
 71
1
 72
17
 73
15
 74
0
 40
1.570796327
 40
1.570796327
 40
1.795195802
 40
2.019595277
 40
2.243994753
 40
2.468394228
 40
2.692793703
 40
2.917193178
 40
3.141592654
 40
3.365992129
 40
3.590391604
 40
3.814791079
 40
4.039190555
 40
4.263590030
 40
4.487989505
 40
4.712388980
 40
4.712388980
 10
53.500000000
 20
75.816810701
 30
0.000000000
 10
53.500000000
 20
75.720283163
 30
0.000000000
 10
53.500000000
 20
75.435540843
 30
0.000000000
 10
53.500000000
 20
74.976861909
 30
0.000000000
 10
53.500000000
 20
74.367246438
 30
0.000000000
 10
53.500000000
 20
73.637263097
 30
0.000000000
 10
53.500000000
 20
72.823516297
 30
0.000000000
 10
53.500000000
 20
71.966810701
 30
0.000000000
 10
53.500000000
 20
71.110105106
 30
0.000000000
 10
53.500000000
 20
70.296358306
 30
0.000000000
 10
53.500000000
 20
69.566374964
 30
0.000000000
 10
53.500000000
 20
68.956759494
 30
0.000000000
 10
53.500000000
 20
68.498080560
 30
0.000000000
 10
53.500000000
 20
68.213338239
 30
0.000000000
 10
53.500000000
 20
68.116810701
 30
0.000000000
  0
SPLINE
  5
B2D
330
A02
100
AcDbEntity
  8
SectionView
100
AcDbSpline
210
0
220
0
230
1
 70
8
 71
2
 72
30
 73
27
 74
0
 40
4.712388980
 40
4.712388980
 40
4.712388980
 40
4.824588718
 40
4.824588718
 40
4.936788456
 40
4.936788456
 40
5.048988193
 40
5.048988193
 40
5.161187931
 40
5.161187931
 40
5.273387669
 40
5.273387669
 40
5.385587406
 40
5.385587406
 40
5.497787144
 40
5.497787144
 40
5.609986881
 40
5.609986881
 40
5.722186619
 40
5.722186619
 40
5.834386357
 40
5.834386357
 40
5.946586094
 40
5.946586094
 40
6.058785832
 40
6.058785832
 40
6.283185307
 40
6.283185307
 40
6.283185307
 10
53.500000000
 20
68.116810701
 30
0.000000000
 10
53.500000000
 20
68.128914697
 30
0.000000000
 10
53.500000000
 20
68.141018693
 30
0.000000000
 10
53.500000000
 20
68.177178466
 30
0.000000000
 10
53.500000000
 20
68.213338239
 30
0.000000000
 10
53.500000000
 20
68.273099059
 30
0.000000000
 10
53.500000000
 20
68.332859880
 30
0.000000000
 10
53.500000000
 20
68.415470220
 30
0.000000000
 10
53.500000000
 20
68.498080560
 30
0.000000000
 10
53.500000000
 20
68.602501547
 30
0.000000000
 10
53.500000000
 20
68.706922534
 30
0.000000000
 10
53.500000000
 20
68.831841014
 30
0.000000000
 10
53.500000000
 20
68.956759494
 30
0.000000000
 10
53.500000000
 20
69.100604544
 30
0.000000000
 10
53.500000000
 20
69.244449594
 30
0.000000000
 10
53.500000000
 20
69.405412279
 30
0.000000000
 10
53.500000000
 20
69.566374964
 30
0.000000000
 10
53.500000000
 20
69.742431085
 30
0.000000000
 10
53.500000000
 20
69.918487207
 30
0.000000000
 10
53.500000000
 20
70.107422756
 30
0.000000000
 10
53.500000000
 20
70.296358306
 30
0.000000000
 10
53.500000000
 20
70.495797309
 30
0.000000000
 10
53.500000000
 20
70.695236313
 30
0.000000000
 10
53.500000000
 20
70.902670709
 30
0.000000000
 10
53.500000000
 20
71.110105106
 30
0.000000000
 10
53.500000000
 20
71.534227355
 30
0.000000000
 10
53.500000000
 20
71.966810701
 30
0.000000000
  0
SPLINE
  5
B2E
330
A02
100
AcDbEntity
  8
SectionView
100
AcDbSpline
210
0
220
0
230
1
 70
8
 71
2
 72
30
 73
27
 74
0
 40
0.000000000
 40
0.000000000
 40
0.000000000
 40
0.224399475
 40
0.224399475
 40
0.336599213
 40
0.336599213
 40
0.448798951
 40
0.448798951
 40
0.560998688
 40
0.560998688
 40
0.673198426
 40
0.673198426
 40
0.785398163
 40
0.785398163
 40
0.897597901
 40
0.897597901
 40
1.009797639
 40
1.009797639
 40
1.121997376
 40
1.121997376
 40
1.234197114
 40
1.234197114
 40
1.346396852
 40
1.346396852
 40
1.458596589
 40
1.458596589
 40
1.570796327
 40
1.570796327
 40
1.570796327
 10
53.500000000
 20
82.966810701
 30
0.000000000
 10
53.500000000
 20
83.264562875
 30
0.000000000
 10
53.500000000
 20
83.556491176
 30
0.000000000
 10
53.500000000
 20
83.699270696
 30
0.000000000
 10
53.500000000
 20
83.842050215
 30
0.000000000
 10
53.500000000
 20
83.979326413
 30
0.000000000
 10
53.500000000
 20
84.116602610
 30
0.000000000
 10
53.500000000
 20
84.246649157
 30
0.000000000
 10
53.500000000
 20
84.376695704
 30
0.000000000
 10
53.500000000
 20
84.497877190
 30
0.000000000
 10
53.500000000
 20
84.619058676
 30
0.000000000
 10
53.500000000
 20
84.729851174
 30
0.000000000
 10
53.500000000
 20
84.840643671
 30
0.000000000
 10
53.500000000
 20
84.939653901
 30
0.000000000
 10
53.500000000
 20
85.038664130
 30
0.000000000
 10
53.500000000
 20
85.124646980
 30
0.000000000
 10
53.500000000
 20
85.210629829
 30
0.000000000
 10
53.500000000
 20
85.282504015
 30
0.000000000
 10
53.500000000
 20
85.354378201
 30
0.000000000
 10
53.500000000
 20
85.411239864
 30
0.000000000
 10
53.500000000
 20
85.468101527
 30
0.000000000
 10
53.500000000
 20
85.509235598
 30
0.000000000
 10
53.500000000
 20
85.550369669
 30
0.000000000
 10
53.500000000
 20
85.575258863
 30
0.000000000
 10
53.500000000
 20
85.600148057
 30
0.000000000
 10
53.500000000
 20
85.608479379
 30
0.000000000
 10
53.500000000
 20
85.616810701
 30
0.000000000
  0
SPLINE
  5
B2F
330
A02
100
AcDbEntity
  8
SectionView
100
AcDbSpline
210
0
220
0
230
1
 70
8
 71
1
 72
17
 73
15
 74
0
 40
1.570796327
 40
1.570796327
 40
1.795195802
 40
2.019595277
 40
2.243994753
 40
2.468394228
 40
2.692793703
 40
2.917193178
 40
3.141592654
 40
3.365992129
 40
3.590391604
 40
3.814791079
 40
4.039190555
 40
4.263590030
 40
4.487989505
 40
4.712388980
 40
4.712388980
 10
53.500000000
 20
85.616810701
 30
0.000000000
 10
53.500000000
 20
85.550369669
 30
0.000000000
 10
53.500000000
 20
85.354378201
 30
0.000000000
 10
53.500000000
 20
85.038664130
 30
0.000000000
 10
53.500000000
 20
84.619058676
 30
0.000000000
 10
53.500000000
 20
84.116602610
 30
0.000000000
 10
53.500000000
 20
83.556491176
 30
0.000000000
 10
53.500000000
 20
82.966810701
 30
0.000000000
 10
53.500000000
 20
82.377130226
 30
0.000000000
 10
53.500000000
 20
81.817018793
 30
0.000000000
 10
53.500000000
 20
81.314562726
 30
0.000000000
 10
53.500000000
 20
80.894957273
 30
0.000000000
 10
53.500000000
 20
80.579243201
 30
0.000000000
 10
53.500000000
 20
80.383251734
 30
0.000000000
 10
53.500000000
 20
80.316810701
 30
0.000000000
  0
SPLINE
  5
B30
330
A02
100
AcDbEntity
  8
SectionView
100
AcDbSpline
210
0
220
0
230
1
 70
8
 71
2
 72
30
 73
27
 74
0
 40
4.712388980
 40
4.712388980
 40
4.712388980
 40
4.824588718
 40
4.824588718
 40
4.936788456
 40
4.936788456
 40
5.048988193
 40
5.048988193
 40
5.161187931
 40
5.161187931
 40
5.273387669
 40
5.273387669
 40
5.385587406
 40
5.385587406
 40
5.497787144
 40
5.497787144
 40
5.609986881
 40
5.609986881
 40
5.722186619
 40
5.722186619
 40
5.834386357
 40
5.834386357
 40
5.946586094
 40
5.946586094
 40
6.058785832
 40
6.058785832
 40
6.283185307
 40
6.283185307
 40
6.283185307
 10
53.500000000
 20
80.316810701
 30
0.000000000
 10
53.500000000
 20
80.325142023
 30
0.000000000
 10
53.500000000
 20
80.333473345
 30
0.000000000
 10
53.500000000
 20
80.358362540
 30
0.000000000
 10
53.500000000
 20
80.383251734
 30
0.000000000
 10
53.500000000
 20
80.424385805
 30
0.000000000
 10
53.500000000
 20
80.465519876
 30
0.000000000
 10
53.500000000
 20
80.522381539
 30
0.000000000
 10
53.500000000
 20
80.579243201
 30
0.000000000
 10
53.500000000
 20
80.651117387
 30
0.000000000
 10
53.500000000
 20
80.722991573
 30
0.000000000
 10
53.500000000
 20
80.808974423
 30
0.000000000
 10
53.500000000
 20
80.894957273
 30
0.000000000
 10
53.500000000
 20
80.993967502
 30
0.000000000
 10
53.500000000
 20
81.092977731
 30
0.000000000
 10
53.500000000
 20
81.203770229
 30
0.000000000
 10
53.500000000
 20
81.314562726
 30
0.000000000
 10
53.500000000
 20
81.435744212
 30
0.000000000
 10
53.500000000
 20
81.556925699
 30
0.000000000
 10
53.500000000
 20
81.686972246
 30
0.000000000
 10
53.500000000
 20
81.817018793
 30
0.000000000
 10
53.500000000
 20
81.954294990
 30
0.000000000
 10
53.500000000
 20
82.091571187
 30
0.000000000
 10
53.500000000
 20
82.234350707
 30
0.000000000
 10
53.500000000
 20
82.377130226
 30
0.000000000
 10
53.500000000
 20
82.669058528
 30
0.000000000
 10
53.500000000
 20
82.966810701
 30
0.000000000
  0
SPLINE
  5
B31
330
A02
100
AcDbEntity
  8
SectionView
100
AcDbSpline
210
0
220
0
230
1
 70
8
 71
2
 72
30
 73
27
 74
0
 40
0.000000000
 40
0.000000000
 40
0.000000000
 40
0.224399475
 40
0.224399475
 40
0.336599213
 40
0.336599213
 40
0.448798951
 40
0.448798951
 40
0.560998688
 40
0.560998688
 40
0.673198426
 40
0.673198426
 40
0.785398163
 40
0.785398163
 40
0.897597901
 40
0.897597901
 40
1.009797639
 40
1.009797639
 40
1.121997376
 40
1.121997376
 40
1.234197114
 40
1.234197114
 40
1.346396852
 40
1.346396852
 40
1.458596589
 40
1.458596589
 40
1.570796327
 40
1.570796327
 40
1.570796327
 10
53.500000000
 20
82.966810701
 30
0.000000000
 10
53.500000000
 20
83.399394048
 30
0.000000000
 10
53.500000000
 20
83.823516297
 30
0.000000000
 10
53.500000000
 20
84.030950693
 30
0.000000000
 10
53.500000000
 20
84.238385090
 30
0.000000000
 10
53.500000000
 20
84.437824093
 30
0.000000000
 10
53.500000000
 20
84.637263097
 30
0.000000000
 10
53.500000000
 20
84.826198646
 30
0.000000000
 10
53.500000000
 20
85.015134196
 30
0.000000000
 10
53.500000000
 20
85.191190317
 30
0.000000000
 10
53.500000000
 20
85.367246438
 30
0.000000000
 10
53.500000000
 20
85.528209124
 30
0.000000000
 10
53.500000000
 20
85.689171809
 30
0.000000000
 10
53.500000000
 20
85.833016859
 30
0.000000000
 10
53.500000000
 20
85.976861909
 30
0.000000000
 10
53.500000000
 20
86.101780389
 30
0.000000000
 10
53.500000000
 20
86.226698868
 30
0.000000000
 10
53.500000000
 20
86.331119856
 30
0.000000000
 10
53.500000000
 20
86.435540843
 30
0.000000000
 10
53.500000000
 20
86.518151183
 30
0.000000000
 10
53.500000000
 20
86.600761523
 30
0.000000000
 10
53.500000000
 20
86.660522343
 30
0.000000000
 10
53.500000000
 20
86.720283163
 30
0.000000000
 10
53.500000000
 20
86.756442936
 30
0.000000000
 10
53.500000000
 20
86.792602709
 30
0.000000000
 10
53.500000000
 20
86.804706705
 30
0.000000000
 10
53.500000000
 20
86.816810701
 30
0.000000000
  0
SPLINE
  5
B32
330
A02
100
AcDbEntity
  8
SectionView
100
AcDbSpline
210
0
220
0
230
1
 70
8
 71
1
 72
17
 73
15
 74
0
 40
1.570796327
 40
1.570796327
 40
1.795195802
 40
2.019595277
 40
2.243994753
 40
2.468394228
 40
2.692793703
 40
2.917193178
 40
3.141592654
 40
3.365992129
 40
3.590391604
 40
3.814791079
 40
4.039190555
 40
4.263590030
 40
4.487989505
 40
4.712388980
 40
4.712388980
 10
53.500000000
 20
86.816810701
 30
0.000000000
 10
53.500000000
 20
86.720283163
 30
0.000000000
 10
53.500000000
 20
86.435540843
 30
0.000000000
 10
53.500000000
 20
85.976861909
 30
0.000000000
 10
53.500000000
 20
85.367246438
 30
0.000000000
 10
53.500000000
 20
84.637263097
 30
0.000000000
 10
53.500000000
 20
83.823516297
 30
0.000000000
 10
53.500000000
 20
82.966810701
 30
0.000000000
 10
53.500000000
 20
82.110105106
 30
0.000000000
 10
53.500000000
 20
81.296358306
 30
0.000000000
 10
53.500000000
 20
80.566374964
 30
0.000000000
 10
53.500000000
 20
79.956759494
 30
0.000000000
 10
53.500000000
 20
79.498080560
 30
0.000000000
 10
53.500000000
 20
79.213338239
 30
0.000000000
 10
53.500000000
 20
79.116810701
 30
0.000000000
  0
SPLINE
  5
B33
330
A02
100
AcDbEntity
  8
SectionView
100
AcDbSpline
210
0
220
0
230
1
 70
8
 71
2
 72
30
 73
27
 74
0
 40
4.712388980
 40
4.712388980
 40
4.712388980
 40
4.824588718
 40
4.824588718
 40
4.936788456
 40
4.936788456
 40
5.048988193
 40
5.048988193
 40
5.161187931
 40
5.161187931
 40
5.273387669
 40
5.273387669
 40
5.385587406
 40
5.385587406
 40
5.497787144
 40
5.497787144
 40
5.609986881
 40
5.609986881
 40
5.722186619
 40
5.722186619
 40
5.834386357
 40
5.834386357
 40
5.946586094
 40
5.946586094
 40
6.058785832
 40
6.058785832
 40
6.283185307
 40
6.283185307
 40
6.283185307
 10
53.500000000
 20
79.116810701
 30
0.000000000
 10
53.500000000
 20
79.128914697
 30
0.000000000
 10
53.500000000
 20
79.141018693
 30
0.000000000
 10
53.500000000
 20
79.177178466
 30
0.000000000
 10
53.500000000
 20
79.213338239
 30
0.000000000
 10
53.500000000
 20
79.273099059
 30
0.000000000
 10
53.500000000
 20
79.332859880
 30
0.000000000
 10
53.500000000
 20
79.415470220
 30
0.000000000
 10
53.500000000
 20
79.498080560
 30
0.000000000
 10
53.500000000
 20
79.602501547
 30
0.000000000
 10
53.500000000
 20
79.706922534
 30
0.000000000
 10
53.500000000
 20
79.831841014
 30
0.000000000
 10
53.500000000
 20
79.956759494
 30
0.000000000
 10
53.500000000
 20
80.100604544
 30
0.000000000
 10
53.500000000
 20
80.244449594
 30
0.000000000
 10
53.500000000
 20
80.405412279
 30
0.000000000
 10
53.500000000
 20
80.566374964
 30
0.000000000
 10
53.500000000
 20
80.742431085
 30
0.000000000
 10
53.500000000
 20
80.918487207
 30
0.000000000
 10
53.500000000
 20
81.107422756
 30
0.000000000
 10
53.500000000
 20
81.296358306
 30
0.000000000
 10
53.500000000
 20
81.495797309
 30
0.000000000
 10
53.500000000
 20
81.695236313
 30
0.000000000
 10
53.500000000
 20
81.902670709
 30
0.000000000
 10
53.500000000
 20
82.110105106
 30
0.000000000
 10
53.500000000
 20
82.534227355
 30
0.000000000
 10
53.500000000
 20
82.966810701
 30
0.000000000
  0
SPLINE
  5
B34
330
A02
100
AcDbEntity
  8
SectionView
100
AcDbSpline
210
0
220
0
230
1
 70
8
 71
2
 72
30
 73
27
 74
0
 40
0.000000000
 40
0.000000000
 40
0.000000000
 40
0.224399475
 40
0.224399475
 40
0.336599213
 40
0.336599213
 40
0.448798951
 40
0.448798951
 40
0.560998688
 40
0.560998688
 40
0.673198426
 40
0.673198426
 40
0.785398163
 40
0.785398163
 40
0.897597901
 40
0.897597901
 40
1.009797639
 40
1.009797639
 40
1.121997376
 40
1.121997376
 40
1.234197114
 40
1.234197114
 40
1.346396852
 40
1.346396852
 40
1.458596589
 40
1.458596589
 40
1.570796327
 40
1.570796327
 40
1.570796327
 10
53.500000000
 20
71.966810701
 30
0.000000000
 10
53.500000000
 20
72.399394048
 30
0.000000000
 10
53.500000000
 20
72.823516297
 30
0.000000000
 10
53.500000000
 20
73.030950693
 30
0.000000000
 10
53.500000000
 20
73.238385090
 30
0.000000000
 10
53.500000000
 20
73.437824093
 30
0.000000000
 10
53.500000000
 20
73.637263097
 30
0.000000000
 10
53.500000000
 20
73.826198646
 30
0.000000000
 10
53.500000000
 20
74.015134196
 30
0.000000000
 10
53.500000000
 20
74.191190317
 30
0.000000000
 10
53.500000000
 20
74.367246438
 30
0.000000000
 10
53.500000000
 20
74.528209124
 30
0.000000000
 10
53.500000000
 20
74.689171809
 30
0.000000000
 10
53.500000000
 20
74.833016859
 30
0.000000000
 10
53.500000000
 20
74.976861909
 30
0.000000000
 10
53.500000000
 20
75.101780389
 30
0.000000000
 10
53.500000000
 20
75.226698868
 30
0.000000000
 10
53.500000000
 20
75.331119856
 30
0.000000000
 10
53.500000000
 20
75.435540843
 30
0.000000000
 10
53.500000000
 20
75.518151183
 30
0.000000000
 10
53.500000000
 20
75.600761523
 30
0.000000000
 10
53.500000000
 20
75.660522343
 30
0.000000000
 10
53.500000000
 20
75.720283163
 30
0.000000000
 10
53.500000000
 20
75.756442936
 30
0.000000000
 10
53.500000000
 20
75.792602709
 30
0.000000000
 10
53.500000000
 20
75.804706705
 30
0.000000000
 10
53.500000000
 20
75.816810701
 30
0.000000000
  0
SPLINE
  5
B35
330
A02
100
AcDbEntity
  8
SectionView
100
AcDbSpline
210
0
220
0
230
1
 70
8
 71
1
 72
17
 73
15
 74
0
 40
1.570796327
 40
1.570796327
 40
1.795195802
 40
2.019595277
 40
2.243994753
 40
2.468394228
 40
2.692793703
 40
2.917193178
 40
3.141592654
 40
3.365992129
 40
3.590391604
 40
3.814791079
 40
4.039190555
 40
4.263590030
 40
4.487989505
 40
4.712388980
 40
4.712388980
 10
53.500000000
 20
75.816810701
 30
0.000000000
 10
53.500000000
 20
75.720283163
 30
0.000000000
 10
53.500000000
 20
75.435540843
 30
0.000000000
 10
53.500000000
 20
74.976861909
 30
0.000000000
 10
53.500000000
 20
74.367246438
 30
0.000000000
 10
53.500000000
 20
73.637263097
 30
0.000000000
 10
53.500000000
 20
72.823516297
 30
0.000000000
 10
53.500000000
 20
71.966810701
 30
0.000000000
 10
53.500000000
 20
71.110105106
 30
0.000000000
 10
53.500000000
 20
70.296358306
 30
0.000000000
 10
53.500000000
 20
69.566374964
 30
0.000000000
 10
53.500000000
 20
68.956759494
 30
0.000000000
 10
53.500000000
 20
68.498080560
 30
0.000000000
 10
53.500000000
 20
68.213338239
 30
0.000000000
 10
53.500000000
 20
68.116810701
 30
0.000000000
  0
SPLINE
  5
B36
330
A02
100
AcDbEntity
  8
SectionView
100
AcDbSpline
210
0
220
0
230
1
 70
8
 71
2
 72
30
 73
27
 74
0
 40
4.712388980
 40
4.712388980
 40
4.712388980
 40
4.824588718
 40
4.824588718
 40
4.936788456
 40
4.936788456
 40
5.048988193
 40
5.048988193
 40
5.161187931
 40
5.161187931
 40
5.273387669
 40
5.273387669
 40
5.385587406
 40
5.385587406
 40
5.497787144
 40
5.497787144
 40
5.609986881
 40
5.609986881
 40
5.722186619
 40
5.722186619
 40
5.834386357
 40
5.834386357
 40
5.946586094
 40
5.946586094
 40
6.058785832
 40
6.058785832
 40
6.283185307
 40
6.283185307
 40
6.283185307
 10
53.500000000
 20
68.116810701
 30
0.000000000
 10
53.500000000
 20
68.128914697
 30
0.000000000
 10
53.500000000
 20
68.141018693
 30
0.000000000
 10
53.500000000
 20
68.177178466
 30
0.000000000
 10
53.500000000
 20
68.213338239
 30
0.000000000
 10
53.500000000
 20
68.273099059
 30
0.000000000
 10
53.500000000
 20
68.332859880
 30
0.000000000
 10
53.500000000
 20
68.415470220
 30
0.000000000
 10
53.500000000
 20
68.498080560
 30
0.000000000
 10
53.500000000
 20
68.602501547
 30
0.000000000
 10
53.500000000
 20
68.706922534
 30
0.000000000
 10
53.500000000
 20
68.831841014
 30
0.000000000
 10
53.500000000
 20
68.956759494
 30
0.000000000
 10
53.500000000
 20
69.100604544
 30
0.000000000
 10
53.500000000
 20
69.244449594
 30
0.000000000
 10
53.500000000
 20
69.405412279
 30
0.000000000
 10
53.500000000
 20
69.566374964
 30
0.000000000
 10
53.500000000
 20
69.742431085
 30
0.000000000
 10
53.500000000
 20
69.918487207
 30
0.000000000
 10
53.500000000
 20
70.107422756
 30
0.000000000
 10
53.500000000
 20
70.296358306
 30
0.000000000
 10
53.500000000
 20
70.495797309
 30
0.000000000
 10
53.500000000
 20
70.695236313
 30
0.000000000
 10
53.500000000
 20
70.902670709
 30
0.000000000
 10
53.500000000
 20
71.110105106
 30
0.000000000
 10
53.500000000
 20
71.534227355
 30
0.000000000
 10
53.500000000
 20
71.966810701
 30
0.000000000
  0
SPLINE
  5
B37
330
A02
100
AcDbEntity
  8
SectionView
100
AcDbSpline
210
0
220
0
230
1
 70
8
 71
2
 72
30
 73
27
 74
0
 40
0.000000000
 40
0.000000000
 40
0.000000000
 40
0.224399475
 40
0.224399475
 40
0.336599213
 40
0.336599213
 40
0.448798951
 40
0.448798951
 40
0.560998688
 40
0.560998688
 40
0.673198426
 40
0.673198426
 40
0.785398163
 40
0.785398163
 40
0.897597901
 40
0.897597901
 40
1.009797639
 40
1.009797639
 40
1.121997376
 40
1.121997376
 40
1.234197114
 40
1.234197114
 40
1.346396852
 40
1.346396852
 40
1.458596589
 40
1.458596589
 40
1.570796327
 40
1.570796327
 40
1.570796327
 10
53.500000000
 20
82.966810701
 30
0.000000000
 10
53.500000000
 20
83.399394048
 30
0.000000000
 10
53.500000000
 20
83.823516297
 30
0.000000000
 10
53.500000000
 20
84.030950693
 30
0.000000000
 10
53.500000000
 20
84.238385090
 30
0.000000000
 10
53.500000000
 20
84.437824093
 30
0.000000000
 10
53.500000000
 20
84.637263097
 30
0.000000000
 10
53.500000000
 20
84.826198646
 30
0.000000000
 10
53.500000000
 20
85.015134196
 30
0.000000000
 10
53.500000000
 20
85.191190317
 30
0.000000000
 10
53.500000000
 20
85.367246438
 30
0.000000000
 10
53.500000000
 20
85.528209124
 30
0.000000000
 10
53.500000000
 20
85.689171809
 30
0.000000000
 10
53.500000000
 20
85.833016859
 30
0.000000000
 10
53.500000000
 20
85.976861909
 30
0.000000000
 10
53.500000000
 20
86.101780389
 30
0.000000000
 10
53.500000000
 20
86.226698868
 30
0.000000000
 10
53.500000000
 20
86.331119856
 30
0.000000000
 10
53.500000000
 20
86.435540843
 30
0.000000000
 10
53.500000000
 20
86.518151183
 30
0.000000000
 10
53.500000000
 20
86.600761523
 30
0.000000000
 10
53.500000000
 20
86.660522343
 30
0.000000000
 10
53.500000000
 20
86.720283163
 30
0.000000000
 10
53.500000000
 20
86.756442936
 30
0.000000000
 10
53.500000000
 20
86.792602709
 30
0.000000000
 10
53.500000000
 20
86.804706705
 30
0.000000000
 10
53.500000000
 20
86.816810701
 30
0.000000000
  0
SPLINE
  5
B38
330
A02
100
AcDbEntity
  8
SectionView
100
AcDbSpline
210
0
220
0
230
1
 70
8
 71
1
 72
17
 73
15
 74
0
 40
1.570796327
 40
1.570796327
 40
1.795195802
 40
2.019595277
 40
2.243994753
 40
2.468394228
 40
2.692793703
 40
2.917193178
 40
3.141592654
 40
3.365992129
 40
3.590391604
 40
3.814791079
 40
4.039190555
 40
4.263590030
 40
4.487989505
 40
4.712388980
 40
4.712388980
 10
53.500000000
 20
86.816810701
 30
0.000000000
 10
53.500000000
 20
86.720283163
 30
0.000000000
 10
53.500000000
 20
86.435540843
 30
0.000000000
 10
53.500000000
 20
85.976861909
 30
0.000000000
 10
53.500000000
 20
85.367246438
 30
0.000000000
 10
53.500000000
 20
84.637263097
 30
0.000000000
 10
53.500000000
 20
83.823516297
 30
0.000000000
 10
53.500000000
 20
82.966810701
 30
0.000000000
 10
53.500000000
 20
82.110105106
 30
0.000000000
 10
53.500000000
 20
81.296358306
 30
0.000000000
 10
53.500000000
 20
80.566374964
 30
0.000000000
 10
53.500000000
 20
79.956759494
 30
0.000000000
 10
53.500000000
 20
79.498080560
 30
0.000000000
 10
53.500000000
 20
79.213338239
 30
0.000000000
 10
53.500000000
 20
79.116810701
 30
0.000000000
  0
SPLINE
  5
B39
330
A02
100
AcDbEntity
  8
SectionView
100
AcDbSpline
210
0
220
0
230
1
 70
8
 71
2
 72
30
 73
27
 74
0
 40
4.712388980
 40
4.712388980
 40
4.712388980
 40
4.824588718
 40
4.824588718
 40
4.936788456
 40
4.936788456
 40
5.048988193
 40
5.048988193
 40
5.161187931
 40
5.161187931
 40
5.273387669
 40
5.273387669
 40
5.385587406
 40
5.385587406
 40
5.497787144
 40
5.497787144
 40
5.609986881
 40
5.609986881
 40
5.722186619
 40
5.722186619
 40
5.834386357
 40
5.834386357
 40
5.946586094
 40
5.946586094
 40
6.058785832
 40
6.058785832
 40
6.283185307
 40
6.283185307
 40
6.283185307
 10
53.500000000
 20
79.116810701
 30
0.000000000
 10
53.500000000
 20
79.128914697
 30
0.000000000
 10
53.500000000
 20
79.141018693
 30
0.000000000
 10
53.500000000
 20
79.177178466
 30
0.000000000
 10
53.500000000
 20
79.213338239
 30
0.000000000
 10
53.500000000
 20
79.273099059
 30
0.000000000
 10
53.500000000
 20
79.332859880
 30
0.000000000
 10
53.500000000
 20
79.415470220
 30
0.000000000
 10
53.500000000
 20
79.498080560
 30
0.000000000
 10
53.500000000
 20
79.602501547
 30
0.000000000
 10
53.500000000
 20
79.706922534
 30
0.000000000
 10
53.500000000
 20
79.831841014
 30
0.000000000
 10
53.500000000
 20
79.956759494
 30
0.000000000
 10
53.500000000
 20
80.100604544
 30
0.000000000
 10
53.500000000
 20
80.244449594
 30
0.000000000
 10
53.500000000
 20
80.405412279
 30
0.000000000
 10
53.500000000
 20
80.566374964
 30
0.000000000
 10
53.500000000
 20
80.742431085
 30
0.000000000
 10
53.500000000
 20
80.918487207
 30
0.000000000
 10
53.500000000
 20
81.107422756
 30
0.000000000
 10
53.500000000
 20
81.296358306
 30
0.000000000
 10
53.500000000
 20
81.495797309
 30
0.000000000
 10
53.500000000
 20
81.695236313
 30
0.000000000
 10
53.500000000
 20
81.902670709
 30
0.000000000
 10
53.500000000
 20
82.110105106
 30
0.000000000
 10
53.500000000
 20
82.534227355
 30
0.000000000
 10
53.500000000
 20
82.966810701
 30
0.000000000
  0
SPLINE
  5
B3A
330
A02
100
AcDbEntity
  8
SectionView
100
AcDbSpline
210
0
220
0
230
1
 70
8
 71
2
 72
30
 73
27
 74
0
 40
0.000000000
 40
0.000000000
 40
0.000000000
 40
0.224399475
 40
0.224399475
 40
0.336599213
 40
0.336599213
 40
0.448798951
 40
0.448798951
 40
0.560998688
 40
0.560998688
 40
0.673198426
 40
0.673198426
 40
0.785398163
 40
0.785398163
 40
0.897597901
 40
0.897597901
 40
1.009797639
 40
1.009797639
 40
1.121997376
 40
1.121997376
 40
1.234197114
 40
1.234197114
 40
1.346396852
 40
1.346396852
 40
1.458596589
 40
1.458596589
 40
1.570796327
 40
1.570796327
 40
1.570796327
 10
53.500000000
 20
93.966810701
 30
0.000000000
 10
53.500000000
 20
94.399394048
 30
0.000000000
 10
53.500000000
 20
94.823516297
 30
0.000000000
 10
53.500000000
 20
95.030950693
 30
0.000000000
 10
53.500000000
 20
95.238385090
 30
0.000000000
 10
53.500000000
 20
95.437824093
 30
0.000000000
 10
53.500000000
 20
95.637263097
 30
0.000000000
 10
53.500000000
 20
95.826198646
 30
0.000000000
 10
53.500000000
 20
96.015134196
 30
0.000000000
 10
53.500000000
 20
96.191190317
 30
0.000000000
 10
53.500000000
 20
96.367246438
 30
0.000000000
 10
53.500000000
 20
96.528209124
 30
0.000000000
 10
53.500000000
 20
96.689171809
 30
0.000000000
 10
53.500000000
 20
96.833016859
 30
0.000000000
 10
53.500000000
 20
96.976861909
 30
0.000000000
 10
53.500000000
 20
97.101780389
 30
0.000000000
 10
53.500000000
 20
97.226698868
 30
0.000000000
 10
53.500000000
 20
97.331119856
 30
0.000000000
 10
53.500000000
 20
97.435540843
 30
0.000000000
 10
53.500000000
 20
97.518151183
 30
0.000000000
 10
53.500000000
 20
97.600761523
 30
0.000000000
 10
53.500000000
 20
97.660522343
 30
0.000000000
 10
53.500000000
 20
97.720283163
 30
0.000000000
 10
53.500000000
 20
97.756442936
 30
0.000000000
 10
53.500000000
 20
97.792602709
 30
0.000000000
 10
53.500000000
 20
97.804706705
 30
0.000000000
 10
53.500000000
 20
97.816810701
 30
0.000000000
  0
SPLINE
  5
B3B
330
A02
100
AcDbEntity
  8
SectionView
100
AcDbSpline
210
0
220
0
230
1
 70
8
 71
1
 72
17
 73
15
 74
0
 40
1.570796327
 40
1.570796327
 40
1.795195802
 40
2.019595277
 40
2.243994753
 40
2.468394228
 40
2.692793703
 40
2.917193178
 40
3.141592654
 40
3.365992129
 40
3.590391604
 40
3.814791079
 40
4.039190555
 40
4.263590030
 40
4.487989505
 40
4.712388980
 40
4.712388980
 10
53.500000000
 20
97.816810701
 30
0.000000000
 10
53.500000000
 20
97.720283163
 30
0.000000000
 10
53.500000000
 20
97.435540843
 30
0.000000000
 10
53.500000000
 20
96.976861909
 30
0.000000000
 10
53.500000000
 20
96.367246438
 30
0.000000000
 10
53.500000000
 20
95.637263097
 30
0.000000000
 10
53.500000000
 20
94.823516297
 30
0.000000000
 10
53.500000000
 20
93.966810701
 30
0.000000000
 10
53.500000000
 20
93.110105106
 30
0.000000000
 10
53.500000000
 20
92.296358306
 30
0.000000000
 10
53.500000000
 20
91.566374964
 30
0.000000000
 10
53.500000000
 20
90.956759494
 30
0.000000000
 10
53.500000000
 20
90.498080560
 30
0.000000000
 10
53.500000000
 20
90.213338239
 30
0.000000000
 10
53.500000000
 20
90.116810701
 30
0.000000000
  0
SPLINE
  5
B3C
330
A02
100
AcDbEntity
  8
SectionView
100
AcDbSpline
210
0
220
0
230
1
 70
8
 71
2
 72
30
 73
27
 74
0
 40
4.712388980
 40
4.712388980
 40
4.712388980
 40
4.824588718
 40
4.824588718
 40
4.936788456
 40
4.936788456
 40
5.048988193
 40
5.048988193
 40
5.161187931
 40
5.161187931
 40
5.273387669
 40
5.273387669
 40
5.385587406
 40
5.385587406
 40
5.497787144
 40
5.497787144
 40
5.609986881
 40
5.609986881
 40
5.722186619
 40
5.722186619
 40
5.834386357
 40
5.834386357
 40
5.946586094
 40
5.946586094
 40
6.058785832
 40
6.058785832
 40
6.283185307
 40
6.283185307
 40
6.283185307
 10
53.500000000
 20
90.116810701
 30
0.000000000
 10
53.500000000
 20
90.128914697
 30
0.000000000
 10
53.500000000
 20
90.141018693
 30
0.000000000
 10
53.500000000
 20
90.177178466
 30
0.000000000
 10
53.500000000
 20
90.213338239
 30
0.000000000
 10
53.500000000
 20
90.273099059
 30
0.000000000
 10
53.500000000
 20
90.332859880
 30
0.000000000
 10
53.500000000
 20
90.415470220
 30
0.000000000
 10
53.500000000
 20
90.498080560
 30
0.000000000
 10
53.500000000
 20
90.602501547
 30
0.000000000
 10
53.500000000
 20
90.706922534
 30
0.000000000
 10
53.500000000
 20
90.831841014
 30
0.000000000
 10
53.500000000
 20
90.956759494
 30
0.000000000
 10
53.500000000
 20
91.100604544
 30
0.000000000
 10
53.500000000
 20
91.244449594
 30
0.000000000
 10
53.500000000
 20
91.405412279
 30
0.000000000
 10
53.500000000
 20
91.566374964
 30
0.000000000
 10
53.500000000
 20
91.742431085
 30
0.000000000
 10
53.500000000
 20
91.918487207
 30
0.000000000
 10
53.500000000
 20
92.107422756
 30
0.000000000
 10
53.500000000
 20
92.296358306
 30
0.000000000
 10
53.500000000
 20
92.495797309
 30
0.000000000
 10
53.500000000
 20
92.695236313
 30
0.000000000
 10
53.500000000
 20
92.902670709
 30
0.000000000
 10
53.500000000
 20
93.110105106
 30
0.000000000
 10
53.500000000
 20
93.534227355
 30
0.000000000
 10
53.500000000
 20
93.966810701
 30
0.000000000
  0
SPLINE
  5
B3D
330
A02
100
AcDbEntity
  8
SectionView
100
AcDbSpline
210
0
220
0
230
1
 70
8
 71
2
 72
30
 73
27
 74
0
 40
0.000000000
 40
0.000000000
 40
0.000000000
 40
0.224399475
 40
0.224399475
 40
0.336599213
 40
0.336599213
 40
0.448798951
 40
0.448798951
 40
0.560998688
 40
0.560998688
 40
0.673198426
 40
0.673198426
 40
0.785398163
 40
0.785398163
 40
0.897597901
 40
0.897597901
 40
1.009797639
 40
1.009797639
 40
1.121997376
 40
1.121997376
 40
1.234197114
 40
1.234197114
 40
1.346396852
 40
1.346396852
 40
1.458596589
 40
1.458596589
 40
1.570796327
 40
1.570796327
 40
1.570796327
 10
53.500000000
 20
104.966810701
 30
0.000000000
 10
53.500000000
 20
105.399394048
 30
0.000000000
 10
53.500000000
 20
105.823516297
 30
0.000000000
 10
53.500000000
 20
106.030950693
 30
0.000000000
 10
53.500000000
 20
106.238385090
 30
0.000000000
 10
53.500000000
 20
106.437824093
 30
0.000000000
 10
53.500000000
 20
106.637263097
 30
0.000000000
 10
53.500000000
 20
106.826198646
 30
0.000000000
 10
53.500000000
 20
107.015134196
 30
0.000000000
 10
53.500000000
 20
107.191190317
 30
0.000000000
 10
53.500000000
 20
107.367246438
 30
0.000000000
 10
53.500000000
 20
107.528209124
 30
0.000000000
 10
53.500000000
 20
107.689171809
 30
0.000000000
 10
53.500000000
 20
107.833016859
 30
0.000000000
 10
53.500000000
 20
107.976861909
 30
0.000000000
 10
53.500000000
 20
108.101780389
 30
0.000000000
 10
53.500000000
 20
108.226698868
 30
0.000000000
 10
53.500000000
 20
108.331119856
 30
0.000000000
 10
53.500000000
 20
108.435540843
 30
0.000000000
 10
53.500000000
 20
108.518151183
 30
0.000000000
 10
53.500000000
 20
108.600761523
 30
0.000000000
 10
53.500000000
 20
108.660522343
 30
0.000000000
 10
53.500000000
 20
108.720283163
 30
0.000000000
 10
53.500000000
 20
108.756442936
 30
0.000000000
 10
53.500000000
 20
108.792602709
 30
0.000000000
 10
53.500000000
 20
108.804706705
 30
0.000000000
 10
53.500000000
 20
108.816810701
 30
0.000000000
  0
SPLINE
  5
B3E
330
A02
100
AcDbEntity
  8
SectionView
100
AcDbSpline
210
0
220
0
230
1
 70
8
 71
1
 72
17
 73
15
 74
0
 40
1.570796327
 40
1.570796327
 40
1.795195802
 40
2.019595277
 40
2.243994753
 40
2.468394228
 40
2.692793703
 40
2.917193178
 40
3.141592654
 40
3.365992129
 40
3.590391604
 40
3.814791079
 40
4.039190555
 40
4.263590030
 40
4.487989505
 40
4.712388980
 40
4.712388980
 10
53.500000000
 20
108.816810701
 30
0.000000000
 10
53.500000000
 20
108.720283163
 30
0.000000000
 10
53.500000000
 20
108.435540843
 30
0.000000000
 10
53.500000000
 20
107.976861909
 30
0.000000000
 10
53.500000000
 20
107.367246438
 30
0.000000000
 10
53.500000000
 20
106.637263097
 30
0.000000000
 10
53.500000000
 20
105.823516297
 30
0.000000000
 10
53.500000000
 20
104.966810701
 30
0.000000000
 10
53.500000000
 20
104.110105106
 30
0.000000000
 10
53.500000000
 20
103.296358306
 30
0.000000000
 10
53.500000000
 20
102.566374964
 30
0.000000000
 10
53.500000000
 20
101.956759494
 30
0.000000000
 10
53.500000000
 20
101.498080560
 30
0.000000000
 10
53.500000000
 20
101.213338239
 30
0.000000000
 10
53.500000000
 20
101.116810701
 30
0.000000000
  0
SPLINE
  5
B3F
330
A02
100
AcDbEntity
  8
SectionView
100
AcDbSpline
210
0
220
0
230
1
 70
8
 71
2
 72
30
 73
27
 74
0
 40
4.712388980
 40
4.712388980
 40
4.712388980
 40
4.824588718
 40
4.824588718
 40
4.936788456
 40
4.936788456
 40
5.048988193
 40
5.048988193
 40
5.161187931
 40
5.161187931
 40
5.273387669
 40
5.273387669
 40
5.385587406
 40
5.385587406
 40
5.497787144
 40
5.497787144
 40
5.609986881
 40
5.609986881
 40
5.722186619
 40
5.722186619
 40
5.834386357
 40
5.834386357
 40
5.946586094
 40
5.946586094
 40
6.058785832
 40
6.058785832
 40
6.283185307
 40
6.283185307
 40
6.283185307
 10
53.500000000
 20
101.116810701
 30
0.000000000
 10
53.500000000
 20
101.128914697
 30
0.000000000
 10
53.500000000
 20
101.141018693
 30
0.000000000
 10
53.500000000
 20
101.177178466
 30
0.000000000
 10
53.500000000
 20
101.213338239
 30
0.000000000
 10
53.500000000
 20
101.273099059
 30
0.000000000
 10
53.500000000
 20
101.332859880
 30
0.000000000
 10
53.500000000
 20
101.415470220
 30
0.000000000
 10
53.500000000
 20
101.498080560
 30
0.000000000
 10
53.500000000
 20
101.602501547
 30
0.000000000
 10
53.500000000
 20
101.706922534
 30
0.000000000
 10
53.500000000
 20
101.831841014
 30
0.000000000
 10
53.500000000
 20
101.956759494
 30
0.000000000
 10
53.500000000
 20
102.100604544
 30
0.000000000
 10
53.500000000
 20
102.244449594
 30
0.000000000
 10
53.500000000
 20
102.405412279
 30
0.000000000
 10
53.500000000
 20
102.566374964
 30
0.000000000
 10
53.500000000
 20
102.742431085
 30
0.000000000
 10
53.500000000
 20
102.918487207
 30
0.000000000
 10
53.500000000
 20
103.107422756
 30
0.000000000
 10
53.500000000
 20
103.296358306
 30
0.000000000
 10
53.500000000
 20
103.495797309
 30
0.000000000
 10
53.500000000
 20
103.695236313
 30
0.000000000
 10
53.500000000
 20
103.902670709
 30
0.000000000
 10
53.500000000
 20
104.110105106
 30
0.000000000
 10
53.500000000
 20
104.534227355
 30
0.000000000
 10
53.500000000
 20
104.966810701
 30
0.000000000
  0
SPLINE
  5
B40
330
A02
100
AcDbEntity
  8
SectionView
100
AcDbSpline
210
0
220
0
230
1
 70
8
 71
2
 72
30
 73
27
 74
0
 40
0.000000000
 40
0.000000000
 40
0.000000000
 40
0.224399475
 40
0.224399475
 40
0.336599213
 40
0.336599213
 40
0.448798951
 40
0.448798951
 40
0.560998688
 40
0.560998688
 40
0.673198426
 40
0.673198426
 40
0.785398163
 40
0.785398163
 40
0.897597901
 40
0.897597901
 40
1.009797639
 40
1.009797639
 40
1.121997376
 40
1.121997376
 40
1.234197114
 40
1.234197114
 40
1.346396852
 40
1.346396852
 40
1.458596589
 40
1.458596589
 40
1.570796327
 40
1.570796327
 40
1.570796327
 10
53.500000000
 20
93.966810701
 30
0.000000000
 10
53.500000000
 20
94.399394048
 30
0.000000000
 10
53.500000000
 20
94.823516297
 30
0.000000000
 10
53.500000000
 20
95.030950693
 30
0.000000000
 10
53.500000000
 20
95.238385090
 30
0.000000000
 10
53.500000000
 20
95.437824093
 30
0.000000000
 10
53.500000000
 20
95.637263097
 30
0.000000000
 10
53.500000000
 20
95.826198646
 30
0.000000000
 10
53.500000000
 20
96.015134196
 30
0.000000000
 10
53.500000000
 20
96.191190317
 30
0.000000000
 10
53.500000000
 20
96.367246438
 30
0.000000000
 10
53.500000000
 20
96.528209124
 30
0.000000000
 10
53.500000000
 20
96.689171809
 30
0.000000000
 10
53.500000000
 20
96.833016859
 30
0.000000000
 10
53.500000000
 20
96.976861909
 30
0.000000000
 10
53.500000000
 20
97.101780389
 30
0.000000000
 10
53.500000000
 20
97.226698868
 30
0.000000000
 10
53.500000000
 20
97.331119856
 30
0.000000000
 10
53.500000000
 20
97.435540843
 30
0.000000000
 10
53.500000000
 20
97.518151183
 30
0.000000000
 10
53.500000000
 20
97.600761523
 30
0.000000000
 10
53.500000000
 20
97.660522343
 30
0.000000000
 10
53.500000000
 20
97.720283163
 30
0.000000000
 10
53.500000000
 20
97.756442936
 30
0.000000000
 10
53.500000000
 20
97.792602709
 30
0.000000000
 10
53.500000000
 20
97.804706705
 30
0.000000000
 10
53.500000000
 20
97.816810701
 30
0.000000000
  0
SPLINE
  5
B41
330
A02
100
AcDbEntity
  8
SectionView
100
AcDbSpline
210
0
220
0
230
1
 70
8
 71
1
 72
17
 73
15
 74
0
 40
1.570796327
 40
1.570796327
 40
1.795195802
 40
2.019595277
 40
2.243994753
 40
2.468394228
 40
2.692793703
 40
2.917193178
 40
3.141592654
 40
3.365992129
 40
3.590391604
 40
3.814791079
 40
4.039190555
 40
4.263590030
 40
4.487989505
 40
4.712388980
 40
4.712388980
 10
53.500000000
 20
97.816810701
 30
0.000000000
 10
53.500000000
 20
97.720283163
 30
0.000000000
 10
53.500000000
 20
97.435540843
 30
0.000000000
 10
53.500000000
 20
96.976861909
 30
0.000000000
 10
53.500000000
 20
96.367246438
 30
0.000000000
 10
53.500000000
 20
95.637263097
 30
0.000000000
 10
53.500000000
 20
94.823516297
 30
0.000000000
 10
53.500000000
 20
93.966810701
 30
0.000000000
 10
53.500000000
 20
93.110105106
 30
0.000000000
 10
53.500000000
 20
92.296358306
 30
0.000000000
 10
53.500000000
 20
91.566374964
 30
0.000000000
 10
53.500000000
 20
90.956759494
 30
0.000000000
 10
53.500000000
 20
90.498080560
 30
0.000000000
 10
53.500000000
 20
90.213338239
 30
0.000000000
 10
53.500000000
 20
90.116810701
 30
0.000000000
  0
SPLINE
  5
B42
330
A02
100
AcDbEntity
  8
SectionView
100
AcDbSpline
210
0
220
0
230
1
 70
8
 71
2
 72
30
 73
27
 74
0
 40
4.712388980
 40
4.712388980
 40
4.712388980
 40
4.824588718
 40
4.824588718
 40
4.936788456
 40
4.936788456
 40
5.048988193
 40
5.048988193
 40
5.161187931
 40
5.161187931
 40
5.273387669
 40
5.273387669
 40
5.385587406
 40
5.385587406
 40
5.497787144
 40
5.497787144
 40
5.609986881
 40
5.609986881
 40
5.722186619
 40
5.722186619
 40
5.834386357
 40
5.834386357
 40
5.946586094
 40
5.946586094
 40
6.058785832
 40
6.058785832
 40
6.283185307
 40
6.283185307
 40
6.283185307
 10
53.500000000
 20
90.116810701
 30
0.000000000
 10
53.500000000
 20
90.128914697
 30
0.000000000
 10
53.500000000
 20
90.141018693
 30
0.000000000
 10
53.500000000
 20
90.177178466
 30
0.000000000
 10
53.500000000
 20
90.213338239
 30
0.000000000
 10
53.500000000
 20
90.273099059
 30
0.000000000
 10
53.500000000
 20
90.332859880
 30
0.000000000
 10
53.500000000
 20
90.415470220
 30
0.000000000
 10
53.500000000
 20
90.498080560
 30
0.000000000
 10
53.500000000
 20
90.602501547
 30
0.000000000
 10
53.500000000
 20
90.706922534
 30
0.000000000
 10
53.500000000
 20
90.831841014
 30
0.000000000
 10
53.500000000
 20
90.956759494
 30
0.000000000
 10
53.500000000
 20
91.100604544
 30
0.000000000
 10
53.500000000
 20
91.244449594
 30
0.000000000
 10
53.500000000
 20
91.405412279
 30
0.000000000
 10
53.500000000
 20
91.566374964
 30
0.000000000
 10
53.500000000
 20
91.742431085
 30
0.000000000
 10
53.500000000
 20
91.918487207
 30
0.000000000
 10
53.500000000
 20
92.107422756
 30
0.000000000
 10
53.500000000
 20
92.296358306
 30
0.000000000
 10
53.500000000
 20
92.495797309
 30
0.000000000
 10
53.500000000
 20
92.695236313
 30
0.000000000
 10
53.500000000
 20
92.902670709
 30
0.000000000
 10
53.500000000
 20
93.110105106
 30
0.000000000
 10
53.500000000
 20
93.534227355
 30
0.000000000
 10
53.500000000
 20
93.966810701
 30
0.000000000
  0
SPLINE
  5
B43
330
A02
100
AcDbEntity
  8
SectionView
100
AcDbSpline
210
0
220
0
230
1
 70
8
 71
2
 72
30
 73
27
 74
0
 40
0.000000000
 40
0.000000000
 40
0.000000000
 40
0.224399475
 40
0.224399475
 40
0.336599213
 40
0.336599213
 40
0.448798951
 40
0.448798951
 40
0.560998688
 40
0.560998688
 40
0.673198426
 40
0.673198426
 40
0.785398163
 40
0.785398163
 40
0.897597901
 40
0.897597901
 40
1.009797639
 40
1.009797639
 40
1.121997376
 40
1.121997376
 40
1.234197114
 40
1.234197114
 40
1.346396852
 40
1.346396852
 40
1.458596589
 40
1.458596589
 40
1.570796327
 40
1.570796327
 40
1.570796327
 10
53.500000000
 20
104.966810701
 30
0.000000000
 10
53.500000000
 20
105.399394048
 30
0.000000000
 10
53.500000000
 20
105.823516297
 30
0.000000000
 10
53.500000000
 20
106.030950693
 30
0.000000000
 10
53.500000000
 20
106.238385090
 30
0.000000000
 10
53.500000000
 20
106.437824093
 30
0.000000000
 10
53.500000000
 20
106.637263097
 30
0.000000000
 10
53.500000000
 20
106.826198646
 30
0.000000000
 10
53.500000000
 20
107.015134196
 30
0.000000000
 10
53.500000000
 20
107.191190317
 30
0.000000000
 10
53.500000000
 20
107.367246438
 30
0.000000000
 10
53.500000000
 20
107.528209124
 30
0.000000000
 10
53.500000000
 20
107.689171809
 30
0.000000000
 10
53.500000000
 20
107.833016859
 30
0.000000000
 10
53.500000000
 20
107.976861909
 30
0.000000000
 10
53.500000000
 20
108.101780389
 30
0.000000000
 10
53.500000000
 20
108.226698868
 30
0.000000000
 10
53.500000000
 20
108.331119856
 30
0.000000000
 10
53.500000000
 20
108.435540843
 30
0.000000000
 10
53.500000000
 20
108.518151183
 30
0.000000000
 10
53.500000000
 20
108.600761523
 30
0.000000000
 10
53.500000000
 20
108.660522343
 30
0.000000000
 10
53.500000000
 20
108.720283163
 30
0.000000000
 10
53.500000000
 20
108.756442936
 30
0.000000000
 10
53.500000000
 20
108.792602709
 30
0.000000000
 10
53.500000000
 20
108.804706705
 30
0.000000000
 10
53.500000000
 20
108.816810701
 30
0.000000000
  0
SPLINE
  5
B44
330
A02
100
AcDbEntity
  8
SectionView
100
AcDbSpline
210
0
220
0
230
1
 70
8
 71
1
 72
17
 73
15
 74
0
 40
1.570796327
 40
1.570796327
 40
1.795195802
 40
2.019595277
 40
2.243994753
 40
2.468394228
 40
2.692793703
 40
2.917193178
 40
3.141592654
 40
3.365992129
 40
3.590391604
 40
3.814791079
 40
4.039190555
 40
4.263590030
 40
4.487989505
 40
4.712388980
 40
4.712388980
 10
53.500000000
 20
108.816810701
 30
0.000000000
 10
53.500000000
 20
108.720283163
 30
0.000000000
 10
53.500000000
 20
108.435540843
 30
0.000000000
 10
53.500000000
 20
107.976861909
 30
0.000000000
 10
53.500000000
 20
107.367246438
 30
0.000000000
 10
53.500000000
 20
106.637263097
 30
0.000000000
 10
53.500000000
 20
105.823516297
 30
0.000000000
 10
53.500000000
 20
104.966810701
 30
0.000000000
 10
53.500000000
 20
104.110105106
 30
0.000000000
 10
53.500000000
 20
103.296358306
 30
0.000000000
 10
53.500000000
 20
102.566374964
 30
0.000000000
 10
53.500000000
 20
101.956759494
 30
0.000000000
 10
53.500000000
 20
101.498080560
 30
0.000000000
 10
53.500000000
 20
101.213338239
 30
0.000000000
 10
53.500000000
 20
101.116810701
 30
0.000000000
  0
SPLINE
  5
B45
330
A02
100
AcDbEntity
  8
SectionView
100
AcDbSpline
210
0
220
0
230
1
 70
8
 71
2
 72
30
 73
27
 74
0
 40
4.712388980
 40
4.712388980
 40
4.712388980
 40
4.824588718
 40
4.824588718
 40
4.936788456
 40
4.936788456
 40
5.048988193
 40
5.048988193
 40
5.161187931
 40
5.161187931
 40
5.273387669
 40
5.273387669
 40
5.385587406
 40
5.385587406
 40
5.497787144
 40
5.497787144
 40
5.609986881
 40
5.609986881
 40
5.722186619
 40
5.722186619
 40
5.834386357
 40
5.834386357
 40
5.946586094
 40
5.946586094
 40
6.058785832
 40
6.058785832
 40
6.283185307
 40
6.283185307
 40
6.283185307
 10
53.500000000
 20
101.116810701
 30
0.000000000
 10
53.500000000
 20
101.128914697
 30
0.000000000
 10
53.500000000
 20
101.141018693
 30
0.000000000
 10
53.500000000
 20
101.177178466
 30
0.000000000
 10
53.500000000
 20
101.213338239
 30
0.000000000
 10
53.500000000
 20
101.273099059
 30
0.000000000
 10
53.500000000
 20
101.332859880
 30
0.000000000
 10
53.500000000
 20
101.415470220
 30
0.000000000
 10
53.500000000
 20
101.498080560
 30
0.000000000
 10
53.500000000
 20
101.602501547
 30
0.000000000
 10
53.500000000
 20
101.706922534
 30
0.000000000
 10
53.500000000
 20
101.831841014
 30
0.000000000
 10
53.500000000
 20
101.956759494
 30
0.000000000
 10
53.500000000
 20
102.100604544
 30
0.000000000
 10
53.500000000
 20
102.244449594
 30
0.000000000
 10
53.500000000
 20
102.405412279
 30
0.000000000
 10
53.500000000
 20
102.566374964
 30
0.000000000
 10
53.500000000
 20
102.742431085
 30
0.000000000
 10
53.500000000
 20
102.918487207
 30
0.000000000
 10
53.500000000
 20
103.107422756
 30
0.000000000
 10
53.500000000
 20
103.296358306
 30
0.000000000
 10
53.500000000
 20
103.495797309
 30
0.000000000
 10
53.500000000
 20
103.695236313
 30
0.000000000
 10
53.500000000
 20
103.902670709
 30
0.000000000
 10
53.500000000
 20
104.110105106
 30
0.000000000
 10
53.500000000
 20
104.534227355
 30
0.000000000
 10
53.500000000
 20
104.966810701
 30
0.000000000
  0
SPLINE
  5
B46
330
A02
100
AcDbEntity
  8
SectionView
100
AcDbSpline
210
0
220
0
230
1
 70
8
 71
2
 72
30
 73
27
 74
0
 40
0.000000000
 40
0.000000000
 40
0.000000000
 40
0.224399475
 40
0.224399475
 40
0.336599213
 40
0.336599213
 40
0.448798951
 40
0.448798951
 40
0.560998688
 40
0.560998688
 40
0.673198426
 40
0.673198426
 40
0.785398163
 40
0.785398163
 40
0.897597901
 40
0.897597901
 40
1.009797639
 40
1.009797639
 40
1.121997376
 40
1.121997376
 40
1.234197114
 40
1.234197114
 40
1.346396852
 40
1.346396852
 40
1.458596589
 40
1.458596589
 40
1.570796327
 40
1.570796327
 40
1.570796327
 10
53.500000000
 20
71.966810701
 30
0.000000000
 10
53.500000000
 20
72.399394048
 30
0.000000000
 10
53.500000000
 20
72.823516297
 30
0.000000000
 10
53.500000000
 20
73.030950693
 30
0.000000000
 10
53.500000000
 20
73.238385090
 30
0.000000000
 10
53.500000000
 20
73.437824093
 30
0.000000000
 10
53.500000000
 20
73.637263097
 30
0.000000000
 10
53.500000000
 20
73.826198646
 30
0.000000000
 10
53.500000000
 20
74.015134196
 30
0.000000000
 10
53.500000000
 20
74.191190317
 30
0.000000000
 10
53.500000000
 20
74.367246438
 30
0.000000000
 10
53.500000000
 20
74.528209124
 30
0.000000000
 10
53.500000000
 20
74.689171809
 30
0.000000000
 10
53.500000000
 20
74.833016859
 30
0.000000000
 10
53.500000000
 20
74.976861909
 30
0.000000000
 10
53.500000000
 20
75.101780389
 30
0.000000000
 10
53.500000000
 20
75.226698868
 30
0.000000000
 10
53.500000000
 20
75.331119856
 30
0.000000000
 10
53.500000000
 20
75.435540843
 30
0.000000000
 10
53.500000000
 20
75.518151183
 30
0.000000000
 10
53.500000000
 20
75.600761523
 30
0.000000000
 10
53.500000000
 20
75.660522343
 30
0.000000000
 10
53.500000000
 20
75.720283163
 30
0.000000000
 10
53.500000000
 20
75.756442936
 30
0.000000000
 10
53.500000000
 20
75.792602709
 30
0.000000000
 10
53.500000000
 20
75.804706705
 30
0.000000000
 10
53.500000000
 20
75.816810701
 30
0.000000000
  0
SPLINE
  5
B47
330
A02
100
AcDbEntity
  8
SectionView
100
AcDbSpline
210
0
220
0
230
1
 70
8
 71
1
 72
17
 73
15
 74
0
 40
1.570796327
 40
1.570796327
 40
1.795195802
 40
2.019595277
 40
2.243994753
 40
2.468394228
 40
2.692793703
 40
2.917193178
 40
3.141592654
 40
3.365992129
 40
3.590391604
 40
3.814791079
 40
4.039190555
 40
4.263590030
 40
4.487989505
 40
4.712388980
 40
4.712388980
 10
53.500000000
 20
75.816810701
 30
0.000000000
 10
53.500000000
 20
75.720283163
 30
0.000000000
 10
53.500000000
 20
75.435540843
 30
0.000000000
 10
53.500000000
 20
74.976861909
 30
0.000000000
 10
53.500000000
 20
74.367246438
 30
0.000000000
 10
53.500000000
 20
73.637263097
 30
0.000000000
 10
53.500000000
 20
72.823516297
 30
0.000000000
 10
53.500000000
 20
71.966810701
 30
0.000000000
 10
53.500000000
 20
71.110105106
 30
0.000000000
 10
53.500000000
 20
70.296358306
 30
0.000000000
 10
53.500000000
 20
69.566374964
 30
0.000000000
 10
53.500000000
 20
68.956759494
 30
0.000000000
 10
53.500000000
 20
68.498080560
 30
0.000000000
 10
53.500000000
 20
68.213338239
 30
0.000000000
 10
53.500000000
 20
68.116810701
 30
0.000000000
  0
SPLINE
  5
B48
330
A02
100
AcDbEntity
  8
SectionView
100
AcDbSpline
210
0
220
0
230
1
 70
8
 71
2
 72
30
 73
27
 74
0
 40
4.712388980
 40
4.712388980
 40
4.712388980
 40
4.824588718
 40
4.824588718
 40
4.936788456
 40
4.936788456
 40
5.048988193
 40
5.048988193
 40
5.161187931
 40
5.161187931
 40
5.273387669
 40
5.273387669
 40
5.385587406
 40
5.385587406
 40
5.497787144
 40
5.497787144
 40
5.609986881
 40
5.609986881
 40
5.722186619
 40
5.722186619
 40
5.834386357
 40
5.834386357
 40
5.946586094
 40
5.946586094
 40
6.058785832
 40
6.058785832
 40
6.283185307
 40
6.283185307
 40
6.283185307
 10
53.500000000
 20
68.116810701
 30
0.000000000
 10
53.500000000
 20
68.128914697
 30
0.000000000
 10
53.500000000
 20
68.141018693
 30
0.000000000
 10
53.500000000
 20
68.177178466
 30
0.000000000
 10
53.500000000
 20
68.213338239
 30
0.000000000
 10
53.500000000
 20
68.273099059
 30
0.000000000
 10
53.500000000
 20
68.332859880
 30
0.000000000
 10
53.500000000
 20
68.415470220
 30
0.000000000
 10
53.500000000
 20
68.498080560
 30
0.000000000
 10
53.500000000
 20
68.602501547
 30
0.000000000
 10
53.500000000
 20
68.706922534
 30
0.000000000
 10
53.500000000
 20
68.831841014
 30
0.000000000
 10
53.500000000
 20
68.956759494
 30
0.000000000
 10
53.500000000
 20
69.100604544
 30
0.000000000
 10
53.500000000
 20
69.244449594
 30
0.000000000
 10
53.500000000
 20
69.405412279
 30
0.000000000
 10
53.500000000
 20
69.566374964
 30
0.000000000
 10
53.500000000
 20
69.742431085
 30
0.000000000
 10
53.500000000
 20
69.918487207
 30
0.000000000
 10
53.500000000
 20
70.107422756
 30
0.000000000
 10
53.500000000
 20
70.296358306
 30
0.000000000
 10
53.500000000
 20
70.495797309
 30
0.000000000
 10
53.500000000
 20
70.695236313
 30
0.000000000
 10
53.500000000
 20
70.902670709
 30
0.000000000
 10
53.500000000
 20
71.110105106
 30
0.000000000
 10
53.500000000
 20
71.534227355
 30
0.000000000
 10
53.500000000
 20
71.966810701
 30
0.000000000
  0
SPLINE
  5
B49
330
A02
100
AcDbEntity
  8
SectionView
100
AcDbSpline
210
0
220
0
230
1
 70
8
 71
2
 72
30
 73
27
 74
0
 40
0.000000000
 40
0.000000000
 40
0.000000000
 40
0.224399475
 40
0.224399475
 40
0.336599213
 40
0.336599213
 40
0.448798951
 40
0.448798951
 40
0.560998688
 40
0.560998688
 40
0.673198426
 40
0.673198426
 40
0.785398163
 40
0.785398163
 40
0.897597901
 40
0.897597901
 40
1.009797639
 40
1.009797639
 40
1.121997376
 40
1.121997376
 40
1.234197114
 40
1.234197114
 40
1.346396852
 40
1.346396852
 40
1.458596589
 40
1.458596589
 40
1.570796327
 40
1.570796327
 40
1.570796327
 10
53.500000000
 20
82.966810701
 30
0.000000000
 10
53.500000000
 20
83.399394048
 30
0.000000000
 10
53.500000000
 20
83.823516297
 30
0.000000000
 10
53.500000000
 20
84.030950693
 30
0.000000000
 10
53.500000000
 20
84.238385090
 30
0.000000000
 10
53.500000000
 20
84.437824093
 30
0.000000000
 10
53.500000000
 20
84.637263097
 30
0.000000000
 10
53.500000000
 20
84.826198646
 30
0.000000000
 10
53.500000000
 20
85.015134196
 30
0.000000000
 10
53.500000000
 20
85.191190317
 30
0.000000000
 10
53.500000000
 20
85.367246438
 30
0.000000000
 10
53.500000000
 20
85.528209124
 30
0.000000000
 10
53.500000000
 20
85.689171809
 30
0.000000000
 10
53.500000000
 20
85.833016859
 30
0.000000000
 10
53.500000000
 20
85.976861909
 30
0.000000000
 10
53.500000000
 20
86.101780389
 30
0.000000000
 10
53.500000000
 20
86.226698868
 30
0.000000000
 10
53.500000000
 20
86.331119856
 30
0.000000000
 10
53.500000000
 20
86.435540843
 30
0.000000000
 10
53.500000000
 20
86.518151183
 30
0.000000000
 10
53.500000000
 20
86.600761523
 30
0.000000000
 10
53.500000000
 20
86.660522343
 30
0.000000000
 10
53.500000000
 20
86.720283163
 30
0.000000000
 10
53.500000000
 20
86.756442936
 30
0.000000000
 10
53.500000000
 20
86.792602709
 30
0.000000000
 10
53.500000000
 20
86.804706705
 30
0.000000000
 10
53.500000000
 20
86.816810701
 30
0.000000000
  0
SPLINE
  5
B4A
330
A02
100
AcDbEntity
  8
SectionView
100
AcDbSpline
210
0
220
0
230
1
 70
8
 71
1
 72
17
 73
15
 74
0
 40
1.570796327
 40
1.570796327
 40
1.795195802
 40
2.019595277
 40
2.243994753
 40
2.468394228
 40
2.692793703
 40
2.917193178
 40
3.141592654
 40
3.365992129
 40
3.590391604
 40
3.814791079
 40
4.039190555
 40
4.263590030
 40
4.487989505
 40
4.712388980
 40
4.712388980
 10
53.500000000
 20
86.816810701
 30
0.000000000
 10
53.500000000
 20
86.720283163
 30
0.000000000
 10
53.500000000
 20
86.435540843
 30
0.000000000
 10
53.500000000
 20
85.976861909
 30
0.000000000
 10
53.500000000
 20
85.367246438
 30
0.000000000
 10
53.500000000
 20
84.637263097
 30
0.000000000
 10
53.500000000
 20
83.823516297
 30
0.000000000
 10
53.500000000
 20
82.966810701
 30
0.000000000
 10
53.500000000
 20
82.110105106
 30
0.000000000
 10
53.500000000
 20
81.296358306
 30
0.000000000
 10
53.500000000
 20
80.566374964
 30
0.000000000
 10
53.500000000
 20
79.956759494
 30
0.000000000
 10
53.500000000
 20
79.498080560
 30
0.000000000
 10
53.500000000
 20
79.213338239
 30
0.000000000
 10
53.500000000
 20
79.116810701
 30
0.000000000
  0
SPLINE
  5
B4B
330
A02
100
AcDbEntity
  8
SectionView
100
AcDbSpline
210
0
220
0
230
1
 70
8
 71
2
 72
30
 73
27
 74
0
 40
4.712388980
 40
4.712388980
 40
4.712388980
 40
4.824588718
 40
4.824588718
 40
4.936788456
 40
4.936788456
 40
5.048988193
 40
5.048988193
 40
5.161187931
 40
5.161187931
 40
5.273387669
 40
5.273387669
 40
5.385587406
 40
5.385587406
 40
5.497787144
 40
5.497787144
 40
5.609986881
 40
5.609986881
 40
5.722186619
 40
5.722186619
 40
5.834386357
 40
5.834386357
 40
5.946586094
 40
5.946586094
 40
6.058785832
 40
6.058785832
 40
6.283185307
 40
6.283185307
 40
6.283185307
 10
53.500000000
 20
79.116810701
 30
0.000000000
 10
53.500000000
 20
79.128914697
 30
0.000000000
 10
53.500000000
 20
79.141018693
 30
0.000000000
 10
53.500000000
 20
79.177178466
 30
0.000000000
 10
53.500000000
 20
79.213338239
 30
0.000000000
 10
53.500000000
 20
79.273099059
 30
0.000000000
 10
53.500000000
 20
79.332859880
 30
0.000000000
 10
53.500000000
 20
79.415470220
 30
0.000000000
 10
53.500000000
 20
79.498080560
 30
0.000000000
 10
53.500000000
 20
79.602501547
 30
0.000000000
 10
53.500000000
 20
79.706922534
 30
0.000000000
 10
53.500000000
 20
79.831841014
 30
0.000000000
 10
53.500000000
 20
79.956759494
 30
0.000000000
 10
53.500000000
 20
80.100604544
 30
0.000000000
 10
53.500000000
 20
80.244449594
 30
0.000000000
 10
53.500000000
 20
80.405412279
 30
0.000000000
 10
53.500000000
 20
80.566374964
 30
0.000000000
 10
53.500000000
 20
80.742431085
 30
0.000000000
 10
53.500000000
 20
80.918487207
 30
0.000000000
 10
53.500000000
 20
81.107422756
 30
0.000000000
 10
53.500000000
 20
81.296358306
 30
0.000000000
 10
53.500000000
 20
81.495797309
 30
0.000000000
 10
53.500000000
 20
81.695236313
 30
0.000000000
 10
53.500000000
 20
81.902670709
 30
0.000000000
 10
53.500000000
 20
82.110105106
 30
0.000000000
 10
53.500000000
 20
82.534227355
 30
0.000000000
 10
53.500000000
 20
82.966810701
 30
0.000000000
  0
SPLINE
  5
B4C
330
A02
100
AcDbEntity
  8
SectionView
100
AcDbSpline
210
0
220
0
230
1
 70
8
 71
2
 72
30
 73
27
 74
0
 40
0.000000000
 40
0.000000000
 40
0.000000000
 40
0.224399475
 40
0.224399475
 40
0.336599213
 40
0.336599213
 40
0.448798951
 40
0.448798951
 40
0.560998688
 40
0.560998688
 40
0.673198426
 40
0.673198426
 40
0.785398163
 40
0.785398163
 40
0.897597901
 40
0.897597901
 40
1.009797639
 40
1.009797639
 40
1.121997376
 40
1.121997376
 40
1.234197114
 40
1.234197114
 40
1.346396852
 40
1.346396852
 40
1.458596589
 40
1.458596589
 40
1.570796327
 40
1.570796327
 40
1.570796327
 10
53.500000000
 20
71.966810701
 30
0.000000000
 10
53.500000000
 20
72.399394048
 30
0.000000000
 10
53.500000000
 20
72.823516297
 30
0.000000000
 10
53.500000000
 20
73.030950693
 30
0.000000000
 10
53.500000000
 20
73.238385090
 30
0.000000000
 10
53.500000000
 20
73.437824093
 30
0.000000000
 10
53.500000000
 20
73.637263097
 30
0.000000000
 10
53.500000000
 20
73.826198646
 30
0.000000000
 10
53.500000000
 20
74.015134196
 30
0.000000000
 10
53.500000000
 20
74.191190317
 30
0.000000000
 10
53.500000000
 20
74.367246438
 30
0.000000000
 10
53.500000000
 20
74.528209124
 30
0.000000000
 10
53.500000000
 20
74.689171809
 30
0.000000000
 10
53.500000000
 20
74.833016859
 30
0.000000000
 10
53.500000000
 20
74.976861909
 30
0.000000000
 10
53.500000000
 20
75.101780389
 30
0.000000000
 10
53.500000000
 20
75.226698868
 30
0.000000000
 10
53.500000000
 20
75.331119856
 30
0.000000000
 10
53.500000000
 20
75.435540843
 30
0.000000000
 10
53.500000000
 20
75.518151183
 30
0.000000000
 10
53.500000000
 20
75.600761523
 30
0.000000000
 10
53.500000000
 20
75.660522343
 30
0.000000000
 10
53.500000000
 20
75.720283163
 30
0.000000000
 10
53.500000000
 20
75.756442936
 30
0.000000000
 10
53.500000000
 20
75.792602709
 30
0.000000000
 10
53.500000000
 20
75.804706705
 30
0.000000000
 10
53.500000000
 20
75.816810701
 30
0.000000000
  0
SPLINE
  5
B4D
330
A02
100
AcDbEntity
  8
SectionView
100
AcDbSpline
210
0
220
0
230
1
 70
8
 71
1
 72
17
 73
15
 74
0
 40
1.570796327
 40
1.570796327
 40
1.795195802
 40
2.019595277
 40
2.243994753
 40
2.468394228
 40
2.692793703
 40
2.917193178
 40
3.141592654
 40
3.365992129
 40
3.590391604
 40
3.814791079
 40
4.039190555
 40
4.263590030
 40
4.487989505
 40
4.712388980
 40
4.712388980
 10
53.500000000
 20
75.816810701
 30
0.000000000
 10
53.500000000
 20
75.720283163
 30
0.000000000
 10
53.500000000
 20
75.435540843
 30
0.000000000
 10
53.500000000
 20
74.976861909
 30
0.000000000
 10
53.500000000
 20
74.367246438
 30
0.000000000
 10
53.500000000
 20
73.637263097
 30
0.000000000
 10
53.500000000
 20
72.823516297
 30
0.000000000
 10
53.500000000
 20
71.966810701
 30
0.000000000
 10
53.500000000
 20
71.110105106
 30
0.000000000
 10
53.500000000
 20
70.296358306
 30
0.000000000
 10
53.500000000
 20
69.566374964
 30
0.000000000
 10
53.500000000
 20
68.956759494
 30
0.000000000
 10
53.500000000
 20
68.498080560
 30
0.000000000
 10
53.500000000
 20
68.213338239
 30
0.000000000
 10
53.500000000
 20
68.116810701
 30
0.000000000
  0
SPLINE
  5
B4E
330
A02
100
AcDbEntity
  8
SectionView
100
AcDbSpline
210
0
220
0
230
1
 70
8
 71
2
 72
30
 73
27
 74
0
 40
4.712388980
 40
4.712388980
 40
4.712388980
 40
4.824588718
 40
4.824588718
 40
4.936788456
 40
4.936788456
 40
5.048988193
 40
5.048988193
 40
5.161187931
 40
5.161187931
 40
5.273387669
 40
5.273387669
 40
5.385587406
 40
5.385587406
 40
5.497787144
 40
5.497787144
 40
5.609986881
 40
5.609986881
 40
5.722186619
 40
5.722186619
 40
5.834386357
 40
5.834386357
 40
5.946586094
 40
5.946586094
 40
6.058785832
 40
6.058785832
 40
6.283185307
 40
6.283185307
 40
6.283185307
 10
53.500000000
 20
68.116810701
 30
0.000000000
 10
53.500000000
 20
68.128914697
 30
0.000000000
 10
53.500000000
 20
68.141018693
 30
0.000000000
 10
53.500000000
 20
68.177178466
 30
0.000000000
 10
53.500000000
 20
68.213338239
 30
0.000000000
 10
53.500000000
 20
68.273099059
 30
0.000000000
 10
53.500000000
 20
68.332859880
 30
0.000000000
 10
53.500000000
 20
68.415470220
 30
0.000000000
 10
53.500000000
 20
68.498080560
 30
0.000000000
 10
53.500000000
 20
68.602501547
 30
0.000000000
 10
53.500000000
 20
68.706922534
 30
0.000000000
 10
53.500000000
 20
68.831841014
 30
0.000000000
 10
53.500000000
 20
68.956759494
 30
0.000000000
 10
53.500000000
 20
69.100604544
 30
0.000000000
 10
53.500000000
 20
69.244449594
 30
0.000000000
 10
53.500000000
 20
69.405412279
 30
0.000000000
 10
53.500000000
 20
69.566374964
 30
0.000000000
 10
53.500000000
 20
69.742431085
 30
0.000000000
 10
53.500000000
 20
69.918487207
 30
0.000000000
 10
53.500000000
 20
70.107422756
 30
0.000000000
 10
53.500000000
 20
70.296358306
 30
0.000000000
 10
53.500000000
 20
70.495797309
 30
0.000000000
 10
53.500000000
 20
70.695236313
 30
0.000000000
 10
53.500000000
 20
70.902670709
 30
0.000000000
 10
53.500000000
 20
71.110105106
 30
0.000000000
 10
53.500000000
 20
71.534227355
 30
0.000000000
 10
53.500000000
 20
71.966810701
 30
0.000000000
  0
SPLINE
  5
B4F
330
A02
100
AcDbEntity
  8
SectionView
100
AcDbSpline
210
0
220
0
230
1
 70
8
 71
2
 72
30
 73
27
 74
0
 40
0.000000000
 40
0.000000000
 40
0.000000000
 40
0.224399475
 40
0.224399475
 40
0.336599213
 40
0.336599213
 40
0.448798951
 40
0.448798951
 40
0.560998688
 40
0.560998688
 40
0.673198426
 40
0.673198426
 40
0.785398163
 40
0.785398163
 40
0.897597901
 40
0.897597901
 40
1.009797639
 40
1.009797639
 40
1.121997376
 40
1.121997376
 40
1.234197114
 40
1.234197114
 40
1.346396852
 40
1.346396852
 40
1.458596589
 40
1.458596589
 40
1.570796327
 40
1.570796327
 40
1.570796327
 10
53.500000000
 20
82.966810701
 30
0.000000000
 10
53.500000000
 20
83.399394048
 30
0.000000000
 10
53.500000000
 20
83.823516297
 30
0.000000000
 10
53.500000000
 20
84.030950693
 30
0.000000000
 10
53.500000000
 20
84.238385090
 30
0.000000000
 10
53.500000000
 20
84.437824093
 30
0.000000000
 10
53.500000000
 20
84.637263097
 30
0.000000000
 10
53.500000000
 20
84.826198646
 30
0.000000000
 10
53.500000000
 20
85.015134196
 30
0.000000000
 10
53.500000000
 20
85.191190317
 30
0.000000000
 10
53.500000000
 20
85.367246438
 30
0.000000000
 10
53.500000000
 20
85.528209124
 30
0.000000000
 10
53.500000000
 20
85.689171809
 30
0.000000000
 10
53.500000000
 20
85.833016859
 30
0.000000000
 10
53.500000000
 20
85.976861909
 30
0.000000000
 10
53.500000000
 20
86.101780389
 30
0.000000000
 10
53.500000000
 20
86.226698868
 30
0.000000000
 10
53.500000000
 20
86.331119856
 30
0.000000000
 10
53.500000000
 20
86.435540843
 30
0.000000000
 10
53.500000000
 20
86.518151183
 30
0.000000000
 10
53.500000000
 20
86.600761523
 30
0.000000000
 10
53.500000000
 20
86.660522343
 30
0.000000000
 10
53.500000000
 20
86.720283163
 30
0.000000000
 10
53.500000000
 20
86.756442936
 30
0.000000000
 10
53.500000000
 20
86.792602709
 30
0.000000000
 10
53.500000000
 20
86.804706705
 30
0.000000000
 10
53.500000000
 20
86.816810701
 30
0.000000000
  0
SPLINE
  5
B50
330
A02
100
AcDbEntity
  8
SectionView
100
AcDbSpline
210
0
220
0
230
1
 70
8
 71
1
 72
17
 73
15
 74
0
 40
1.570796327
 40
1.570796327
 40
1.795195802
 40
2.019595277
 40
2.243994753
 40
2.468394228
 40
2.692793703
 40
2.917193178
 40
3.141592654
 40
3.365992129
 40
3.590391604
 40
3.814791079
 40
4.039190555
 40
4.263590030
 40
4.487989505
 40
4.712388980
 40
4.712388980
 10
53.500000000
 20
86.816810701
 30
0.000000000
 10
53.500000000
 20
86.720283163
 30
0.000000000
 10
53.500000000
 20
86.435540843
 30
0.000000000
 10
53.500000000
 20
85.976861909
 30
0.000000000
 10
53.500000000
 20
85.367246438
 30
0.000000000
 10
53.500000000
 20
84.637263097
 30
0.000000000
 10
53.500000000
 20
83.823516297
 30
0.000000000
 10
53.500000000
 20
82.966810701
 30
0.000000000
 10
53.500000000
 20
82.110105106
 30
0.000000000
 10
53.500000000
 20
81.296358306
 30
0.000000000
 10
53.500000000
 20
80.566374964
 30
0.000000000
 10
53.500000000
 20
79.956759494
 30
0.000000000
 10
53.500000000
 20
79.498080560
 30
0.000000000
 10
53.500000000
 20
79.213338239
 30
0.000000000
 10
53.500000000
 20
79.116810701
 30
0.000000000
  0
SPLINE
  5
B51
330
A02
100
AcDbEntity
  8
SectionView
100
AcDbSpline
210
0
220
0
230
1
 70
8
 71
2
 72
30
 73
27
 74
0
 40
4.712388980
 40
4.712388980
 40
4.712388980
 40
4.824588718
 40
4.824588718
 40
4.936788456
 40
4.936788456
 40
5.048988193
 40
5.048988193
 40
5.161187931
 40
5.161187931
 40
5.273387669
 40
5.273387669
 40
5.385587406
 40
5.385587406
 40
5.497787144
 40
5.497787144
 40
5.609986881
 40
5.609986881
 40
5.722186619
 40
5.722186619
 40
5.834386357
 40
5.834386357
 40
5.946586094
 40
5.946586094
 40
6.058785832
 40
6.058785832
 40
6.283185307
 40
6.283185307
 40
6.283185307
 10
53.500000000
 20
79.116810701
 30
0.000000000
 10
53.500000000
 20
79.128914697
 30
0.000000000
 10
53.500000000
 20
79.141018693
 30
0.000000000
 10
53.500000000
 20
79.177178466
 30
0.000000000
 10
53.500000000
 20
79.213338239
 30
0.000000000
 10
53.500000000
 20
79.273099059
 30
0.000000000
 10
53.500000000
 20
79.332859880
 30
0.000000000
 10
53.500000000
 20
79.415470220
 30
0.000000000
 10
53.500000000
 20
79.498080560
 30
0.000000000
 10
53.500000000
 20
79.602501547
 30
0.000000000
 10
53.500000000
 20
79.706922534
 30
0.000000000
 10
53.500000000
 20
79.831841014
 30
0.000000000
 10
53.500000000
 20
79.956759494
 30
0.000000000
 10
53.500000000
 20
80.100604544
 30
0.000000000
 10
53.500000000
 20
80.244449594
 30
0.000000000
 10
53.500000000
 20
80.405412279
 30
0.000000000
 10
53.500000000
 20
80.566374964
 30
0.000000000
 10
53.500000000
 20
80.742431085
 30
0.000000000
 10
53.500000000
 20
80.918487207
 30
0.000000000
 10
53.500000000
 20
81.107422756
 30
0.000000000
 10
53.500000000
 20
81.296358306
 30
0.000000000
 10
53.500000000
 20
81.495797309
 30
0.000000000
 10
53.500000000
 20
81.695236313
 30
0.000000000
 10
53.500000000
 20
81.902670709
 30
0.000000000
 10
53.500000000
 20
82.110105106
 30
0.000000000
 10
53.500000000
 20
82.534227355
 30
0.000000000
 10
53.500000000
 20
82.966810701
 30
0.000000000
  0
SPLINE
  5
B52
330
A02
100
AcDbEntity
  8
SectionView
100
AcDbSpline
210
0
220
0
230
1
 70
8
 71
2
 72
30
 73
27
 74
0
 40
0.000000000
 40
0.000000000
 40
0.000000000
 40
0.224399475
 40
0.224399475
 40
0.336599213
 40
0.336599213
 40
0.448798951
 40
0.448798951
 40
0.560998688
 40
0.560998688
 40
0.673198426
 40
0.673198426
 40
0.785398163
 40
0.785398163
 40
0.897597901
 40
0.897597901
 40
1.009797639
 40
1.009797639
 40
1.121997376
 40
1.121997376
 40
1.234197114
 40
1.234197114
 40
1.346396852
 40
1.346396852
 40
1.458596589
 40
1.458596589
 40
1.570796327
 40
1.570796327
 40
1.570796327
 10
53.500000000
 20
82.966810701
 30
0.000000000
 10
53.500000000
 20
83.264562875
 30
0.000000000
 10
53.500000000
 20
83.556491176
 30
0.000000000
 10
53.500000000
 20
83.699270696
 30
0.000000000
 10
53.500000000
 20
83.842050215
 30
0.000000000
 10
53.500000000
 20
83.979326413
 30
0.000000000
 10
53.500000000
 20
84.116602610
 30
0.000000000
 10
53.500000000
 20
84.246649157
 30
0.000000000
 10
53.500000000
 20
84.376695704
 30
0.000000000
 10
53.500000000
 20
84.497877190
 30
0.000000000
 10
53.500000000
 20
84.619058676
 30
0.000000000
 10
53.500000000
 20
84.729851174
 30
0.000000000
 10
53.500000000
 20
84.840643671
 30
0.000000000
 10
53.500000000
 20
84.939653901
 30
0.000000000
 10
53.500000000
 20
85.038664130
 30
0.000000000
 10
53.500000000
 20
85.124646980
 30
0.000000000
 10
53.500000000
 20
85.210629829
 30
0.000000000
 10
53.500000000
 20
85.282504015
 30
0.000000000
 10
53.500000000
 20
85.354378201
 30
0.000000000
 10
53.500000000
 20
85.411239864
 30
0.000000000
 10
53.500000000
 20
85.468101527
 30
0.000000000
 10
53.500000000
 20
85.509235598
 30
0.000000000
 10
53.500000000
 20
85.550369669
 30
0.000000000
 10
53.500000000
 20
85.575258863
 30
0.000000000
 10
53.500000000
 20
85.600148057
 30
0.000000000
 10
53.500000000
 20
85.608479379
 30
0.000000000
 10
53.500000000
 20
85.616810701
 30
0.000000000
  0
SPLINE
  5
B53
330
A02
100
AcDbEntity
  8
SectionView
100
AcDbSpline
210
0
220
0
230
1
 70
8
 71
1
 72
17
 73
15
 74
0
 40
1.570796327
 40
1.570796327
 40
1.795195802
 40
2.019595277
 40
2.243994753
 40
2.468394228
 40
2.692793703
 40
2.917193178
 40
3.141592654
 40
3.365992129
 40
3.590391604
 40
3.814791079
 40
4.039190555
 40
4.263590030
 40
4.487989505
 40
4.712388980
 40
4.712388980
 10
53.500000000
 20
85.616810701
 30
0.000000000
 10
53.500000000
 20
85.550369669
 30
0.000000000
 10
53.500000000
 20
85.354378201
 30
0.000000000
 10
53.500000000
 20
85.038664130
 30
0.000000000
 10
53.500000000
 20
84.619058676
 30
0.000000000
 10
53.500000000
 20
84.116602610
 30
0.000000000
 10
53.500000000
 20
83.556491176
 30
0.000000000
 10
53.500000000
 20
82.966810701
 30
0.000000000
 10
53.500000000
 20
82.377130226
 30
0.000000000
 10
53.500000000
 20
81.817018793
 30
0.000000000
 10
53.500000000
 20
81.314562726
 30
0.000000000
 10
53.500000000
 20
80.894957273
 30
0.000000000
 10
53.500000000
 20
80.579243201
 30
0.000000000
 10
53.500000000
 20
80.383251734
 30
0.000000000
 10
53.500000000
 20
80.316810701
 30
0.000000000
  0
SPLINE
  5
B54
330
A02
100
AcDbEntity
  8
SectionView
100
AcDbSpline
210
0
220
0
230
1
 70
8
 71
2
 72
30
 73
27
 74
0
 40
4.712388980
 40
4.712388980
 40
4.712388980
 40
4.824588718
 40
4.824588718
 40
4.936788456
 40
4.936788456
 40
5.048988193
 40
5.048988193
 40
5.161187931
 40
5.161187931
 40
5.273387669
 40
5.273387669
 40
5.385587406
 40
5.385587406
 40
5.497787144
 40
5.497787144
 40
5.609986881
 40
5.609986881
 40
5.722186619
 40
5.722186619
 40
5.834386357
 40
5.834386357
 40
5.946586094
 40
5.946586094
 40
6.058785832
 40
6.058785832
 40
6.283185307
 40
6.283185307
 40
6.283185307
 10
53.500000000
 20
80.316810701
 30
0.000000000
 10
53.500000000
 20
80.325142023
 30
0.000000000
 10
53.500000000
 20
80.333473345
 30
0.000000000
 10
53.500000000
 20
80.358362540
 30
0.000000000
 10
53.500000000
 20
80.383251734
 30
0.000000000
 10
53.500000000
 20
80.424385805
 30
0.000000000
 10
53.500000000
 20
80.465519876
 30
0.000000000
 10
53.500000000
 20
80.522381539
 30
0.000000000
 10
53.500000000
 20
80.579243201
 30
0.000000000
 10
53.500000000
 20
80.651117387
 30
0.000000000
 10
53.500000000
 20
80.722991573
 30
0.000000000
 10
53.500000000
 20
80.808974423
 30
0.000000000
 10
53.500000000
 20
80.894957273
 30
0.000000000
 10
53.500000000
 20
80.993967502
 30
0.000000000
 10
53.500000000
 20
81.092977731
 30
0.000000000
 10
53.500000000
 20
81.203770229
 30
0.000000000
 10
53.500000000
 20
81.314562726
 30
0.000000000
 10
53.500000000
 20
81.435744212
 30
0.000000000
 10
53.500000000
 20
81.556925699
 30
0.000000000
 10
53.500000000
 20
81.686972246
 30
0.000000000
 10
53.500000000
 20
81.817018793
 30
0.000000000
 10
53.500000000
 20
81.954294990
 30
0.000000000
 10
53.500000000
 20
82.091571187
 30
0.000000000
 10
53.500000000
 20
82.234350707
 30
0.000000000
 10
53.500000000
 20
82.377130226
 30
0.000000000
 10
53.500000000
 20
82.669058528
 30
0.000000000
 10
53.500000000
 20
82.966810701
 30
0.000000000
  0
SPLINE
  5
B55
330
A02
100
AcDbEntity
  8
SectionView
100
AcDbSpline
210
0
220
0
230
1
 70
8
 71
2
 72
30
 73
27
 74
0
 40
0.000000000
 40
0.000000000
 40
0.000000000
 40
0.224399475
 40
0.224399475
 40
0.336599213
 40
0.336599213
 40
0.448798951
 40
0.448798951
 40
0.560998688
 40
0.560998688
 40
0.673198426
 40
0.673198426
 40
0.785398163
 40
0.785398163
 40
0.897597901
 40
0.897597901
 40
1.009797639
 40
1.009797639
 40
1.121997376
 40
1.121997376
 40
1.234197114
 40
1.234197114
 40
1.346396852
 40
1.346396852
 40
1.458596589
 40
1.458596589
 40
1.570796327
 40
1.570796327
 40
1.570796327
 10
53.500000000
 20
93.966810701
 30
0.000000000
 10
53.500000000
 20
94.399394048
 30
0.000000000
 10
53.500000000
 20
94.823516297
 30
0.000000000
 10
53.500000000
 20
95.030950693
 30
0.000000000
 10
53.500000000
 20
95.238385090
 30
0.000000000
 10
53.500000000
 20
95.437824093
 30
0.000000000
 10
53.500000000
 20
95.637263097
 30
0.000000000
 10
53.500000000
 20
95.826198646
 30
0.000000000
 10
53.500000000
 20
96.015134196
 30
0.000000000
 10
53.500000000
 20
96.191190317
 30
0.000000000
 10
53.500000000
 20
96.367246438
 30
0.000000000
 10
53.500000000
 20
96.528209124
 30
0.000000000
 10
53.500000000
 20
96.689171809
 30
0.000000000
 10
53.500000000
 20
96.833016859
 30
0.000000000
 10
53.500000000
 20
96.976861909
 30
0.000000000
 10
53.500000000
 20
97.101780389
 30
0.000000000
 10
53.500000000
 20
97.226698868
 30
0.000000000
 10
53.500000000
 20
97.331119856
 30
0.000000000
 10
53.500000000
 20
97.435540843
 30
0.000000000
 10
53.500000000
 20
97.518151183
 30
0.000000000
 10
53.500000000
 20
97.600761523
 30
0.000000000
 10
53.500000000
 20
97.660522343
 30
0.000000000
 10
53.500000000
 20
97.720283163
 30
0.000000000
 10
53.500000000
 20
97.756442936
 30
0.000000000
 10
53.500000000
 20
97.792602709
 30
0.000000000
 10
53.500000000
 20
97.804706705
 30
0.000000000
 10
53.500000000
 20
97.816810701
 30
0.000000000
  0
SPLINE
  5
B56
330
A02
100
AcDbEntity
  8
SectionView
100
AcDbSpline
210
0
220
0
230
1
 70
8
 71
1
 72
17
 73
15
 74
0
 40
1.570796327
 40
1.570796327
 40
1.795195802
 40
2.019595277
 40
2.243994753
 40
2.468394228
 40
2.692793703
 40
2.917193178
 40
3.141592654
 40
3.365992129
 40
3.590391604
 40
3.814791079
 40
4.039190555
 40
4.263590030
 40
4.487989505
 40
4.712388980
 40
4.712388980
 10
53.500000000
 20
97.816810701
 30
0.000000000
 10
53.500000000
 20
97.720283163
 30
0.000000000
 10
53.500000000
 20
97.435540843
 30
0.000000000
 10
53.500000000
 20
96.976861909
 30
0.000000000
 10
53.500000000
 20
96.367246438
 30
0.000000000
 10
53.500000000
 20
95.637263097
 30
0.000000000
 10
53.500000000
 20
94.823516297
 30
0.000000000
 10
53.500000000
 20
93.966810701
 30
0.000000000
 10
53.500000000
 20
93.110105106
 30
0.000000000
 10
53.500000000
 20
92.296358306
 30
0.000000000
 10
53.500000000
 20
91.566374964
 30
0.000000000
 10
53.500000000
 20
90.956759494
 30
0.000000000
 10
53.500000000
 20
90.498080560
 30
0.000000000
 10
53.500000000
 20
90.213338239
 30
0.000000000
 10
53.500000000
 20
90.116810701
 30
0.000000000
  0
SPLINE
  5
B57
330
A02
100
AcDbEntity
  8
SectionView
100
AcDbSpline
210
0
220
0
230
1
 70
8
 71
2
 72
30
 73
27
 74
0
 40
4.712388980
 40
4.712388980
 40
4.712388980
 40
4.824588718
 40
4.824588718
 40
4.936788456
 40
4.936788456
 40
5.048988193
 40
5.048988193
 40
5.161187931
 40
5.161187931
 40
5.273387669
 40
5.273387669
 40
5.385587406
 40
5.385587406
 40
5.497787144
 40
5.497787144
 40
5.609986881
 40
5.609986881
 40
5.722186619
 40
5.722186619
 40
5.834386357
 40
5.834386357
 40
5.946586094
 40
5.946586094
 40
6.058785832
 40
6.058785832
 40
6.283185307
 40
6.283185307
 40
6.283185307
 10
53.500000000
 20
90.116810701
 30
0.000000000
 10
53.500000000
 20
90.128914697
 30
0.000000000
 10
53.500000000
 20
90.141018693
 30
0.000000000
 10
53.500000000
 20
90.177178466
 30
0.000000000
 10
53.500000000
 20
90.213338239
 30
0.000000000
 10
53.500000000
 20
90.273099059
 30
0.000000000
 10
53.500000000
 20
90.332859880
 30
0.000000000
 10
53.500000000
 20
90.415470220
 30
0.000000000
 10
53.500000000
 20
90.498080560
 30
0.000000000
 10
53.500000000
 20
90.602501547
 30
0.000000000
 10
53.500000000
 20
90.706922534
 30
0.000000000
 10
53.500000000
 20
90.831841014
 30
0.000000000
 10
53.500000000
 20
90.956759494
 30
0.000000000
 10
53.500000000
 20
91.100604544
 30
0.000000000
 10
53.500000000
 20
91.244449594
 30
0.000000000
 10
53.500000000
 20
91.405412279
 30
0.000000000
 10
53.500000000
 20
91.566374964
 30
0.000000000
 10
53.500000000
 20
91.742431085
 30
0.000000000
 10
53.500000000
 20
91.918487207
 30
0.000000000
 10
53.500000000
 20
92.107422756
 30
0.000000000
 10
53.500000000
 20
92.296358306
 30
0.000000000
 10
53.500000000
 20
92.495797309
 30
0.000000000
 10
53.500000000
 20
92.695236313
 30
0.000000000
 10
53.500000000
 20
92.902670709
 30
0.000000000
 10
53.500000000
 20
93.110105106
 30
0.000000000
 10
53.500000000
 20
93.534227355
 30
0.000000000
 10
53.500000000
 20
93.966810701
 30
0.000000000
  0
SPLINE
  5
B58
330
A02
100
AcDbEntity
  8
SectionView
100
AcDbSpline
210
0
220
0
230
1
 70
8
 71
2
 72
30
 73
27
 74
0
 40
0.000000000
 40
0.000000000
 40
0.000000000
 40
0.224399475
 40
0.224399475
 40
0.336599213
 40
0.336599213
 40
0.448798951
 40
0.448798951
 40
0.560998688
 40
0.560998688
 40
0.673198426
 40
0.673198426
 40
0.785398163
 40
0.785398163
 40
0.897597901
 40
0.897597901
 40
1.009797639
 40
1.009797639
 40
1.121997376
 40
1.121997376
 40
1.234197114
 40
1.234197114
 40
1.346396852
 40
1.346396852
 40
1.458596589
 40
1.458596589
 40
1.570796327
 40
1.570796327
 40
1.570796327
 10
53.500000000
 20
104.966810701
 30
0.000000000
 10
53.500000000
 20
105.399394048
 30
0.000000000
 10
53.500000000
 20
105.823516297
 30
0.000000000
 10
53.500000000
 20
106.030950693
 30
0.000000000
 10
53.500000000
 20
106.238385090
 30
0.000000000
 10
53.500000000
 20
106.437824093
 30
0.000000000
 10
53.500000000
 20
106.637263097
 30
0.000000000
 10
53.500000000
 20
106.826198646
 30
0.000000000
 10
53.500000000
 20
107.015134196
 30
0.000000000
 10
53.500000000
 20
107.191190317
 30
0.000000000
 10
53.500000000
 20
107.367246438
 30
0.000000000
 10
53.500000000
 20
107.528209124
 30
0.000000000
 10
53.500000000
 20
107.689171809
 30
0.000000000
 10
53.500000000
 20
107.833016859
 30
0.000000000
 10
53.500000000
 20
107.976861909
 30
0.000000000
 10
53.500000000
 20
108.101780389
 30
0.000000000
 10
53.500000000
 20
108.226698868
 30
0.000000000
 10
53.500000000
 20
108.331119856
 30
0.000000000
 10
53.500000000
 20
108.435540843
 30
0.000000000
 10
53.500000000
 20
108.518151183
 30
0.000000000
 10
53.500000000
 20
108.600761523
 30
0.000000000
 10
53.500000000
 20
108.660522343
 30
0.000000000
 10
53.500000000
 20
108.720283163
 30
0.000000000
 10
53.500000000
 20
108.756442936
 30
0.000000000
 10
53.500000000
 20
108.792602709
 30
0.000000000
 10
53.500000000
 20
108.804706705
 30
0.000000000
 10
53.500000000
 20
108.816810701
 30
0.000000000
  0
SPLINE
  5
B59
330
A02
100
AcDbEntity
  8
SectionView
100
AcDbSpline
210
0
220
0
230
1
 70
8
 71
1
 72
17
 73
15
 74
0
 40
1.570796327
 40
1.570796327
 40
1.795195802
 40
2.019595277
 40
2.243994753
 40
2.468394228
 40
2.692793703
 40
2.917193178
 40
3.141592654
 40
3.365992129
 40
3.590391604
 40
3.814791079
 40
4.039190555
 40
4.263590030
 40
4.487989505
 40
4.712388980
 40
4.712388980
 10
53.500000000
 20
108.816810701
 30
0.000000000
 10
53.500000000
 20
108.720283163
 30
0.000000000
 10
53.500000000
 20
108.435540843
 30
0.000000000
 10
53.500000000
 20
107.976861909
 30
0.000000000
 10
53.500000000
 20
107.367246438
 30
0.000000000
 10
53.500000000
 20
106.637263097
 30
0.000000000
 10
53.500000000
 20
105.823516297
 30
0.000000000
 10
53.500000000
 20
104.966810701
 30
0.000000000
 10
53.500000000
 20
104.110105106
 30
0.000000000
 10
53.500000000
 20
103.296358306
 30
0.000000000
 10
53.500000000
 20
102.566374964
 30
0.000000000
 10
53.500000000
 20
101.956759494
 30
0.000000000
 10
53.500000000
 20
101.498080560
 30
0.000000000
 10
53.500000000
 20
101.213338239
 30
0.000000000
 10
53.500000000
 20
101.116810701
 30
0.000000000
  0
SPLINE
  5
B5A
330
A02
100
AcDbEntity
  8
SectionView
100
AcDbSpline
210
0
220
0
230
1
 70
8
 71
2
 72
30
 73
27
 74
0
 40
4.712388980
 40
4.712388980
 40
4.712388980
 40
4.824588718
 40
4.824588718
 40
4.936788456
 40
4.936788456
 40
5.048988193
 40
5.048988193
 40
5.161187931
 40
5.161187931
 40
5.273387669
 40
5.273387669
 40
5.385587406
 40
5.385587406
 40
5.497787144
 40
5.497787144
 40
5.609986881
 40
5.609986881
 40
5.722186619
 40
5.722186619
 40
5.834386357
 40
5.834386357
 40
5.946586094
 40
5.946586094
 40
6.058785832
 40
6.058785832
 40
6.283185307
 40
6.283185307
 40
6.283185307
 10
53.500000000
 20
101.116810701
 30
0.000000000
 10
53.500000000
 20
101.128914697
 30
0.000000000
 10
53.500000000
 20
101.141018693
 30
0.000000000
 10
53.500000000
 20
101.177178466
 30
0.000000000
 10
53.500000000
 20
101.213338239
 30
0.000000000
 10
53.500000000
 20
101.273099059
 30
0.000000000
 10
53.500000000
 20
101.332859880
 30
0.000000000
 10
53.500000000
 20
101.415470220
 30
0.000000000
 10
53.500000000
 20
101.498080560
 30
0.000000000
 10
53.500000000
 20
101.602501547
 30
0.000000000
 10
53.500000000
 20
101.706922534
 30
0.000000000
 10
53.500000000
 20
101.831841014
 30
0.000000000
 10
53.500000000
 20
101.956759494
 30
0.000000000
 10
53.500000000
 20
102.100604544
 30
0.000000000
 10
53.500000000
 20
102.244449594
 30
0.000000000
 10
53.500000000
 20
102.405412279
 30
0.000000000
 10
53.500000000
 20
102.566374964
 30
0.000000000
 10
53.500000000
 20
102.742431085
 30
0.000000000
 10
53.500000000
 20
102.918487207
 30
0.000000000
 10
53.500000000
 20
103.107422756
 30
0.000000000
 10
53.500000000
 20
103.296358306
 30
0.000000000
 10
53.500000000
 20
103.495797309
 30
0.000000000
 10
53.500000000
 20
103.695236313
 30
0.000000000
 10
53.500000000
 20
103.902670709
 30
0.000000000
 10
53.500000000
 20
104.110105106
 30
0.000000000
 10
53.500000000
 20
104.534227355
 30
0.000000000
 10
53.500000000
 20
104.966810701
 30
0.000000000
  0
SPLINE
  5
B5B
330
A02
100
AcDbEntity
  8
SectionView
100
AcDbSpline
210
0
220
0
230
1
 70
8
 71
2
 72
30
 73
27
 74
0
 40
0.000000000
 40
0.000000000
 40
0.000000000
 40
0.224399475
 40
0.224399475
 40
0.336599213
 40
0.336599213
 40
0.448798951
 40
0.448798951
 40
0.560998688
 40
0.560998688
 40
0.673198426
 40
0.673198426
 40
0.785398163
 40
0.785398163
 40
0.897597901
 40
0.897597901
 40
1.009797639
 40
1.009797639
 40
1.121997376
 40
1.121997376
 40
1.234197114
 40
1.234197114
 40
1.346396852
 40
1.346396852
 40
1.458596589
 40
1.458596589
 40
1.570796327
 40
1.570796327
 40
1.570796327
 10
53.500000000
 20
93.966810701
 30
0.000000000
 10
53.500000000
 20
94.399394048
 30
0.000000000
 10
53.500000000
 20
94.823516297
 30
0.000000000
 10
53.500000000
 20
95.030950693
 30
0.000000000
 10
53.500000000
 20
95.238385090
 30
0.000000000
 10
53.500000000
 20
95.437824093
 30
0.000000000
 10
53.500000000
 20
95.637263097
 30
0.000000000
 10
53.500000000
 20
95.826198646
 30
0.000000000
 10
53.500000000
 20
96.015134196
 30
0.000000000
 10
53.500000000
 20
96.191190317
 30
0.000000000
 10
53.500000000
 20
96.367246438
 30
0.000000000
 10
53.500000000
 20
96.528209124
 30
0.000000000
 10
53.500000000
 20
96.689171809
 30
0.000000000
 10
53.500000000
 20
96.833016859
 30
0.000000000
 10
53.500000000
 20
96.976861909
 30
0.000000000
 10
53.500000000
 20
97.101780389
 30
0.000000000
 10
53.500000000
 20
97.226698868
 30
0.000000000
 10
53.500000000
 20
97.331119856
 30
0.000000000
 10
53.500000000
 20
97.435540843
 30
0.000000000
 10
53.500000000
 20
97.518151183
 30
0.000000000
 10
53.500000000
 20
97.600761523
 30
0.000000000
 10
53.500000000
 20
97.660522343
 30
0.000000000
 10
53.500000000
 20
97.720283163
 30
0.000000000
 10
53.500000000
 20
97.756442936
 30
0.000000000
 10
53.500000000
 20
97.792602709
 30
0.000000000
 10
53.500000000
 20
97.804706705
 30
0.000000000
 10
53.500000000
 20
97.816810701
 30
0.000000000
  0
SPLINE
  5
B5C
330
A02
100
AcDbEntity
  8
SectionView
100
AcDbSpline
210
0
220
0
230
1
 70
8
 71
1
 72
17
 73
15
 74
0
 40
1.570796327
 40
1.570796327
 40
1.795195802
 40
2.019595277
 40
2.243994753
 40
2.468394228
 40
2.692793703
 40
2.917193178
 40
3.141592654
 40
3.365992129
 40
3.590391604
 40
3.814791079
 40
4.039190555
 40
4.263590030
 40
4.487989505
 40
4.712388980
 40
4.712388980
 10
53.500000000
 20
97.816810701
 30
0.000000000
 10
53.500000000
 20
97.720283163
 30
0.000000000
 10
53.500000000
 20
97.435540843
 30
0.000000000
 10
53.500000000
 20
96.976861909
 30
0.000000000
 10
53.500000000
 20
96.367246438
 30
0.000000000
 10
53.500000000
 20
95.637263097
 30
0.000000000
 10
53.500000000
 20
94.823516297
 30
0.000000000
 10
53.500000000
 20
93.966810701
 30
0.000000000
 10
53.500000000
 20
93.110105106
 30
0.000000000
 10
53.500000000
 20
92.296358306
 30
0.000000000
 10
53.500000000
 20
91.566374964
 30
0.000000000
 10
53.500000000
 20
90.956759494
 30
0.000000000
 10
53.500000000
 20
90.498080560
 30
0.000000000
 10
53.500000000
 20
90.213338239
 30
0.000000000
 10
53.500000000
 20
90.116810701
 30
0.000000000
  0
SPLINE
  5
B5D
330
A02
100
AcDbEntity
  8
SectionView
100
AcDbSpline
210
0
220
0
230
1
 70
8
 71
2
 72
30
 73
27
 74
0
 40
4.712388980
 40
4.712388980
 40
4.712388980
 40
4.824588718
 40
4.824588718
 40
4.936788456
 40
4.936788456
 40
5.048988193
 40
5.048988193
 40
5.161187931
 40
5.161187931
 40
5.273387669
 40
5.273387669
 40
5.385587406
 40
5.385587406
 40
5.497787144
 40
5.497787144
 40
5.609986881
 40
5.609986881
 40
5.722186619
 40
5.722186619
 40
5.834386357
 40
5.834386357
 40
5.946586094
 40
5.946586094
 40
6.058785832
 40
6.058785832
 40
6.283185307
 40
6.283185307
 40
6.283185307
 10
53.500000000
 20
90.116810701
 30
0.000000000
 10
53.500000000
 20
90.128914697
 30
0.000000000
 10
53.500000000
 20
90.141018693
 30
0.000000000
 10
53.500000000
 20
90.177178466
 30
0.000000000
 10
53.500000000
 20
90.213338239
 30
0.000000000
 10
53.500000000
 20
90.273099059
 30
0.000000000
 10
53.500000000
 20
90.332859880
 30
0.000000000
 10
53.500000000
 20
90.415470220
 30
0.000000000
 10
53.500000000
 20
90.498080560
 30
0.000000000
 10
53.500000000
 20
90.602501547
 30
0.000000000
 10
53.500000000
 20
90.706922534
 30
0.000000000
 10
53.500000000
 20
90.831841014
 30
0.000000000
 10
53.500000000
 20
90.956759494
 30
0.000000000
 10
53.500000000
 20
91.100604544
 30
0.000000000
 10
53.500000000
 20
91.244449594
 30
0.000000000
 10
53.500000000
 20
91.405412279
 30
0.000000000
 10
53.500000000
 20
91.566374964
 30
0.000000000
 10
53.500000000
 20
91.742431085
 30
0.000000000
 10
53.500000000
 20
91.918487207
 30
0.000000000
 10
53.500000000
 20
92.107422756
 30
0.000000000
 10
53.500000000
 20
92.296358306
 30
0.000000000
 10
53.500000000
 20
92.495797309
 30
0.000000000
 10
53.500000000
 20
92.695236313
 30
0.000000000
 10
53.500000000
 20
92.902670709
 30
0.000000000
 10
53.500000000
 20
93.110105106
 30
0.000000000
 10
53.500000000
 20
93.534227355
 30
0.000000000
 10
53.500000000
 20
93.966810701
 30
0.000000000
  0
SPLINE
  5
B5E
330
A02
100
AcDbEntity
  8
SectionView
100
AcDbSpline
210
0
220
0
230
1
 70
8
 71
2
 72
30
 73
27
 74
0
 40
0.000000000
 40
0.000000000
 40
0.000000000
 40
0.224399475
 40
0.224399475
 40
0.336599213
 40
0.336599213
 40
0.448798951
 40
0.448798951
 40
0.560998688
 40
0.560998688
 40
0.673198426
 40
0.673198426
 40
0.785398163
 40
0.785398163
 40
0.897597901
 40
0.897597901
 40
1.009797639
 40
1.009797639
 40
1.121997376
 40
1.121997376
 40
1.234197114
 40
1.234197114
 40
1.346396852
 40
1.346396852
 40
1.458596589
 40
1.458596589
 40
1.570796327
 40
1.570796327
 40
1.570796327
 10
53.500000000
 20
104.966810701
 30
0.000000000
 10
53.500000000
 20
105.399394048
 30
0.000000000
 10
53.500000000
 20
105.823516297
 30
0.000000000
 10
53.500000000
 20
106.030950693
 30
0.000000000
 10
53.500000000
 20
106.238385090
 30
0.000000000
 10
53.500000000
 20
106.437824093
 30
0.000000000
 10
53.500000000
 20
106.637263097
 30
0.000000000
 10
53.500000000
 20
106.826198646
 30
0.000000000
 10
53.500000000
 20
107.015134196
 30
0.000000000
 10
53.500000000
 20
107.191190317
 30
0.000000000
 10
53.500000000
 20
107.367246438
 30
0.000000000
 10
53.500000000
 20
107.528209124
 30
0.000000000
 10
53.500000000
 20
107.689171809
 30
0.000000000
 10
53.500000000
 20
107.833016859
 30
0.000000000
 10
53.500000000
 20
107.976861909
 30
0.000000000
 10
53.500000000
 20
108.101780389
 30
0.000000000
 10
53.500000000
 20
108.226698868
 30
0.000000000
 10
53.500000000
 20
108.331119856
 30
0.000000000
 10
53.500000000
 20
108.435540843
 30
0.000000000
 10
53.500000000
 20
108.518151183
 30
0.000000000
 10
53.500000000
 20
108.600761523
 30
0.000000000
 10
53.500000000
 20
108.660522343
 30
0.000000000
 10
53.500000000
 20
108.720283163
 30
0.000000000
 10
53.500000000
 20
108.756442936
 30
0.000000000
 10
53.500000000
 20
108.792602709
 30
0.000000000
 10
53.500000000
 20
108.804706705
 30
0.000000000
 10
53.500000000
 20
108.816810701
 30
0.000000000
  0
SPLINE
  5
B5F
330
A02
100
AcDbEntity
  8
SectionView
100
AcDbSpline
210
0
220
0
230
1
 70
8
 71
1
 72
17
 73
15
 74
0
 40
1.570796327
 40
1.570796327
 40
1.795195802
 40
2.019595277
 40
2.243994753
 40
2.468394228
 40
2.692793703
 40
2.917193178
 40
3.141592654
 40
3.365992129
 40
3.590391604
 40
3.814791079
 40
4.039190555
 40
4.263590030
 40
4.487989505
 40
4.712388980
 40
4.712388980
 10
53.500000000
 20
108.816810701
 30
0.000000000
 10
53.500000000
 20
108.720283163
 30
0.000000000
 10
53.500000000
 20
108.435540843
 30
0.000000000
 10
53.500000000
 20
107.976861909
 30
0.000000000
 10
53.500000000
 20
107.367246438
 30
0.000000000
 10
53.500000000
 20
106.637263097
 30
0.000000000
 10
53.500000000
 20
105.823516297
 30
0.000000000
 10
53.500000000
 20
104.966810701
 30
0.000000000
 10
53.500000000
 20
104.110105106
 30
0.000000000
 10
53.500000000
 20
103.296358306
 30
0.000000000
 10
53.500000000
 20
102.566374964
 30
0.000000000
 10
53.500000000
 20
101.956759494
 30
0.000000000
 10
53.500000000
 20
101.498080560
 30
0.000000000
 10
53.500000000
 20
101.213338239
 30
0.000000000
 10
53.500000000
 20
101.116810701
 30
0.000000000
  0
SPLINE
  5
B60
330
A02
100
AcDbEntity
  8
SectionView
100
AcDbSpline
210
0
220
0
230
1
 70
8
 71
2
 72
30
 73
27
 74
0
 40
4.712388980
 40
4.712388980
 40
4.712388980
 40
4.824588718
 40
4.824588718
 40
4.936788456
 40
4.936788456
 40
5.048988193
 40
5.048988193
 40
5.161187931
 40
5.161187931
 40
5.273387669
 40
5.273387669
 40
5.385587406
 40
5.385587406
 40
5.497787144
 40
5.497787144
 40
5.609986881
 40
5.609986881
 40
5.722186619
 40
5.722186619
 40
5.834386357
 40
5.834386357
 40
5.946586094
 40
5.946586094
 40
6.058785832
 40
6.058785832
 40
6.283185307
 40
6.283185307
 40
6.283185307
 10
53.500000000
 20
101.116810701
 30
0.000000000
 10
53.500000000
 20
101.128914697
 30
0.000000000
 10
53.500000000
 20
101.141018693
 30
0.000000000
 10
53.500000000
 20
101.177178466
 30
0.000000000
 10
53.500000000
 20
101.213338239
 30
0.000000000
 10
53.500000000
 20
101.273099059
 30
0.000000000
 10
53.500000000
 20
101.332859880
 30
0.000000000
 10
53.500000000
 20
101.415470220
 30
0.000000000
 10
53.500000000
 20
101.498080560
 30
0.000000000
 10
53.500000000
 20
101.602501547
 30
0.000000000
 10
53.500000000
 20
101.706922534
 30
0.000000000
 10
53.500000000
 20
101.831841014
 30
0.000000000
 10
53.500000000
 20
101.956759494
 30
0.000000000
 10
53.500000000
 20
102.100604544
 30
0.000000000
 10
53.500000000
 20
102.244449594
 30
0.000000000
 10
53.500000000
 20
102.405412279
 30
0.000000000
 10
53.500000000
 20
102.566374964
 30
0.000000000
 10
53.500000000
 20
102.742431085
 30
0.000000000
 10
53.500000000
 20
102.918487207
 30
0.000000000
 10
53.500000000
 20
103.107422756
 30
0.000000000
 10
53.500000000
 20
103.296358306
 30
0.000000000
 10
53.500000000
 20
103.495797309
 30
0.000000000
 10
53.500000000
 20
103.695236313
 30
0.000000000
 10
53.500000000
 20
103.902670709
 30
0.000000000
 10
53.500000000
 20
104.110105106
 30
0.000000000
 10
53.500000000
 20
104.534227355
 30
0.000000000
 10
53.500000000
 20
104.966810701
 30
0.000000000
  0
SPLINE
  5
B61
330
A02
100
AcDbEntity
  8
SectionView
100
AcDbSpline
210
0
220
0
230
1
 70
8
 71
2
 72
30
 73
27
 74
0
 40
0.000000000
 40
0.000000000
 40
0.000000000
 40
0.224399475
 40
0.224399475
 40
0.336599213
 40
0.336599213
 40
0.448798951
 40
0.448798951
 40
0.560998688
 40
0.560998688
 40
0.673198426
 40
0.673198426
 40
0.785398163
 40
0.785398163
 40
0.897597901
 40
0.897597901
 40
1.009797639
 40
1.009797639
 40
1.121997376
 40
1.121997376
 40
1.234197114
 40
1.234197114
 40
1.346396852
 40
1.346396852
 40
1.458596589
 40
1.458596589
 40
1.570796327
 40
1.570796327
 40
1.570796327
 10
53.500000000
 20
115.966810701
 30
0.000000000
 10
53.500000000
 20
116.399394048
 30
0.000000000
 10
53.500000000
 20
116.823516297
 30
0.000000000
 10
53.500000000
 20
117.030950693
 30
0.000000000
 10
53.500000000
 20
117.238385090
 30
0.000000000
 10
53.500000000
 20
117.437824093
 30
0.000000000
 10
53.500000000
 20
117.637263097
 30
0.000000000
 10
53.500000000
 20
117.826198646
 30
0.000000000
 10
53.500000000
 20
118.015134196
 30
0.000000000
 10
53.500000000
 20
118.191190317
 30
0.000000000
 10
53.500000000
 20
118.367246438
 30
0.000000000
 10
53.500000000
 20
118.528209124
 30
0.000000000
 10
53.500000000
 20
118.689171809
 30
0.000000000
 10
53.500000000
 20
118.833016859
 30
0.000000000
 10
53.500000000
 20
118.976861909
 30
0.000000000
 10
53.500000000
 20
119.101780389
 30
0.000000000
 10
53.500000000
 20
119.226698868
 30
0.000000000
 10
53.500000000
 20
119.331119856
 30
0.000000000
 10
53.500000000
 20
119.435540843
 30
0.000000000
 10
53.500000000
 20
119.518151183
 30
0.000000000
 10
53.500000000
 20
119.600761523
 30
0.000000000
 10
53.500000000
 20
119.660522343
 30
0.000000000
 10
53.500000000
 20
119.720283163
 30
0.000000000
 10
53.500000000
 20
119.756442936
 30
0.000000000
 10
53.500000000
 20
119.792602709
 30
0.000000000
 10
53.500000000
 20
119.804706705
 30
0.000000000
 10
53.500000000
 20
119.816810701
 30
0.000000000
  0
SPLINE
  5
B62
330
A02
100
AcDbEntity
  8
SectionView
100
AcDbSpline
210
0
220
0
230
1
 70
8
 71
1
 72
17
 73
15
 74
0
 40
1.570796327
 40
1.570796327
 40
1.795195802
 40
2.019595277
 40
2.243994753
 40
2.468394228
 40
2.692793703
 40
2.917193178
 40
3.141592654
 40
3.365992129
 40
3.590391604
 40
3.814791079
 40
4.039190555
 40
4.263590030
 40
4.487989505
 40
4.712388980
 40
4.712388980
 10
53.500000000
 20
119.816810701
 30
0.000000000
 10
53.500000000
 20
119.720283163
 30
0.000000000
 10
53.500000000
 20
119.435540843
 30
0.000000000
 10
53.500000000
 20
118.976861909
 30
0.000000000
 10
53.500000000
 20
118.367246438
 30
0.000000000
 10
53.500000000
 20
117.637263097
 30
0.000000000
 10
53.500000000
 20
116.823516297
 30
0.000000000
 10
53.500000000
 20
115.966810701
 30
0.000000000
 10
53.500000000
 20
115.110105106
 30
0.000000000
 10
53.500000000
 20
114.296358306
 30
0.000000000
 10
53.500000000
 20
113.566374964
 30
0.000000000
 10
53.500000000
 20
112.956759494
 30
0.000000000
 10
53.500000000
 20
112.498080560
 30
0.000000000
 10
53.500000000
 20
112.213338239
 30
0.000000000
 10
53.500000000
 20
112.116810701
 30
0.000000000
  0
SPLINE
  5
B63
330
A02
100
AcDbEntity
  8
SectionView
100
AcDbSpline
210
0
220
0
230
1
 70
8
 71
2
 72
30
 73
27
 74
0
 40
4.712388980
 40
4.712388980
 40
4.712388980
 40
4.824588718
 40
4.824588718
 40
4.936788456
 40
4.936788456
 40
5.048988193
 40
5.048988193
 40
5.161187931
 40
5.161187931
 40
5.273387669
 40
5.273387669
 40
5.385587406
 40
5.385587406
 40
5.497787144
 40
5.497787144
 40
5.609986881
 40
5.609986881
 40
5.722186619
 40
5.722186619
 40
5.834386357
 40
5.834386357
 40
5.946586094
 40
5.946586094
 40
6.058785832
 40
6.058785832
 40
6.283185307
 40
6.283185307
 40
6.283185307
 10
53.500000000
 20
112.116810701
 30
0.000000000
 10
53.500000000
 20
112.128914697
 30
0.000000000
 10
53.500000000
 20
112.141018693
 30
0.000000000
 10
53.500000000
 20
112.177178466
 30
0.000000000
 10
53.500000000
 20
112.213338239
 30
0.000000000
 10
53.500000000
 20
112.273099059
 30
0.000000000
 10
53.500000000
 20
112.332859880
 30
0.000000000
 10
53.500000000
 20
112.415470220
 30
0.000000000
 10
53.500000000
 20
112.498080560
 30
0.000000000
 10
53.500000000
 20
112.602501547
 30
0.000000000
 10
53.500000000
 20
112.706922534
 30
0.000000000
 10
53.500000000
 20
112.831841014
 30
0.000000000
 10
53.500000000
 20
112.956759494
 30
0.000000000
 10
53.500000000
 20
113.100604544
 30
0.000000000
 10
53.500000000
 20
113.244449594
 30
0.000000000
 10
53.500000000
 20
113.405412279
 30
0.000000000
 10
53.500000000
 20
113.566374964
 30
0.000000000
 10
53.500000000
 20
113.742431085
 30
0.000000000
 10
53.500000000
 20
113.918487207
 30
0.000000000
 10
53.500000000
 20
114.107422756
 30
0.000000000
 10
53.500000000
 20
114.296358306
 30
0.000000000
 10
53.500000000
 20
114.495797309
 30
0.000000000
 10
53.500000000
 20
114.695236313
 30
0.000000000
 10
53.500000000
 20
114.902670709
 30
0.000000000
 10
53.500000000
 20
115.110105106
 30
0.000000000
 10
53.500000000
 20
115.534227355
 30
0.000000000
 10
53.500000000
 20
115.966810701
 30
0.000000000
  0
SPLINE
  5
B64
330
A02
100
AcDbEntity
  8
SectionView
100
AcDbSpline
210
0
220
0
230
1
 70
8
 71
2
 72
30
 73
27
 74
0
 40
0.000000000
 40
0.000000000
 40
0.000000000
 40
0.224399475
 40
0.224399475
 40
0.336599213
 40
0.336599213
 40
0.448798951
 40
0.448798951
 40
0.560998688
 40
0.560998688
 40
0.673198426
 40
0.673198426
 40
0.785398163
 40
0.785398163
 40
0.897597901
 40
0.897597901
 40
1.009797639
 40
1.009797639
 40
1.121997376
 40
1.121997376
 40
1.234197114
 40
1.234197114
 40
1.346396852
 40
1.346396852
 40
1.458596589
 40
1.458596589
 40
1.570796327
 40
1.570796327
 40
1.570796327
 10
53.500000000
 20
141.966810701
 30
0.000000000
 10
53.500000000
 20
142.264562875
 30
0.000000000
 10
53.500000000
 20
142.556491176
 30
0.000000000
 10
53.500000000
 20
142.699270696
 30
0.000000000
 10
53.500000000
 20
142.842050215
 30
0.000000000
 10
53.500000000
 20
142.979326413
 30
0.000000000
 10
53.500000000
 20
143.116602610
 30
0.000000000
 10
53.500000000
 20
143.246649157
 30
0.000000000
 10
53.500000000
 20
143.376695704
 30
0.000000000
 10
53.500000000
 20
143.497877190
 30
0.000000000
 10
53.500000000
 20
143.619058676
 30
0.000000000
 10
53.500000000
 20
143.729851174
 30
0.000000000
 10
53.500000000
 20
143.840643671
 30
0.000000000
 10
53.500000000
 20
143.939653901
 30
0.000000000
 10
53.500000000
 20
144.038664130
 30
0.000000000
 10
53.500000000
 20
144.124646980
 30
0.000000000
 10
53.500000000
 20
144.210629829
 30
0.000000000
 10
53.500000000
 20
144.282504015
 30
0.000000000
 10
53.500000000
 20
144.354378201
 30
0.000000000
 10
53.500000000
 20
144.411239864
 30
0.000000000
 10
53.500000000
 20
144.468101527
 30
0.000000000
 10
53.500000000
 20
144.509235598
 30
0.000000000
 10
53.500000000
 20
144.550369669
 30
0.000000000
 10
53.500000000
 20
144.575258863
 30
0.000000000
 10
53.500000000
 20
144.600148057
 30
0.000000000
 10
53.500000000
 20
144.608479379
 30
0.000000000
 10
53.500000000
 20
144.616810701
 30
0.000000000
  0
SPLINE
  5
B65
330
A02
100
AcDbEntity
  8
SectionView
100
AcDbSpline
210
0
220
0
230
1
 70
8
 71
1
 72
17
 73
15
 74
0
 40
1.570796327
 40
1.570796327
 40
1.795195802
 40
2.019595277
 40
2.243994753
 40
2.468394228
 40
2.692793703
 40
2.917193178
 40
3.141592654
 40
3.365992129
 40
3.590391604
 40
3.814791079
 40
4.039190555
 40
4.263590030
 40
4.487989505
 40
4.712388980
 40
4.712388980
 10
53.500000000
 20
144.616810701
 30
0.000000000
 10
53.500000000
 20
144.550369669
 30
0.000000000
 10
53.500000000
 20
144.354378201
 30
0.000000000
 10
53.500000000
 20
144.038664130
 30
0.000000000
 10
53.500000000
 20
143.619058676
 30
0.000000000
 10
53.500000000
 20
143.116602610
 30
0.000000000
 10
53.500000000
 20
142.556491176
 30
0.000000000
 10
53.500000000
 20
141.966810701
 30
0.000000000
 10
53.500000000
 20
141.377130226
 30
0.000000000
 10
53.500000000
 20
140.817018793
 30
0.000000000
 10
53.500000000
 20
140.314562726
 30
0.000000000
 10
53.500000000
 20
139.894957273
 30
0.000000000
 10
53.500000000
 20
139.579243201
 30
0.000000000
 10
53.500000000
 20
139.383251734
 30
0.000000000
 10
53.500000000
 20
139.316810701
 30
0.000000000
  0
SPLINE
  5
B66
330
A02
100
AcDbEntity
  8
SectionView
100
AcDbSpline
210
0
220
0
230
1
 70
8
 71
2
 72
30
 73
27
 74
0
 40
4.712388980
 40
4.712388980
 40
4.712388980
 40
4.824588718
 40
4.824588718
 40
4.936788456
 40
4.936788456
 40
5.048988193
 40
5.048988193
 40
5.161187931
 40
5.161187931
 40
5.273387669
 40
5.273387669
 40
5.385587406
 40
5.385587406
 40
5.497787144
 40
5.497787144
 40
5.609986881
 40
5.609986881
 40
5.722186619
 40
5.722186619
 40
5.834386357
 40
5.834386357
 40
5.946586094
 40
5.946586094
 40
6.058785832
 40
6.058785832
 40
6.283185307
 40
6.283185307
 40
6.283185307
 10
53.500000000
 20
139.316810701
 30
0.000000000
 10
53.500000000
 20
139.325142023
 30
0.000000000
 10
53.500000000
 20
139.333473345
 30
0.000000000
 10
53.500000000
 20
139.358362540
 30
0.000000000
 10
53.500000000
 20
139.383251734
 30
0.000000000
 10
53.500000000
 20
139.424385805
 30
0.000000000
 10
53.500000000
 20
139.465519876
 30
0.000000000
 10
53.500000000
 20
139.522381539
 30
0.000000000
 10
53.500000000
 20
139.579243201
 30
0.000000000
 10
53.500000000
 20
139.651117387
 30
0.000000000
 10
53.500000000
 20
139.722991573
 30
0.000000000
 10
53.500000000
 20
139.808974423
 30
0.000000000
 10
53.500000000
 20
139.894957273
 30
0.000000000
 10
53.500000000
 20
139.993967502
 30
0.000000000
 10
53.500000000
 20
140.092977731
 30
0.000000000
 10
53.500000000
 20
140.203770229
 30
0.000000000
 10
53.500000000
 20
140.314562726
 30
0.000000000
 10
53.500000000
 20
140.435744212
 30
0.000000000
 10
53.500000000
 20
140.556925699
 30
0.000000000
 10
53.500000000
 20
140.686972246
 30
0.000000000
 10
53.500000000
 20
140.817018793
 30
0.000000000
 10
53.500000000
 20
140.954294990
 30
0.000000000
 10
53.500000000
 20
141.091571187
 30
0.000000000
 10
53.500000000
 20
141.234350707
 30
0.000000000
 10
53.500000000
 20
141.377130226
 30
0.000000000
 10
53.500000000
 20
141.669058528
 30
0.000000000
 10
53.500000000
 20
141.966810701
 30
0.000000000
  0
SPLINE
  5
B67
330
A02
100
AcDbEntity
  8
SectionView
100
AcDbSpline
210
0
220
0
230
1
 70
8
 71
2
 72
30
 73
27
 74
0
 40
0.000000000
 40
0.000000000
 40
0.000000000
 40
0.224399475
 40
0.224399475
 40
0.336599213
 40
0.336599213
 40
0.448798951
 40
0.448798951
 40
0.560998688
 40
0.560998688
 40
0.673198426
 40
0.673198426
 40
0.785398163
 40
0.785398163
 40
0.897597901
 40
0.897597901
 40
1.009797639
 40
1.009797639
 40
1.121997376
 40
1.121997376
 40
1.234197114
 40
1.234197114
 40
1.346396852
 40
1.346396852
 40
1.458596589
 40
1.458596589
 40
1.570796327
 40
1.570796327
 40
1.570796327
 10
53.500000000
 20
149.966810701
 30
0.000000000
 10
53.500000000
 20
150.264562875
 30
0.000000000
 10
53.500000000
 20
150.556491176
 30
0.000000000
 10
53.500000000
 20
150.699270696
 30
0.000000000
 10
53.500000000
 20
150.842050215
 30
0.000000000
 10
53.500000000
 20
150.979326413
 30
0.000000000
 10
53.500000000
 20
151.116602610
 30
0.000000000
 10
53.500000000
 20
151.246649157
 30
0.000000000
 10
53.500000000
 20
151.376695704
 30
0.000000000
 10
53.500000000
 20
151.497877190
 30
0.000000000
 10
53.500000000
 20
151.619058676
 30
0.000000000
 10
53.500000000
 20
151.729851174
 30
0.000000000
 10
53.500000000
 20
151.840643671
 30
0.000000000
 10
53.500000000
 20
151.939653901
 30
0.000000000
 10
53.500000000
 20
152.038664130
 30
0.000000000
 10
53.500000000
 20
152.124646980
 30
0.000000000
 10
53.500000000
 20
152.210629829
 30
0.000000000
 10
53.500000000
 20
152.282504015
 30
0.000000000
 10
53.500000000
 20
152.354378201
 30
0.000000000
 10
53.500000000
 20
152.411239864
 30
0.000000000
 10
53.500000000
 20
152.468101527
 30
0.000000000
 10
53.500000000
 20
152.509235598
 30
0.000000000
 10
53.500000000
 20
152.550369669
 30
0.000000000
 10
53.500000000
 20
152.575258863
 30
0.000000000
 10
53.500000000
 20
152.600148057
 30
0.000000000
 10
53.500000000
 20
152.608479379
 30
0.000000000
 10
53.500000000
 20
152.616810701
 30
0.000000000
  0
SPLINE
  5
B68
330
A02
100
AcDbEntity
  8
SectionView
100
AcDbSpline
210
0
220
0
230
1
 70
8
 71
1
 72
17
 73
15
 74
0
 40
1.570796327
 40
1.570796327
 40
1.795195802
 40
2.019595277
 40
2.243994753
 40
2.468394228
 40
2.692793703
 40
2.917193178
 40
3.141592654
 40
3.365992129
 40
3.590391604
 40
3.814791079
 40
4.039190555
 40
4.263590030
 40
4.487989505
 40
4.712388980
 40
4.712388980
 10
53.500000000
 20
152.616810701
 30
0.000000000
 10
53.500000000
 20
152.550369669
 30
0.000000000
 10
53.500000000
 20
152.354378201
 30
0.000000000
 10
53.500000000
 20
152.038664130
 30
0.000000000
 10
53.500000000
 20
151.619058676
 30
0.000000000
 10
53.500000000
 20
151.116602610
 30
0.000000000
 10
53.500000000
 20
150.556491176
 30
0.000000000
 10
53.500000000
 20
149.966810701
 30
0.000000000
 10
53.500000000
 20
149.377130226
 30
0.000000000
 10
53.500000000
 20
148.817018793
 30
0.000000000
 10
53.500000000
 20
148.314562726
 30
0.000000000
 10
53.500000000
 20
147.894957273
 30
0.000000000
 10
53.500000000
 20
147.579243201
 30
0.000000000
 10
53.500000000
 20
147.383251734
 30
0.000000000
 10
53.500000000
 20
147.316810701
 30
0.000000000
  0
SPLINE
  5
B69
330
A02
100
AcDbEntity
  8
SectionView
100
AcDbSpline
210
0
220
0
230
1
 70
8
 71
2
 72
30
 73
27
 74
0
 40
4.712388980
 40
4.712388980
 40
4.712388980
 40
4.824588718
 40
4.824588718
 40
4.936788456
 40
4.936788456
 40
5.048988193
 40
5.048988193
 40
5.161187931
 40
5.161187931
 40
5.273387669
 40
5.273387669
 40
5.385587406
 40
5.385587406
 40
5.497787144
 40
5.497787144
 40
5.609986881
 40
5.609986881
 40
5.722186619
 40
5.722186619
 40
5.834386357
 40
5.834386357
 40
5.946586094
 40
5.946586094
 40
6.058785832
 40
6.058785832
 40
6.283185307
 40
6.283185307
 40
6.283185307
 10
53.500000000
 20
147.316810701
 30
0.000000000
 10
53.500000000
 20
147.325142023
 30
0.000000000
 10
53.500000000
 20
147.333473345
 30
0.000000000
 10
53.500000000
 20
147.358362540
 30
0.000000000
 10
53.500000000
 20
147.383251734
 30
0.000000000
 10
53.500000000
 20
147.424385805
 30
0.000000000
 10
53.500000000
 20
147.465519876
 30
0.000000000
 10
53.500000000
 20
147.522381539
 30
0.000000000
 10
53.500000000
 20
147.579243201
 30
0.000000000
 10
53.500000000
 20
147.651117387
 30
0.000000000
 10
53.500000000
 20
147.722991573
 30
0.000000000
 10
53.500000000
 20
147.808974423
 30
0.000000000
 10
53.500000000
 20
147.894957273
 30
0.000000000
 10
53.500000000
 20
147.993967502
 30
0.000000000
 10
53.500000000
 20
148.092977731
 30
0.000000000
 10
53.500000000
 20
148.203770229
 30
0.000000000
 10
53.500000000
 20
148.314562726
 30
0.000000000
 10
53.500000000
 20
148.435744212
 30
0.000000000
 10
53.500000000
 20
148.556925699
 30
0.000000000
 10
53.500000000
 20
148.686972246
 30
0.000000000
 10
53.500000000
 20
148.817018793
 30
0.000000000
 10
53.500000000
 20
148.954294990
 30
0.000000000
 10
53.500000000
 20
149.091571187
 30
0.000000000
 10
53.500000000
 20
149.234350707
 30
0.000000000
 10
53.500000000
 20
149.377130226
 30
0.000000000
 10
53.500000000
 20
149.669058528
 30
0.000000000
 10
53.500000000
 20
149.966810701
 30
0.000000000
  0
SPLINE
  5
B6A
330
A02
100
AcDbEntity
  8
SectionView
100
AcDbSpline
210
0
220
0
230
1
 70
8
 71
3
 72
26
 73
22
 74
0
 40
0.000000000
 40
0.000000000
 40
0.000000000
 40
0.000000000
 40
0.785398163
 40
0.785398163
 40
0.785398163
 40
1.009797639
 40
1.009797639
 40
1.009797639
 40
1.121997376
 40
1.121997376
 40
1.121997376
 40
1.234197114
 40
1.234197114
 40
1.234197114
 40
1.346396852
 40
1.346396852
 40
1.346396852
 40
1.458596589
 40
1.458596589
 40
1.458596589
 40
1.570796327
 40
1.570796327
 40
1.570796327
 40
1.570796327
 10
53.500000000
 20
127.766810701
 30
0.000000000
 10
53.500000000
 20
127.963617946
 30
0.000000000
 10
53.500000000
 20
128.157517203
 30
0.000000000
 10
53.500000000
 20
128.297140787
 30
0.000000000
 10
53.500000000
 20
128.335881674
 30
0.000000000
 10
53.500000000
 20
128.370786029
 30
0.000000000
 10
53.500000000
 20
128.401853851
 30
0.000000000
 10
53.500000000
 20
128.415415018
 30
0.000000000
 10
53.500000000
 20
128.428976185
 30
0.000000000
 10
53.500000000
 20
128.442537352
 30
0.000000000
 10
53.500000000
 20
128.453265968
 30
0.000000000
 10
53.500000000
 20
128.463994583
 30
0.000000000
 10
53.500000000
 20
128.474723199
 30
0.000000000
 10
53.500000000
 20
128.482484345
 30
0.000000000
 10
53.500000000
 20
128.490245490
 30
0.000000000
 10
53.500000000
 20
128.498006635
 30
0.000000000
 10
53.500000000
 20
128.502702710
 30
0.000000000
 10
53.500000000
 20
128.507398784
 30
0.000000000
 10
53.500000000
 20
128.512094859
 30
0.000000000
 10
53.500000000
 20
128.513666806
 30
0.000000000
 10
53.500000000
 20
128.515238754
 30
0.000000000
 10
53.500000000
 20
128.516810701
 30
0.000000000
  0
SPLINE
  5
B6B
330
A02
100
AcDbEntity
  8
SectionView
100
AcDbSpline
210
0
220
0
230
1
 70
8
 71
1
 72
17
 73
15
 74
0
 40
1.570796327
 40
1.570796327
 40
1.795195802
 40
2.019595277
 40
2.243994753
 40
2.468394228
 40
2.692793703
 40
2.917193178
 40
3.141592654
 40
3.365992129
 40
3.590391604
 40
3.814791079
 40
4.039190555
 40
4.263590030
 40
4.487989505
 40
4.712388980
 40
4.712388980
 10
53.500000000
 20
128.516810701
 30
0.000000000
 10
53.500000000
 20
128.498006635
 30
0.000000000
 10
53.500000000
 20
128.442537352
 30
0.000000000
 10
53.500000000
 20
128.353184313
 30
0.000000000
 10
53.500000000
 20
128.234428053
 30
0.000000000
 10
53.500000000
 20
128.092223506
 30
0.000000000
 10
53.500000000
 20
127.933701402
 30
0.000000000
 10
53.500000000
 20
127.766810701
 30
0.000000000
 10
53.500000000
 20
127.599920001
 30
0.000000000
 10
53.500000000
 20
127.441397897
 30
0.000000000
 10
53.500000000
 20
127.299193350
 30
0.000000000
 10
53.500000000
 20
127.180437089
 30
0.000000000
 10
53.500000000
 20
127.091084050
 30
0.000000000
 10
53.500000000
 20
127.035614767
 30
0.000000000
 10
53.500000000
 20
127.016810701
 30
0.000000000
  0
SPLINE
  5
B6C
330
A02
100
AcDbEntity
  8
SectionView
100
AcDbSpline
210
0
220
0
230
1
 70
8
 71
3
 72
26
 73
22
 74
0
 40
4.712388980
 40
4.712388980
 40
4.712388980
 40
4.712388980
 40
4.824588718
 40
4.824588718
 40
4.824588718
 40
4.936788456
 40
4.936788456
 40
4.936788456
 40
5.048988193
 40
5.048988193
 40
5.048988193
 40
5.161187931
 40
5.161187931
 40
5.161187931
 40
5.385587406
 40
5.385587406
 40
5.385587406
 40
5.497787144
 40
5.497787144
 40
5.497787144
 40
6.283185307
 40
6.283185307
 40
6.283185307
 40
6.283185307
 10
53.500000000
 20
127.016810701
 30
0.000000000
 10
53.500000000
 20
127.018382649
 30
0.000000000
 10
53.500000000
 20
127.019954596
 30
0.000000000
 10
53.500000000
 20
127.021526544
 30
0.000000000
 10
53.500000000
 20
127.026222618
 30
0.000000000
 10
53.500000000
 20
127.030918693
 30
0.000000000
 10
53.500000000
 20
127.035614767
 30
0.000000000
 10
53.500000000
 20
127.043375913
 30
0.000000000
 10
53.500000000
 20
127.051137058
 30
0.000000000
 10
53.500000000
 20
127.058898204
 30
0.000000000
 10
53.500000000
 20
127.069626819
 30
0.000000000
 10
53.500000000
 20
127.080355435
 30
0.000000000
 10
53.500000000
 20
127.091084050
 30
0.000000000
 10
53.500000000
 20
127.116713428
 30
0.000000000
 10
53.500000000
 20
127.146497775
 30
0.000000000
 10
53.500000000
 20
127.180437089
 30
0.000000000
 10
53.500000000
 20
127.199118265
 30
0.000000000
 10
53.500000000
 20
127.217799440
 30
0.000000000
 10
53.500000000
 20
127.236480615
 30
0.000000000
 10
53.500000000
 20
127.376104200
 30
0.000000000
 10
53.500000000
 20
127.570003457
 30
0.000000000
 10
53.500000000
 20
127.766810701
 30
0.000000000
  0
SPLINE
  5
B6D
330
A02
100
AcDbEntity
  8
SectionView
100
AcDbSpline
210
0
220
0
230
1
 70
8
 71
3
 72
26
 73
22
 74
0
 40
0.000000000
 40
0.000000000
 40
0.000000000
 40
0.000000000
 40
0.785398163
 40
0.785398163
 40
0.785398163
 40
1.009797639
 40
1.009797639
 40
1.009797639
 40
1.121997376
 40
1.121997376
 40
1.121997376
 40
1.234197114
 40
1.234197114
 40
1.234197114
 40
1.346396852
 40
1.346396852
 40
1.346396852
 40
1.458596589
 40
1.458596589
 40
1.458596589
 40
1.570796327
 40
1.570796327
 40
1.570796327
 40
1.570796327
 10
53.500000000
 20
129.016810701
 30
0.000000000
 10
53.500000000
 20
129.213617946
 30
0.000000000
 10
53.500000000
 20
129.407517203
 30
0.000000000
 10
53.500000000
 20
129.547140787
 30
0.000000000
 10
53.500000000
 20
129.585881674
 30
0.000000000
 10
53.500000000
 20
129.620786029
 30
0.000000000
 10
53.500000000
 20
129.651853851
 30
0.000000000
 10
53.500000000
 20
129.665415018
 30
0.000000000
 10
53.500000000
 20
129.678976185
 30
0.000000000
 10
53.500000000
 20
129.692537352
 30
0.000000000
 10
53.500000000
 20
129.703265968
 30
0.000000000
 10
53.500000000
 20
129.713994583
 30
0.000000000
 10
53.500000000
 20
129.724723199
 30
0.000000000
 10
53.500000000
 20
129.732484345
 30
0.000000000
 10
53.500000000
 20
129.740245490
 30
0.000000000
 10
53.500000000
 20
129.748006635
 30
0.000000000
 10
53.500000000
 20
129.752702710
 30
0.000000000
 10
53.500000000
 20
129.757398784
 30
0.000000000
 10
53.500000000
 20
129.762094859
 30
0.000000000
 10
53.500000000
 20
129.763666806
 30
0.000000000
 10
53.500000000
 20
129.765238754
 30
0.000000000
 10
53.500000000
 20
129.766810701
 30
0.000000000
  0
SPLINE
  5
B6E
330
A02
100
AcDbEntity
  8
SectionView
100
AcDbSpline
210
0
220
0
230
1
 70
8
 71
1
 72
17
 73
15
 74
0
 40
1.570796327
 40
1.570796327
 40
1.795195802
 40
2.019595277
 40
2.243994753
 40
2.468394228
 40
2.692793703
 40
2.917193178
 40
3.141592654
 40
3.365992129
 40
3.590391604
 40
3.814791079
 40
4.039190555
 40
4.263590030
 40
4.487989505
 40
4.712388980
 40
4.712388980
 10
53.500000000
 20
129.766810701
 30
0.000000000
 10
53.500000000
 20
129.748006635
 30
0.000000000
 10
53.500000000
 20
129.692537352
 30
0.000000000
 10
53.500000000
 20
129.603184313
 30
0.000000000
 10
53.500000000
 20
129.484428053
 30
0.000000000
 10
53.500000000
 20
129.342223506
 30
0.000000000
 10
53.500000000
 20
129.183701402
 30
0.000000000
 10
53.500000000
 20
129.016810701
 30
0.000000000
 10
53.500000000
 20
128.849920001
 30
0.000000000
 10
53.500000000
 20
128.691397897
 30
0.000000000
 10
53.500000000
 20
128.549193350
 30
0.000000000
 10
53.500000000
 20
128.430437089
 30
0.000000000
 10
53.500000000
 20
128.341084050
 30
0.000000000
 10
53.500000000
 20
128.285614767
 30
0.000000000
 10
53.500000000
 20
128.266810701
 30
0.000000000
  0
SPLINE
  5
B6F
330
A02
100
AcDbEntity
  8
SectionView
100
AcDbSpline
210
0
220
0
230
1
 70
8
 71
3
 72
26
 73
22
 74
0
 40
4.712388980
 40
4.712388980
 40
4.712388980
 40
4.712388980
 40
4.824588718
 40
4.824588718
 40
4.824588718
 40
4.936788456
 40
4.936788456
 40
4.936788456
 40
5.048988193
 40
5.048988193
 40
5.048988193
 40
5.161187931
 40
5.161187931
 40
5.161187931
 40
5.385587406
 40
5.385587406
 40
5.385587406
 40
5.497787144
 40
5.497787144
 40
5.497787144
 40
6.283185307
 40
6.283185307
 40
6.283185307
 40
6.283185307
 10
53.500000000
 20
128.266810701
 30
0.000000000
 10
53.500000000
 20
128.268382649
 30
0.000000000
 10
53.500000000
 20
128.269954596
 30
0.000000000
 10
53.500000000
 20
128.271526544
 30
0.000000000
 10
53.500000000
 20
128.276222618
 30
0.000000000
 10
53.500000000
 20
128.280918693
 30
0.000000000
 10
53.500000000
 20
128.285614767
 30
0.000000000
 10
53.500000000
 20
128.293375913
 30
0.000000000
 10
53.500000000
 20
128.301137058
 30
0.000000000
 10
53.500000000
 20
128.308898204
 30
0.000000000
 10
53.500000000
 20
128.319626819
 30
0.000000000
 10
53.500000000
 20
128.330355435
 30
0.000000000
 10
53.500000000
 20
128.341084050
 30
0.000000000
 10
53.500000000
 20
128.366713428
 30
0.000000000
 10
53.500000000
 20
128.396497775
 30
0.000000000
 10
53.500000000
 20
128.430437089
 30
0.000000000
 10
53.500000000
 20
128.449118265
 30
0.000000000
 10
53.500000000
 20
128.467799440
 30
0.000000000
 10
53.500000000
 20
128.486480615
 30
0.000000000
 10
53.500000000
 20
128.626104200
 30
0.000000000
 10
53.500000000
 20
128.820003457
 30
0.000000000
 10
53.500000000
 20
129.016810701
 30
0.000000000
  0
SPLINE
  5
B70
330
A02
100
AcDbEntity
  8
SectionView
100
AcDbSpline
210
0
220
0
230
1
 70
8
 71
3
 72
26
 73
22
 74
0
 40
0.000000000
 40
0.000000000
 40
0.000000000
 40
0.000000000
 40
0.785398163
 40
0.785398163
 40
0.785398163
 40
1.009797639
 40
1.009797639
 40
1.009797639
 40
1.121997376
 40
1.121997376
 40
1.121997376
 40
1.234197114
 40
1.234197114
 40
1.234197114
 40
1.346396852
 40
1.346396852
 40
1.346396852
 40
1.458596589
 40
1.458596589
 40
1.458596589
 40
1.570796327
 40
1.570796327
 40
1.570796327
 40
1.570796327
 10
53.500000000
 20
130.266810701
 30
0.000000000
 10
53.500000000
 20
130.463617945
 30
0.000000000
 10
53.500000000
 20
130.657517203
 30
0.000000000
 10
53.500000000
 20
130.797140787
 30
0.000000000
 10
53.500000000
 20
130.835881674
 30
0.000000000
 10
53.500000000
 20
130.870786029
 30
0.000000000
 10
53.500000000
 20
130.901853851
 30
0.000000000
 10
53.500000000
 20
130.915415018
 30
0.000000000
 10
53.500000000
 20
130.928976185
 30
0.000000000
 10
53.500000000
 20
130.942537352
 30
0.000000000
 10
53.500000000
 20
130.953265968
 30
0.000000000
 10
53.500000000
 20
130.963994583
 30
0.000000000
 10
53.500000000
 20
130.974723199
 30
0.000000000
 10
53.500000000
 20
130.982484344
 30
0.000000000
 10
53.500000000
 20
130.990245490
 30
0.000000000
 10
53.500000000
 20
130.998006635
 30
0.000000000
 10
53.500000000
 20
131.002702710
 30
0.000000000
 10
53.500000000
 20
131.007398784
 30
0.000000000
 10
53.500000000
 20
131.012094859
 30
0.000000000
 10
53.500000000
 20
131.013666806
 30
0.000000000
 10
53.500000000
 20
131.015238754
 30
0.000000000
 10
53.500000000
 20
131.016810701
 30
0.000000000
  0
SPLINE
  5
B71
330
A02
100
AcDbEntity
  8
SectionView
100
AcDbSpline
210
0
220
0
230
1
 70
8
 71
1
 72
17
 73
15
 74
0
 40
1.570796327
 40
1.570796327
 40
1.795195802
 40
2.019595277
 40
2.243994753
 40
2.468394228
 40
2.692793703
 40
2.917193178
 40
3.141592654
 40
3.365992129
 40
3.590391604
 40
3.814791079
 40
4.039190555
 40
4.263590030
 40
4.487989505
 40
4.712388980
 40
4.712388980
 10
53.500000000
 20
131.016810701
 30
0.000000000
 10
53.500000000
 20
130.998006635
 30
0.000000000
 10
53.500000000
 20
130.942537352
 30
0.000000000
 10
53.500000000
 20
130.853184313
 30
0.000000000
 10
53.500000000
 20
130.734428053
 30
0.000000000
 10
53.500000000
 20
130.592223506
 30
0.000000000
 10
53.500000000
 20
130.433701402
 30
0.000000000
 10
53.500000000
 20
130.266810701
 30
0.000000000
 10
53.500000000
 20
130.099920001
 30
0.000000000
 10
53.500000000
 20
129.941397897
 30
0.000000000
 10
53.500000000
 20
129.799193350
 30
0.000000000
 10
53.500000000
 20
129.680437089
 30
0.000000000
 10
53.500000000
 20
129.591084050
 30
0.000000000
 10
53.500000000
 20
129.535614767
 30
0.000000000
 10
53.500000000
 20
129.516810701
 30
0.000000000
  0
SPLINE
  5
B72
330
A02
100
AcDbEntity
  8
SectionView
100
AcDbSpline
210
0
220
0
230
1
 70
8
 71
3
 72
26
 73
22
 74
0
 40
4.712388980
 40
4.712388980
 40
4.712388980
 40
4.712388980
 40
4.824588718
 40
4.824588718
 40
4.824588718
 40
4.936788456
 40
4.936788456
 40
4.936788456
 40
5.048988193
 40
5.048988193
 40
5.048988193
 40
5.161187931
 40
5.161187931
 40
5.161187931
 40
5.385587406
 40
5.385587406
 40
5.385587406
 40
5.497787144
 40
5.497787144
 40
5.497787144
 40
6.283185307
 40
6.283185307
 40
6.283185307
 40
6.283185307
 10
53.500000000
 20
129.516810701
 30
0.000000000
 10
53.500000000
 20
129.518382649
 30
0.000000000
 10
53.500000000
 20
129.519954596
 30
0.000000000
 10
53.500000000
 20
129.521526544
 30
0.000000000
 10
53.500000000
 20
129.526222618
 30
0.000000000
 10
53.500000000
 20
129.530918693
 30
0.000000000
 10
53.500000000
 20
129.535614767
 30
0.000000000
 10
53.500000000
 20
129.543375913
 30
0.000000000
 10
53.500000000
 20
129.551137058
 30
0.000000000
 10
53.500000000
 20
129.558898204
 30
0.000000000
 10
53.500000000
 20
129.569626819
 30
0.000000000
 10
53.500000000
 20
129.580355435
 30
0.000000000
 10
53.500000000
 20
129.591084050
 30
0.000000000
 10
53.500000000
 20
129.616713428
 30
0.000000000
 10
53.500000000
 20
129.646497775
 30
0.000000000
 10
53.500000000
 20
129.680437089
 30
0.000000000
 10
53.500000000
 20
129.699118265
 30
0.000000000
 10
53.500000000
 20
129.717799440
 30
0.000000000
 10
53.500000000
 20
129.736480615
 30
0.000000000
 10
53.500000000
 20
129.876104199
 30
0.000000000
 10
53.500000000
 20
130.070003457
 30
0.000000000
 10
53.500000000
 20
130.266810701
 30
0.000000000
  0
SPLINE
  5
B73
330
A02
100
AcDbEntity
  8
SectionView
100
AcDbSpline
210
0
220
0
230
1
 70
8
 71
3
 72
26
 73
22
 74
0
 40
0.000000000
 40
0.000000000
 40
0.000000000
 40
0.000000000
 40
0.785398163
 40
0.785398163
 40
0.785398163
 40
1.009797639
 40
1.009797639
 40
1.009797639
 40
1.121997376
 40
1.121997376
 40
1.121997376
 40
1.234197114
 40
1.234197114
 40
1.234197114
 40
1.346396852
 40
1.346396852
 40
1.346396852
 40
1.458596589
 40
1.458596589
 40
1.458596589
 40
1.570796327
 40
1.570796327
 40
1.570796327
 40
1.570796327
 10
53.500000000
 20
129.016810701
 30
0.000000000
 10
53.500000000
 20
129.213617946
 30
0.000000000
 10
53.500000000
 20
129.407517203
 30
0.000000000
 10
53.500000000
 20
129.547140787
 30
0.000000000
 10
53.500000000
 20
129.585881674
 30
0.000000000
 10
53.500000000
 20
129.620786029
 30
0.000000000
 10
53.500000000
 20
129.651853851
 30
0.000000000
 10
53.500000000
 20
129.665415018
 30
0.000000000
 10
53.500000000
 20
129.678976185
 30
0.000000000
 10
53.500000000
 20
129.692537352
 30
0.000000000
 10
53.500000000
 20
129.703265968
 30
0.000000000
 10
53.500000000
 20
129.713994583
 30
0.000000000
 10
53.500000000
 20
129.724723199
 30
0.000000000
 10
53.500000000
 20
129.732484345
 30
0.000000000
 10
53.500000000
 20
129.740245490
 30
0.000000000
 10
53.500000000
 20
129.748006636
 30
0.000000000
 10
53.500000000
 20
129.752702710
 30
0.000000000
 10
53.500000000
 20
129.757398784
 30
0.000000000
 10
53.500000000
 20
129.762094859
 30
0.000000000
 10
53.500000000
 20
129.763666806
 30
0.000000000
 10
53.500000000
 20
129.765238754
 30
0.000000000
 10
53.500000000
 20
129.766810701
 30
0.000000000
  0
SPLINE
  5
B74
330
A02
100
AcDbEntity
  8
SectionView
100
AcDbSpline
210
0
220
0
230
1
 70
8
 71
1
 72
17
 73
15
 74
0
 40
1.570796327
 40
1.570796327
 40
1.795195802
 40
2.019595277
 40
2.243994753
 40
2.468394228
 40
2.692793703
 40
2.917193178
 40
3.141592654
 40
3.365992129
 40
3.590391604
 40
3.814791079
 40
4.039190555
 40
4.263590030
 40
4.487989505
 40
4.712388980
 40
4.712388980
 10
53.500000000
 20
129.766810701
 30
0.000000000
 10
53.500000000
 20
129.748006636
 30
0.000000000
 10
53.500000000
 20
129.692537352
 30
0.000000000
 10
53.500000000
 20
129.603184313
 30
0.000000000
 10
53.500000000
 20
129.484428053
 30
0.000000000
 10
53.500000000
 20
129.342223506
 30
0.000000000
 10
53.500000000
 20
129.183701402
 30
0.000000000
 10
53.500000000
 20
129.016810701
 30
0.000000000
 10
53.500000000
 20
128.849920001
 30
0.000000000
 10
53.500000000
 20
128.691397897
 30
0.000000000
 10
53.500000000
 20
128.549193350
 30
0.000000000
 10
53.500000000
 20
128.430437090
 30
0.000000000
 10
53.500000000
 20
128.341084050
 30
0.000000000
 10
53.500000000
 20
128.285614767
 30
0.000000000
 10
53.500000000
 20
128.266810701
 30
0.000000000
  0
SPLINE
  5
B75
330
A02
100
AcDbEntity
  8
SectionView
100
AcDbSpline
210
0
220
0
230
1
 70
8
 71
3
 72
26
 73
22
 74
0
 40
4.712388980
 40
4.712388980
 40
4.712388980
 40
4.712388980
 40
4.824588718
 40
4.824588718
 40
4.824588718
 40
4.936788456
 40
4.936788456
 40
4.936788456
 40
5.048988193
 40
5.048988193
 40
5.048988193
 40
5.161187931
 40
5.161187931
 40
5.161187931
 40
5.385587406
 40
5.385587406
 40
5.385587406
 40
5.497787144
 40
5.497787144
 40
5.497787144
 40
6.283185307
 40
6.283185307
 40
6.283185307
 40
6.283185307
 10
53.500000000
 20
128.266810701
 30
0.000000000
 10
53.500000000
 20
128.268382649
 30
0.000000000
 10
53.500000000
 20
128.269954596
 30
0.000000000
 10
53.500000000
 20
128.271526544
 30
0.000000000
 10
53.500000000
 20
128.276222618
 30
0.000000000
 10
53.500000000
 20
128.280918693
 30
0.000000000
 10
53.500000000
 20
128.285614767
 30
0.000000000
 10
53.500000000
 20
128.293375913
 30
0.000000000
 10
53.500000000
 20
128.301137058
 30
0.000000000
 10
53.500000000
 20
128.308898204
 30
0.000000000
 10
53.500000000
 20
128.319626819
 30
0.000000000
 10
53.500000000
 20
128.330355435
 30
0.000000000
 10
53.500000000
 20
128.341084050
 30
0.000000000
 10
53.500000000
 20
128.366713428
 30
0.000000000
 10
53.500000000
 20
128.396497775
 30
0.000000000
 10
53.500000000
 20
128.430437090
 30
0.000000000
 10
53.500000000
 20
128.449118265
 30
0.000000000
 10
53.500000000
 20
128.467799440
 30
0.000000000
 10
53.500000000
 20
128.486480615
 30
0.000000000
 10
53.500000000
 20
128.626104200
 30
0.000000000
 10
53.500000000
 20
128.820003457
 30
0.000000000
 10
53.500000000
 20
129.016810701
 30
0.000000000
  0
SPLINE
  5
B76
330
A02
100
AcDbEntity
  8
SectionView
100
AcDbSpline
210
0
220
0
230
1
 70
8
 71
3
 72
26
 73
22
 74
0
 40
0.000000000
 40
0.000000000
 40
0.000000000
 40
0.000000000
 40
0.785398163
 40
0.785398163
 40
0.785398163
 40
1.009797639
 40
1.009797639
 40
1.009797639
 40
1.121997376
 40
1.121997376
 40
1.121997376
 40
1.234197114
 40
1.234197114
 40
1.234197114
 40
1.346396852
 40
1.346396852
 40
1.346396852
 40
1.458596589
 40
1.458596589
 40
1.458596589
 40
1.570796327
 40
1.570796327
 40
1.570796327
 40
1.570796327
 10
53.500000000
 20
131.516810701
 30
0.000000000
 10
53.500000000
 20
131.713617945
 30
0.000000000
 10
53.500000000
 20
131.907517203
 30
0.000000000
 10
53.500000000
 20
132.047140787
 30
0.000000000
 10
53.500000000
 20
132.085881674
 30
0.000000000
 10
53.500000000
 20
132.120786029
 30
0.000000000
 10
53.500000000
 20
132.151853851
 30
0.000000000
 10
53.500000000
 20
132.165415018
 30
0.000000000
 10
53.500000000
 20
132.178976185
 30
0.000000000
 10
53.500000000
 20
132.192537352
 30
0.000000000
 10
53.500000000
 20
132.203265968
 30
0.000000000
 10
53.500000000
 20
132.213994583
 30
0.000000000
 10
53.500000000
 20
132.224723199
 30
0.000000000
 10
53.500000000
 20
132.232484344
 30
0.000000000
 10
53.500000000
 20
132.240245490
 30
0.000000000
 10
53.500000000
 20
132.248006635
 30
0.000000000
 10
53.500000000
 20
132.252702710
 30
0.000000000
 10
53.500000000
 20
132.257398784
 30
0.000000000
 10
53.500000000
 20
132.262094859
 30
0.000000000
 10
53.500000000
 20
132.263666806
 30
0.000000000
 10
53.500000000
 20
132.265238754
 30
0.000000000
 10
53.500000000
 20
132.266810701
 30
0.000000000
  0
SPLINE
  5
B77
330
A02
100
AcDbEntity
  8
SectionView
100
AcDbSpline
210
0
220
0
230
1
 70
8
 71
1
 72
17
 73
15
 74
0
 40
1.570796327
 40
1.570796327
 40
1.795195802
 40
2.019595277
 40
2.243994753
 40
2.468394228
 40
2.692793703
 40
2.917193178
 40
3.141592654
 40
3.365992129
 40
3.590391604
 40
3.814791079
 40
4.039190555
 40
4.263590030
 40
4.487989505
 40
4.712388980
 40
4.712388980
 10
53.500000000
 20
132.266810701
 30
0.000000000
 10
53.500000000
 20
132.248006635
 30
0.000000000
 10
53.500000000
 20
132.192537352
 30
0.000000000
 10
53.500000000
 20
132.103184313
 30
0.000000000
 10
53.500000000
 20
131.984428053
 30
0.000000000
 10
53.500000000
 20
131.842223506
 30
0.000000000
 10
53.500000000
 20
131.683701402
 30
0.000000000
 10
53.500000000
 20
131.516810701
 30
0.000000000
 10
53.500000000
 20
131.349920001
 30
0.000000000
 10
53.500000000
 20
131.191397897
 30
0.000000000
 10
53.500000000
 20
131.049193350
 30
0.000000000
 10
53.500000000
 20
130.930437089
 30
0.000000000
 10
53.500000000
 20
130.841084050
 30
0.000000000
 10
53.500000000
 20
130.785614767
 30
0.000000000
 10
53.500000000
 20
130.766810701
 30
0.000000000
  0
SPLINE
  5
B78
330
A02
100
AcDbEntity
  8
SectionView
100
AcDbSpline
210
0
220
0
230
1
 70
8
 71
3
 72
26
 73
22
 74
0
 40
4.712388980
 40
4.712388980
 40
4.712388980
 40
4.712388980
 40
4.824588718
 40
4.824588718
 40
4.824588718
 40
4.936788456
 40
4.936788456
 40
4.936788456
 40
5.048988193
 40
5.048988193
 40
5.048988193
 40
5.161187931
 40
5.161187931
 40
5.161187931
 40
5.385587406
 40
5.385587406
 40
5.385587406
 40
5.497787144
 40
5.497787144
 40
5.497787144
 40
6.283185307
 40
6.283185307
 40
6.283185307
 40
6.283185307
 10
53.500000000
 20
130.766810701
 30
0.000000000
 10
53.500000000
 20
130.768382649
 30
0.000000000
 10
53.500000000
 20
130.769954596
 30
0.000000000
 10
53.500000000
 20
130.771526544
 30
0.000000000
 10
53.500000000
 20
130.776222618
 30
0.000000000
 10
53.500000000
 20
130.780918693
 30
0.000000000
 10
53.500000000
 20
130.785614767
 30
0.000000000
 10
53.500000000
 20
130.793375913
 30
0.000000000
 10
53.500000000
 20
130.801137058
 30
0.000000000
 10
53.500000000
 20
130.808898204
 30
0.000000000
 10
53.500000000
 20
130.819626819
 30
0.000000000
 10
53.500000000
 20
130.830355435
 30
0.000000000
 10
53.500000000
 20
130.841084050
 30
0.000000000
 10
53.500000000
 20
130.866713428
 30
0.000000000
 10
53.500000000
 20
130.896497775
 30
0.000000000
 10
53.500000000
 20
130.930437089
 30
0.000000000
 10
53.500000000
 20
130.949118265
 30
0.000000000
 10
53.500000000
 20
130.967799440
 30
0.000000000
 10
53.500000000
 20
130.986480615
 30
0.000000000
 10
53.500000000
 20
131.126104199
 30
0.000000000
 10
53.500000000
 20
131.320003457
 30
0.000000000
 10
53.500000000
 20
131.516810701
 30
0.000000000
  0
SPLINE
  5
B79
330
A02
100
AcDbEntity
  8
SectionView
100
AcDbSpline
210
0
220
0
230
1
 70
8
 71
3
 72
26
 73
22
 74
0
 40
0.000000000
 40
0.000000000
 40
0.000000000
 40
0.000000000
 40
0.785398163
 40
0.785398163
 40
0.785398163
 40
1.009797639
 40
1.009797639
 40
1.009797639
 40
1.121997376
 40
1.121997376
 40
1.121997376
 40
1.234197114
 40
1.234197114
 40
1.234197114
 40
1.346396852
 40
1.346396852
 40
1.346396852
 40
1.458596589
 40
1.458596589
 40
1.458596589
 40
1.570796327
 40
1.570796327
 40
1.570796327
 40
1.570796327
 10
53.500000000
 20
132.766810701
 30
0.000000000
 10
53.500000000
 20
132.963617945
 30
0.000000000
 10
53.500000000
 20
133.157517203
 30
0.000000000
 10
53.500000000
 20
133.297140787
 30
0.000000000
 10
53.500000000
 20
133.335881674
 30
0.000000000
 10
53.500000000
 20
133.370786029
 30
0.000000000
 10
53.500000000
 20
133.401853851
 30
0.000000000
 10
53.500000000
 20
133.415415018
 30
0.000000000
 10
53.500000000
 20
133.428976185
 30
0.000000000
 10
53.500000000
 20
133.442537352
 30
0.000000000
 10
53.500000000
 20
133.453265968
 30
0.000000000
 10
53.500000000
 20
133.463994583
 30
0.000000000
 10
53.500000000
 20
133.474723199
 30
0.000000000
 10
53.500000000
 20
133.482484344
 30
0.000000000
 10
53.500000000
 20
133.490245490
 30
0.000000000
 10
53.500000000
 20
133.498006635
 30
0.000000000
 10
53.500000000
 20
133.502702710
 30
0.000000000
 10
53.500000000
 20
133.507398784
 30
0.000000000
 10
53.500000000
 20
133.512094859
 30
0.000000000
 10
53.500000000
 20
133.513666806
 30
0.000000000
 10
53.500000000
 20
133.515238754
 30
0.000000000
 10
53.500000000
 20
133.516810701
 30
0.000000000
  0
SPLINE
  5
B7A
330
A02
100
AcDbEntity
  8
SectionView
100
AcDbSpline
210
0
220
0
230
1
 70
8
 71
1
 72
17
 73
15
 74
0
 40
1.570796327
 40
1.570796327
 40
1.795195802
 40
2.019595277
 40
2.243994753
 40
2.468394228
 40
2.692793703
 40
2.917193178
 40
3.141592654
 40
3.365992129
 40
3.590391604
 40
3.814791079
 40
4.039190555
 40
4.263590030
 40
4.487989505
 40
4.712388980
 40
4.712388980
 10
53.500000000
 20
133.516810701
 30
0.000000000
 10
53.500000000
 20
133.498006635
 30
0.000000000
 10
53.500000000
 20
133.442537352
 30
0.000000000
 10
53.500000000
 20
133.353184313
 30
0.000000000
 10
53.500000000
 20
133.234428053
 30
0.000000000
 10
53.500000000
 20
133.092223506
 30
0.000000000
 10
53.500000000
 20
132.933701402
 30
0.000000000
 10
53.500000000
 20
132.766810701
 30
0.000000000
 10
53.500000000
 20
132.599920001
 30
0.000000000
 10
53.500000000
 20
132.441397897
 30
0.000000000
 10
53.500000000
 20
132.299193350
 30
0.000000000
 10
53.500000000
 20
132.180437089
 30
0.000000000
 10
53.500000000
 20
132.091084050
 30
0.000000000
 10
53.500000000
 20
132.035614767
 30
0.000000000
 10
53.500000000
 20
132.016810701
 30
0.000000000
  0
SPLINE
  5
B7B
330
A02
100
AcDbEntity
  8
SectionView
100
AcDbSpline
210
0
220
0
230
1
 70
8
 71
3
 72
26
 73
22
 74
0
 40
4.712388980
 40
4.712388980
 40
4.712388980
 40
4.712388980
 40
4.824588718
 40
4.824588718
 40
4.824588718
 40
4.936788456
 40
4.936788456
 40
4.936788456
 40
5.048988193
 40
5.048988193
 40
5.048988193
 40
5.161187931
 40
5.161187931
 40
5.161187931
 40
5.385587406
 40
5.385587406
 40
5.385587406
 40
5.497787144
 40
5.497787144
 40
5.497787144
 40
6.283185307
 40
6.283185307
 40
6.283185307
 40
6.283185307
 10
53.500000000
 20
132.016810701
 30
0.000000000
 10
53.500000000
 20
132.018382649
 30
0.000000000
 10
53.500000000
 20
132.019954596
 30
0.000000000
 10
53.500000000
 20
132.021526544
 30
0.000000000
 10
53.500000000
 20
132.026222618
 30
0.000000000
 10
53.500000000
 20
132.030918693
 30
0.000000000
 10
53.500000000
 20
132.035614767
 30
0.000000000
 10
53.500000000
 20
132.043375913
 30
0.000000000
 10
53.500000000
 20
132.051137058
 30
0.000000000
 10
53.500000000
 20
132.058898204
 30
0.000000000
 10
53.500000000
 20
132.069626819
 30
0.000000000
 10
53.500000000
 20
132.080355435
 30
0.000000000
 10
53.500000000
 20
132.091084050
 30
0.000000000
 10
53.500000000
 20
132.116713428
 30
0.000000000
 10
53.500000000
 20
132.146497775
 30
0.000000000
 10
53.500000000
 20
132.180437089
 30
0.000000000
 10
53.500000000
 20
132.199118265
 30
0.000000000
 10
53.500000000
 20
132.217799440
 30
0.000000000
 10
53.500000000
 20
132.236480615
 30
0.000000000
 10
53.500000000
 20
132.376104199
 30
0.000000000
 10
53.500000000
 20
132.570003457
 30
0.000000000
 10
53.500000000
 20
132.766810701
 30
0.000000000
  0
SPLINE
  5
B7C
330
A02
100
AcDbEntity
  8
SectionView
100
AcDbSpline
210
0
220
0
230
1
 70
8
 71
3
 72
26
 73
22
 74
0
 40
0.000000000
 40
0.000000000
 40
0.000000000
 40
0.000000000
 40
0.785398163
 40
0.785398163
 40
0.785398163
 40
1.009797639
 40
1.009797639
 40
1.009797639
 40
1.121997376
 40
1.121997376
 40
1.121997376
 40
1.234197114
 40
1.234197114
 40
1.234197114
 40
1.346396852
 40
1.346396852
 40
1.346396852
 40
1.458596589
 40
1.458596589
 40
1.458596589
 40
1.570796327
 40
1.570796327
 40
1.570796327
 40
1.570796327
 10
53.500000000
 20
131.516810701
 30
0.000000000
 10
53.500000000
 20
131.713617945
 30
0.000000000
 10
53.500000000
 20
131.907517203
 30
0.000000000
 10
53.500000000
 20
132.047140787
 30
0.000000000
 10
53.500000000
 20
132.085881674
 30
0.000000000
 10
53.500000000
 20
132.120786029
 30
0.000000000
 10
53.500000000
 20
132.151853851
 30
0.000000000
 10
53.500000000
 20
132.165415018
 30
0.000000000
 10
53.500000000
 20
132.178976185
 30
0.000000000
 10
53.500000000
 20
132.192537352
 30
0.000000000
 10
53.500000000
 20
132.203265968
 30
0.000000000
 10
53.500000000
 20
132.213994583
 30
0.000000000
 10
53.500000000
 20
132.224723199
 30
0.000000000
 10
53.500000000
 20
132.232484344
 30
0.000000000
 10
53.500000000
 20
132.240245490
 30
0.000000000
 10
53.500000000
 20
132.248006635
 30
0.000000000
 10
53.500000000
 20
132.252702710
 30
0.000000000
 10
53.500000000
 20
132.257398784
 30
0.000000000
 10
53.500000000
 20
132.262094859
 30
0.000000000
 10
53.500000000
 20
132.263666806
 30
0.000000000
 10
53.500000000
 20
132.265238754
 30
0.000000000
 10
53.500000000
 20
132.266810701
 30
0.000000000
  0
SPLINE
  5
B7D
330
A02
100
AcDbEntity
  8
SectionView
100
AcDbSpline
210
0
220
0
230
1
 70
8
 71
1
 72
17
 73
15
 74
0
 40
1.570796327
 40
1.570796327
 40
1.795195802
 40
2.019595277
 40
2.243994753
 40
2.468394228
 40
2.692793703
 40
2.917193178
 40
3.141592654
 40
3.365992129
 40
3.590391604
 40
3.814791079
 40
4.039190555
 40
4.263590030
 40
4.487989505
 40
4.712388980
 40
4.712388980
 10
53.500000000
 20
132.266810701
 30
0.000000000
 10
53.500000000
 20
132.248006635
 30
0.000000000
 10
53.500000000
 20
132.192537352
 30
0.000000000
 10
53.500000000
 20
132.103184313
 30
0.000000000
 10
53.500000000
 20
131.984428053
 30
0.000000000
 10
53.500000000
 20
131.842223506
 30
0.000000000
 10
53.500000000
 20
131.683701402
 30
0.000000000
 10
53.500000000
 20
131.516810701
 30
0.000000000
 10
53.500000000
 20
131.349920001
 30
0.000000000
 10
53.500000000
 20
131.191397897
 30
0.000000000
 10
53.500000000
 20
131.049193350
 30
0.000000000
 10
53.500000000
 20
130.930437089
 30
0.000000000
 10
53.500000000
 20
130.841084050
 30
0.000000000
 10
53.500000000
 20
130.785614767
 30
0.000000000
 10
53.500000000
 20
130.766810701
 30
0.000000000
  0
SPLINE
  5
B7E
330
A02
100
AcDbEntity
  8
SectionView
100
AcDbSpline
210
0
220
0
230
1
 70
8
 71
3
 72
26
 73
22
 74
0
 40
4.712388980
 40
4.712388980
 40
4.712388980
 40
4.712388980
 40
4.824588718
 40
4.824588718
 40
4.824588718
 40
4.936788456
 40
4.936788456
 40
4.936788456
 40
5.048988193
 40
5.048988193
 40
5.048988193
 40
5.161187931
 40
5.161187931
 40
5.161187931
 40
5.385587406
 40
5.385587406
 40
5.385587406
 40
5.497787144
 40
5.497787144
 40
5.497787144
 40
6.283185307
 40
6.283185307
 40
6.283185307
 40
6.283185307
 10
53.500000000
 20
130.766810701
 30
0.000000000
 10
53.500000000
 20
130.768382649
 30
0.000000000
 10
53.500000000
 20
130.769954596
 30
0.000000000
 10
53.500000000
 20
130.771526544
 30
0.000000000
 10
53.500000000
 20
130.776222618
 30
0.000000000
 10
53.500000000
 20
130.780918693
 30
0.000000000
 10
53.500000000
 20
130.785614767
 30
0.000000000
 10
53.500000000
 20
130.793375913
 30
0.000000000
 10
53.500000000
 20
130.801137058
 30
0.000000000
 10
53.500000000
 20
130.808898203
 30
0.000000000
 10
53.500000000
 20
130.819626819
 30
0.000000000
 10
53.500000000
 20
130.830355435
 30
0.000000000
 10
53.500000000
 20
130.841084050
 30
0.000000000
 10
53.500000000
 20
130.866713428
 30
0.000000000
 10
53.500000000
 20
130.896497775
 30
0.000000000
 10
53.500000000
 20
130.930437089
 30
0.000000000
 10
53.500000000
 20
130.949118265
 30
0.000000000
 10
53.500000000
 20
130.967799440
 30
0.000000000
 10
53.500000000
 20
130.986480615
 30
0.000000000
 10
53.500000000
 20
131.126104199
 30
0.000000000
 10
53.500000000
 20
131.320003457
 30
0.000000000
 10
53.500000000
 20
131.516810701
 30
0.000000000
  0
SPLINE
  5
B7F
330
A02
100
AcDbEntity
  8
SectionView
100
AcDbSpline
210
0
220
0
230
1
 70
8
 71
2
 72
30
 73
27
 74
0
 40
0.000000000
 40
0.000000000
 40
0.000000000
 40
0.224399475
 40
0.224399475
 40
0.336599213
 40
0.336599213
 40
0.448798951
 40
0.448798951
 40
0.560998688
 40
0.560998688
 40
0.673198426
 40
0.673198426
 40
0.785398163
 40
0.785398163
 40
0.897597901
 40
0.897597901
 40
1.009797639
 40
1.009797639
 40
1.121997376
 40
1.121997376
 40
1.234197114
 40
1.234197114
 40
1.346396852
 40
1.346396852
 40
1.458596589
 40
1.458596589
 40
1.570796327
 40
1.570796327
 40
1.570796327
 10
53.500000000
 20
141.966810701
 30
0.000000000
 10
53.500000000
 20
142.264562875
 30
0.000000000
 10
53.500000000
 20
142.556491176
 30
0.000000000
 10
53.500000000
 20
142.699270696
 30
0.000000000
 10
53.500000000
 20
142.842050215
 30
0.000000000
 10
53.500000000
 20
142.979326413
 30
0.000000000
 10
53.500000000
 20
143.116602610
 30
0.000000000
 10
53.500000000
 20
143.246649157
 30
0.000000000
 10
53.500000000
 20
143.376695704
 30
0.000000000
 10
53.500000000
 20
143.497877190
 30
0.000000000
 10
53.500000000
 20
143.619058676
 30
0.000000000
 10
53.500000000
 20
143.729851174
 30
0.000000000
 10
53.500000000
 20
143.840643671
 30
0.000000000
 10
53.500000000
 20
143.939653901
 30
0.000000000
 10
53.500000000
 20
144.038664130
 30
0.000000000
 10
53.500000000
 20
144.124646980
 30
0.000000000
 10
53.500000000
 20
144.210629829
 30
0.000000000
 10
53.500000000
 20
144.282504015
 30
0.000000000
 10
53.500000000
 20
144.354378201
 30
0.000000000
 10
53.500000000
 20
144.411239864
 30
0.000000000
 10
53.500000000
 20
144.468101527
 30
0.000000000
 10
53.500000000
 20
144.509235598
 30
0.000000000
 10
53.500000000
 20
144.550369669
 30
0.000000000
 10
53.500000000
 20
144.575258863
 30
0.000000000
 10
53.500000000
 20
144.600148057
 30
0.000000000
 10
53.500000000
 20
144.608479379
 30
0.000000000
 10
53.500000000
 20
144.616810701
 30
0.000000000
  0
SPLINE
  5
B80
330
A02
100
AcDbEntity
  8
SectionView
100
AcDbSpline
210
0
220
0
230
1
 70
8
 71
1
 72
17
 73
15
 74
0
 40
1.570796327
 40
1.570796327
 40
1.795195802
 40
2.019595277
 40
2.243994753
 40
2.468394228
 40
2.692793703
 40
2.917193178
 40
3.141592654
 40
3.365992129
 40
3.590391604
 40
3.814791079
 40
4.039190555
 40
4.263590030
 40
4.487989505
 40
4.712388980
 40
4.712388980
 10
53.500000000
 20
144.616810701
 30
0.000000000
 10
53.500000000
 20
144.550369669
 30
0.000000000
 10
53.500000000
 20
144.354378201
 30
0.000000000
 10
53.500000000
 20
144.038664130
 30
0.000000000
 10
53.500000000
 20
143.619058676
 30
0.000000000
 10
53.500000000
 20
143.116602610
 30
0.000000000
 10
53.500000000
 20
142.556491176
 30
0.000000000
 10
53.500000000
 20
141.966810701
 30
0.000000000
 10
53.500000000
 20
141.377130226
 30
0.000000000
 10
53.500000000
 20
140.817018793
 30
0.000000000
 10
53.500000000
 20
140.314562726
 30
0.000000000
 10
53.500000000
 20
139.894957273
 30
0.000000000
 10
53.500000000
 20
139.579243201
 30
0.000000000
 10
53.500000000
 20
139.383251734
 30
0.000000000
 10
53.500000000
 20
139.316810701
 30
0.000000000
  0
SPLINE
  5
B81
330
A02
100
AcDbEntity
  8
SectionView
100
AcDbSpline
210
0
220
0
230
1
 70
8
 71
2
 72
30
 73
27
 74
0
 40
4.712388980
 40
4.712388980
 40
4.712388980
 40
4.824588718
 40
4.824588718
 40
4.936788456
 40
4.936788456
 40
5.048988193
 40
5.048988193
 40
5.161187931
 40
5.161187931
 40
5.273387669
 40
5.273387669
 40
5.385587406
 40
5.385587406
 40
5.497787144
 40
5.497787144
 40
5.609986881
 40
5.609986881
 40
5.722186619
 40
5.722186619
 40
5.834386357
 40
5.834386357
 40
5.946586094
 40
5.946586094
 40
6.058785832
 40
6.058785832
 40
6.283185307
 40
6.283185307
 40
6.283185307
 10
53.500000000
 20
139.316810701
 30
0.000000000
 10
53.500000000
 20
139.325142023
 30
0.000000000
 10
53.500000000
 20
139.333473345
 30
0.000000000
 10
53.500000000
 20
139.358362540
 30
0.000000000
 10
53.500000000
 20
139.383251734
 30
0.000000000
 10
53.500000000
 20
139.424385805
 30
0.000000000
 10
53.500000000
 20
139.465519876
 30
0.000000000
 10
53.500000000
 20
139.522381539
 30
0.000000000
 10
53.500000000
 20
139.579243201
 30
0.000000000
 10
53.500000000
 20
139.651117387
 30
0.000000000
 10
53.500000000
 20
139.722991573
 30
0.000000000
 10
53.500000000
 20
139.808974423
 30
0.000000000
 10
53.500000000
 20
139.894957273
 30
0.000000000
 10
53.500000000
 20
139.993967502
 30
0.000000000
 10
53.500000000
 20
140.092977731
 30
0.000000000
 10
53.500000000
 20
140.203770229
 30
0.000000000
 10
53.500000000
 20
140.314562726
 30
0.000000000
 10
53.500000000
 20
140.435744212
 30
0.000000000
 10
53.500000000
 20
140.556925699
 30
0.000000000
 10
53.500000000
 20
140.686972246
 30
0.000000000
 10
53.500000000
 20
140.817018793
 30
0.000000000
 10
53.500000000
 20
140.954294990
 30
0.000000000
 10
53.500000000
 20
141.091571187
 30
0.000000000
 10
53.500000000
 20
141.234350707
 30
0.000000000
 10
53.500000000
 20
141.377130226
 30
0.000000000
 10
53.500000000
 20
141.669058528
 30
0.000000000
 10
53.500000000
 20
141.966810701
 30
0.000000000
  0
SPLINE
  5
B82
330
A02
100
AcDbEntity
  8
SectionView
100
AcDbSpline
210
0
220
0
230
1
 70
8
 71
2
 72
30
 73
27
 74
0
 40
0.000000000
 40
0.000000000
 40
0.000000000
 40
0.224399475
 40
0.224399475
 40
0.336599213
 40
0.336599213
 40
0.448798951
 40
0.448798951
 40
0.560998688
 40
0.560998688
 40
0.673198426
 40
0.673198426
 40
0.785398163
 40
0.785398163
 40
0.897597901
 40
0.897597901
 40
1.009797639
 40
1.009797639
 40
1.121997376
 40
1.121997376
 40
1.234197114
 40
1.234197114
 40
1.346396852
 40
1.346396852
 40
1.458596589
 40
1.458596589
 40
1.570796327
 40
1.570796327
 40
1.570796327
 10
53.500000000
 20
149.966810701
 30
0.000000000
 10
53.500000000
 20
150.264562875
 30
0.000000000
 10
53.500000000
 20
150.556491176
 30
0.000000000
 10
53.500000000
 20
150.699270696
 30
0.000000000
 10
53.500000000
 20
150.842050215
 30
0.000000000
 10
53.500000000
 20
150.979326413
 30
0.000000000
 10
53.500000000
 20
151.116602610
 30
0.000000000
 10
53.500000000
 20
151.246649157
 30
0.000000000
 10
53.500000000
 20
151.376695704
 30
0.000000000
 10
53.500000000
 20
151.497877190
 30
0.000000000
 10
53.500000000
 20
151.619058676
 30
0.000000000
 10
53.500000000
 20
151.729851174
 30
0.000000000
 10
53.500000000
 20
151.840643671
 30
0.000000000
 10
53.500000000
 20
151.939653901
 30
0.000000000
 10
53.500000000
 20
152.038664130
 30
0.000000000
 10
53.500000000
 20
152.124646980
 30
0.000000000
 10
53.500000000
 20
152.210629829
 30
0.000000000
 10
53.500000000
 20
152.282504015
 30
0.000000000
 10
53.500000000
 20
152.354378201
 30
0.000000000
 10
53.500000000
 20
152.411239864
 30
0.000000000
 10
53.500000000
 20
152.468101527
 30
0.000000000
 10
53.500000000
 20
152.509235598
 30
0.000000000
 10
53.500000000
 20
152.550369669
 30
0.000000000
 10
53.500000000
 20
152.575258863
 30
0.000000000
 10
53.500000000
 20
152.600148057
 30
0.000000000
 10
53.500000000
 20
152.608479379
 30
0.000000000
 10
53.500000000
 20
152.616810701
 30
0.000000000
  0
SPLINE
  5
B83
330
A02
100
AcDbEntity
  8
SectionView
100
AcDbSpline
210
0
220
0
230
1
 70
8
 71
1
 72
17
 73
15
 74
0
 40
1.570796327
 40
1.570796327
 40
1.795195802
 40
2.019595277
 40
2.243994753
 40
2.468394228
 40
2.692793703
 40
2.917193178
 40
3.141592654
 40
3.365992129
 40
3.590391604
 40
3.814791079
 40
4.039190555
 40
4.263590030
 40
4.487989505
 40
4.712388980
 40
4.712388980
 10
53.500000000
 20
152.616810701
 30
0.000000000
 10
53.500000000
 20
152.550369669
 30
0.000000000
 10
53.500000000
 20
152.354378201
 30
0.000000000
 10
53.500000000
 20
152.038664130
 30
0.000000000
 10
53.500000000
 20
151.619058676
 30
0.000000000
 10
53.500000000
 20
151.116602610
 30
0.000000000
 10
53.500000000
 20
150.556491176
 30
0.000000000
 10
53.500000000
 20
149.966810701
 30
0.000000000
 10
53.500000000
 20
149.377130226
 30
0.000000000
 10
53.500000000
 20
148.817018793
 30
0.000000000
 10
53.500000000
 20
148.314562726
 30
0.000000000
 10
53.500000000
 20
147.894957273
 30
0.000000000
 10
53.500000000
 20
147.579243201
 30
0.000000000
 10
53.500000000
 20
147.383251734
 30
0.000000000
 10
53.500000000
 20
147.316810701
 30
0.000000000
  0
SPLINE
  5
B84
330
A02
100
AcDbEntity
  8
SectionView
100
AcDbSpline
210
0
220
0
230
1
 70
8
 71
2
 72
30
 73
27
 74
0
 40
4.712388980
 40
4.712388980
 40
4.712388980
 40
4.824588718
 40
4.824588718
 40
4.936788456
 40
4.936788456
 40
5.048988193
 40
5.048988193
 40
5.161187931
 40
5.161187931
 40
5.273387669
 40
5.273387669
 40
5.385587406
 40
5.385587406
 40
5.497787144
 40
5.497787144
 40
5.609986881
 40
5.609986881
 40
5.722186619
 40
5.722186619
 40
5.834386357
 40
5.834386357
 40
5.946586094
 40
5.946586094
 40
6.058785832
 40
6.058785832
 40
6.283185307
 40
6.283185307
 40
6.283185307
 10
53.500000000
 20
147.316810701
 30
0.000000000
 10
53.500000000
 20
147.325142023
 30
0.000000000
 10
53.500000000
 20
147.333473345
 30
0.000000000
 10
53.500000000
 20
147.358362540
 30
0.000000000
 10
53.500000000
 20
147.383251734
 30
0.000000000
 10
53.500000000
 20
147.424385805
 30
0.000000000
 10
53.500000000
 20
147.465519876
 30
0.000000000
 10
53.500000000
 20
147.522381539
 30
0.000000000
 10
53.500000000
 20
147.579243201
 30
0.000000000
 10
53.500000000
 20
147.651117387
 30
0.000000000
 10
53.500000000
 20
147.722991573
 30
0.000000000
 10
53.500000000
 20
147.808974423
 30
0.000000000
 10
53.500000000
 20
147.894957273
 30
0.000000000
 10
53.500000000
 20
147.993967502
 30
0.000000000
 10
53.500000000
 20
148.092977731
 30
0.000000000
 10
53.500000000
 20
148.203770229
 30
0.000000000
 10
53.500000000
 20
148.314562726
 30
0.000000000
 10
53.500000000
 20
148.435744212
 30
0.000000000
 10
53.500000000
 20
148.556925699
 30
0.000000000
 10
53.500000000
 20
148.686972246
 30
0.000000000
 10
53.500000000
 20
148.817018793
 30
0.000000000
 10
53.500000000
 20
148.954294990
 30
0.000000000
 10
53.500000000
 20
149.091571187
 30
0.000000000
 10
53.500000000
 20
149.234350707
 30
0.000000000
 10
53.500000000
 20
149.377130226
 30
0.000000000
 10
53.500000000
 20
149.669058528
 30
0.000000000
 10
53.500000000
 20
149.966810701
 30
0.000000000
  0
LINE
  5
B85
330
A02
100
AcDbEntity
  8
SectionView
100
AcDbLine
 10
53.500000000
 20
155.966810701
 30
0.000000000
 11
44.500000000
 21
155.966810701
 31
0.000000000
  0
LINE
  5
B86
330
A02
100
AcDbEntity
  8
SectionView
100
AcDbLine
 10
44.500000000
 20
158.466810701
 30
0.000000000
 11
55.500000000
 21
158.466810701
 31
0.000000000
  0
LINE
  5
B87
330
A02
100
AcDbEntity
  8
SectionView
100
AcDbLine
 10
53.500000000
 20
146.916810701
 30
0.000000000
 11
55.500000000
 21
146.916810701
 31
0.000000000
  0
LINE
  5
B88
330
A02
100
AcDbEntity
  8
SectionView
100
AcDbLine
 10
53.500000000
 20
125.416810701
 30
0.000000000
 11
55.500000000
 21
125.416810701
 31
0.000000000
  0
LINE
  5
B89
330
A02
100
AcDbEntity
  8
SectionView
100
AcDbLine
 10
53.500000000
 20
146.916810701
 30
0.000000000
 11
55.500000000
 21
146.916810701
 31
0.000000000
  0
LINE
  5
B8A
330
A02
100
AcDbEntity
  8
SectionView
100
AcDbLine
 10
53.500000000
 20
125.416810701
 30
0.000000000
 11
55.500000000
 21
125.416810701
 31
0.000000000
  0
SPLINE
  5
B8B
330
A02
100
AcDbEntity
  8
SectionView
100
AcDbSpline
210
0
220
0
230
1
 70
8
 71
2
 72
30
 73
27
 74
0
 40
0.000000000
 40
0.000000000
 40
0.000000000
 40
0.224399475
 40
0.224399475
 40
0.336599213
 40
0.336599213
 40
0.448798951
 40
0.448798951
 40
0.560998688
 40
0.560998688
 40
0.673198426
 40
0.673198426
 40
0.785398163
 40
0.785398163
 40
0.897597901
 40
0.897597901
 40
1.009797639
 40
1.009797639
 40
1.121997376
 40
1.121997376
 40
1.234197114
 40
1.234197114
 40
1.346396852
 40
1.346396852
 40
1.458596589
 40
1.458596589
 40
1.570796327
 40
1.570796327
 40
1.570796327
 10
47.500000000
 20
82.966810701
 30
0.000000000
 10
47.500000000
 20
83.264562875
 30
0.000000000
 10
47.500000000
 20
83.556491176
 30
0.000000000
 10
47.500000000
 20
83.699270696
 30
0.000000000
 10
47.500000000
 20
83.842050215
 30
0.000000000
 10
47.500000000
 20
83.979326413
 30
0.000000000
 10
47.500000000
 20
84.116602610
 30
0.000000000
 10
47.500000000
 20
84.246649157
 30
0.000000000
 10
47.500000000
 20
84.376695704
 30
0.000000000
 10
47.500000000
 20
84.497877190
 30
0.000000000
 10
47.500000000
 20
84.619058676
 30
0.000000000
 10
47.500000000
 20
84.729851174
 30
0.000000000
 10
47.500000000
 20
84.840643671
 30
0.000000000
 10
47.500000000
 20
84.939653901
 30
0.000000000
 10
47.500000000
 20
85.038664130
 30
0.000000000
 10
47.500000000
 20
85.124646980
 30
0.000000000
 10
47.500000000
 20
85.210629829
 30
0.000000000
 10
47.500000000
 20
85.282504015
 30
0.000000000
 10
47.500000000
 20
85.354378201
 30
0.000000000
 10
47.500000000
 20
85.411239864
 30
0.000000000
 10
47.500000000
 20
85.468101527
 30
0.000000000
 10
47.500000000
 20
85.509235598
 30
0.000000000
 10
47.500000000
 20
85.550369669
 30
0.000000000
 10
47.500000000
 20
85.575258863
 30
0.000000000
 10
47.500000000
 20
85.600148057
 30
0.000000000
 10
47.500000000
 20
85.608479379
 30
0.000000000
 10
47.500000000
 20
85.616810701
 30
0.000000000
  0
SPLINE
  5
B8C
330
A02
100
AcDbEntity
  8
SectionView
100
AcDbSpline
210
0
220
0
230
1
 70
8
 71
1
 72
17
 73
15
 74
0
 40
1.570796327
 40
1.570796327
 40
1.795195802
 40
2.019595277
 40
2.243994753
 40
2.468394228
 40
2.692793703
 40
2.917193178
 40
3.141592654
 40
3.365992129
 40
3.590391604
 40
3.814791079
 40
4.039190555
 40
4.263590030
 40
4.487989505
 40
4.712388980
 40
4.712388980
 10
47.500000000
 20
85.616810701
 30
0.000000000
 10
47.500000000
 20
85.550369669
 30
0.000000000
 10
47.500000000
 20
85.354378201
 30
0.000000000
 10
47.500000000
 20
85.038664130
 30
0.000000000
 10
47.500000000
 20
84.619058676
 30
0.000000000
 10
47.500000000
 20
84.116602610
 30
0.000000000
 10
47.500000000
 20
83.556491176
 30
0.000000000
 10
47.500000000
 20
82.966810701
 30
0.000000000
 10
47.500000000
 20
82.377130226
 30
0.000000000
 10
47.500000000
 20
81.817018793
 30
0.000000000
 10
47.500000000
 20
81.314562726
 30
0.000000000
 10
47.500000000
 20
80.894957273
 30
0.000000000
 10
47.500000000
 20
80.579243201
 30
0.000000000
 10
47.500000000
 20
80.383251734
 30
0.000000000
 10
47.500000000
 20
80.316810701
 30
0.000000000
  0
SPLINE
  5
B8D
330
A02
100
AcDbEntity
  8
SectionView
100
AcDbSpline
210
0
220
0
230
1
 70
8
 71
2
 72
30
 73
27
 74
0
 40
4.712388980
 40
4.712388980
 40
4.712388980
 40
4.824588718
 40
4.824588718
 40
4.936788456
 40
4.936788456
 40
5.048988193
 40
5.048988193
 40
5.161187931
 40
5.161187931
 40
5.273387669
 40
5.273387669
 40
5.385587406
 40
5.385587406
 40
5.497787144
 40
5.497787144
 40
5.609986881
 40
5.609986881
 40
5.722186619
 40
5.722186619
 40
5.834386357
 40
5.834386357
 40
5.946586094
 40
5.946586094
 40
6.058785832
 40
6.058785832
 40
6.283185307
 40
6.283185307
 40
6.283185307
 10
47.500000000
 20
80.316810701
 30
0.000000000
 10
47.500000000
 20
80.325142023
 30
0.000000000
 10
47.500000000
 20
80.333473345
 30
0.000000000
 10
47.500000000
 20
80.358362540
 30
0.000000000
 10
47.500000000
 20
80.383251734
 30
0.000000000
 10
47.500000000
 20
80.424385805
 30
0.000000000
 10
47.500000000
 20
80.465519876
 30
0.000000000
 10
47.500000000
 20
80.522381539
 30
0.000000000
 10
47.500000000
 20
80.579243201
 30
0.000000000
 10
47.500000000
 20
80.651117387
 30
0.000000000
 10
47.500000000
 20
80.722991573
 30
0.000000000
 10
47.500000000
 20
80.808974423
 30
0.000000000
 10
47.500000000
 20
80.894957273
 30
0.000000000
 10
47.500000000
 20
80.993967502
 30
0.000000000
 10
47.500000000
 20
81.092977731
 30
0.000000000
 10
47.500000000
 20
81.203770229
 30
0.000000000
 10
47.500000000
 20
81.314562726
 30
0.000000000
 10
47.500000000
 20
81.435744212
 30
0.000000000
 10
47.500000000
 20
81.556925699
 30
0.000000000
 10
47.500000000
 20
81.686972246
 30
0.000000000
 10
47.500000000
 20
81.817018793
 30
0.000000000
 10
47.500000000
 20
81.954294990
 30
0.000000000
 10
47.500000000
 20
82.091571187
 30
0.000000000
 10
47.500000000
 20
82.234350707
 30
0.000000000
 10
47.500000000
 20
82.377130226
 30
0.000000000
 10
47.500000000
 20
82.669058528
 30
0.000000000
 10
47.500000000
 20
82.966810701
 30
0.000000000
  0
SPLINE
  5
B8E
330
A02
100
AcDbEntity
  8
SectionView
100
AcDbSpline
210
0
220
0
230
1
 70
8
 71
2
 72
30
 73
27
 74
0
 40
0.000000000
 40
0.000000000
 40
0.000000000
 40
0.224399475
 40
0.224399475
 40
0.336599213
 40
0.336599213
 40
0.448798951
 40
0.448798951
 40
0.560998688
 40
0.560998688
 40
0.673198426
 40
0.673198426
 40
0.785398163
 40
0.785398163
 40
0.897597901
 40
0.897597901
 40
1.009797639
 40
1.009797639
 40
1.121997376
 40
1.121997376
 40
1.234197114
 40
1.234197114
 40
1.346396852
 40
1.346396852
 40
1.458596589
 40
1.458596589
 40
1.570796327
 40
1.570796327
 40
1.570796327
 10
47.500000000
 20
82.966810701
 30
0.000000000
 10
47.500000000
 20
83.264562875
 30
0.000000000
 10
47.500000000
 20
83.556491176
 30
0.000000000
 10
47.500000000
 20
83.699270696
 30
0.000000000
 10
47.500000000
 20
83.842050215
 30
0.000000000
 10
47.500000000
 20
83.979326413
 30
0.000000000
 10
47.500000000
 20
84.116602610
 30
0.000000000
 10
47.500000000
 20
84.246649157
 30
0.000000000
 10
47.500000000
 20
84.376695704
 30
0.000000000
 10
47.500000000
 20
84.497877190
 30
0.000000000
 10
47.500000000
 20
84.619058676
 30
0.000000000
 10
47.500000000
 20
84.729851174
 30
0.000000000
 10
47.500000000
 20
84.840643671
 30
0.000000000
 10
47.500000000
 20
84.939653901
 30
0.000000000
 10
47.500000000
 20
85.038664130
 30
0.000000000
 10
47.500000000
 20
85.124646980
 30
0.000000000
 10
47.500000000
 20
85.210629829
 30
0.000000000
 10
47.500000000
 20
85.282504015
 30
0.000000000
 10
47.500000000
 20
85.354378201
 30
0.000000000
 10
47.500000000
 20
85.411239864
 30
0.000000000
 10
47.500000000
 20
85.468101527
 30
0.000000000
 10
47.500000000
 20
85.509235598
 30
0.000000000
 10
47.500000000
 20
85.550369669
 30
0.000000000
 10
47.500000000
 20
85.575258863
 30
0.000000000
 10
47.500000000
 20
85.600148057
 30
0.000000000
 10
47.500000000
 20
85.608479379
 30
0.000000000
 10
47.500000000
 20
85.616810701
 30
0.000000000
  0
SPLINE
  5
B8F
330
A02
100
AcDbEntity
  8
SectionView
100
AcDbSpline
210
0
220
0
230
1
 70
8
 71
1
 72
17
 73
15
 74
0
 40
1.570796327
 40
1.570796327
 40
1.795195802
 40
2.019595277
 40
2.243994753
 40
2.468394228
 40
2.692793703
 40
2.917193178
 40
3.141592654
 40
3.365992129
 40
3.590391604
 40
3.814791079
 40
4.039190555
 40
4.263590030
 40
4.487989505
 40
4.712388980
 40
4.712388980
 10
47.500000000
 20
85.616810701
 30
0.000000000
 10
47.500000000
 20
85.550369669
 30
0.000000000
 10
47.500000000
 20
85.354378201
 30
0.000000000
 10
47.500000000
 20
85.038664130
 30
0.000000000
 10
47.500000000
 20
84.619058676
 30
0.000000000
 10
47.500000000
 20
84.116602610
 30
0.000000000
 10
47.500000000
 20
83.556491176
 30
0.000000000
 10
47.500000000
 20
82.966810701
 30
0.000000000
 10
47.500000000
 20
82.377130226
 30
0.000000000
 10
47.500000000
 20
81.817018793
 30
0.000000000
 10
47.500000000
 20
81.314562726
 30
0.000000000
 10
47.500000000
 20
80.894957273
 30
0.000000000
 10
47.500000000
 20
80.579243201
 30
0.000000000
 10
47.500000000
 20
80.383251734
 30
0.000000000
 10
47.500000000
 20
80.316810701
 30
0.000000000
  0
SPLINE
  5
B90
330
A02
100
AcDbEntity
  8
SectionView
100
AcDbSpline
210
0
220
0
230
1
 70
8
 71
2
 72
30
 73
27
 74
0
 40
4.712388980
 40
4.712388980
 40
4.712388980
 40
4.824588718
 40
4.824588718
 40
4.936788456
 40
4.936788456
 40
5.048988193
 40
5.048988193
 40
5.161187931
 40
5.161187931
 40
5.273387669
 40
5.273387669
 40
5.385587406
 40
5.385587406
 40
5.497787144
 40
5.497787144
 40
5.609986881
 40
5.609986881
 40
5.722186619
 40
5.722186619
 40
5.834386357
 40
5.834386357
 40
5.946586094
 40
5.946586094
 40
6.058785832
 40
6.058785832
 40
6.283185307
 40
6.283185307
 40
6.283185307
 10
47.500000000
 20
80.316810701
 30
0.000000000
 10
47.500000000
 20
80.325142023
 30
0.000000000
 10
47.500000000
 20
80.333473345
 30
0.000000000
 10
47.500000000
 20
80.358362540
 30
0.000000000
 10
47.500000000
 20
80.383251734
 30
0.000000000
 10
47.500000000
 20
80.424385805
 30
0.000000000
 10
47.500000000
 20
80.465519876
 30
0.000000000
 10
47.500000000
 20
80.522381539
 30
0.000000000
 10
47.500000000
 20
80.579243201
 30
0.000000000
 10
47.500000000
 20
80.651117387
 30
0.000000000
 10
47.500000000
 20
80.722991573
 30
0.000000000
 10
47.500000000
 20
80.808974423
 30
0.000000000
 10
47.500000000
 20
80.894957273
 30
0.000000000
 10
47.500000000
 20
80.993967502
 30
0.000000000
 10
47.500000000
 20
81.092977731
 30
0.000000000
 10
47.500000000
 20
81.203770229
 30
0.000000000
 10
47.500000000
 20
81.314562726
 30
0.000000000
 10
47.500000000
 20
81.435744212
 30
0.000000000
 10
47.500000000
 20
81.556925699
 30
0.000000000
 10
47.500000000
 20
81.686972246
 30
0.000000000
 10
47.500000000
 20
81.817018793
 30
0.000000000
 10
47.500000000
 20
81.954294990
 30
0.000000000
 10
47.500000000
 20
82.091571187
 30
0.000000000
 10
47.500000000
 20
82.234350707
 30
0.000000000
 10
47.500000000
 20
82.377130226
 30
0.000000000
 10
47.500000000
 20
82.669058528
 30
0.000000000
 10
47.500000000
 20
82.966810701
 30
0.000000000
  0
SPLINE
  5
B91
330
A02
100
AcDbEntity
  8
SectionView
100
AcDbSpline
210
0
220
0
230
1
 70
8
 71
2
 72
30
 73
27
 74
0
 40
0.000000000
 40
0.000000000
 40
0.000000000
 40
0.224399475
 40
0.224399475
 40
0.336599213
 40
0.336599213
 40
0.448798951
 40
0.448798951
 40
0.560998688
 40
0.560998688
 40
0.673198426
 40
0.673198426
 40
0.785398163
 40
0.785398163
 40
0.897597901
 40
0.897597901
 40
1.009797639
 40
1.009797639
 40
1.121997376
 40
1.121997376
 40
1.234197114
 40
1.234197114
 40
1.346396852
 40
1.346396852
 40
1.458596589
 40
1.458596589
 40
1.570796327
 40
1.570796327
 40
1.570796327
 10
47.500000000
 20
141.966810701
 30
0.000000000
 10
47.500000000
 20
142.264562875
 30
0.000000000
 10
47.500000000
 20
142.556491176
 30
0.000000000
 10
47.500000000
 20
142.699270696
 30
0.000000000
 10
47.500000000
 20
142.842050215
 30
0.000000000
 10
47.500000000
 20
142.979326413
 30
0.000000000
 10
47.500000000
 20
143.116602610
 30
0.000000000
 10
47.500000000
 20
143.246649157
 30
0.000000000
 10
47.500000000
 20
143.376695704
 30
0.000000000
 10
47.500000000
 20
143.497877190
 30
0.000000000
 10
47.500000000
 20
143.619058676
 30
0.000000000
 10
47.500000000
 20
143.729851174
 30
0.000000000
 10
47.500000000
 20
143.840643671
 30
0.000000000
 10
47.500000000
 20
143.939653901
 30
0.000000000
 10
47.500000000
 20
144.038664130
 30
0.000000000
 10
47.500000000
 20
144.124646980
 30
0.000000000
 10
47.500000000
 20
144.210629829
 30
0.000000000
 10
47.500000000
 20
144.282504015
 30
0.000000000
 10
47.500000000
 20
144.354378201
 30
0.000000000
 10
47.500000000
 20
144.411239864
 30
0.000000000
 10
47.500000000
 20
144.468101527
 30
0.000000000
 10
47.500000000
 20
144.509235598
 30
0.000000000
 10
47.500000000
 20
144.550369669
 30
0.000000000
 10
47.500000000
 20
144.575258863
 30
0.000000000
 10
47.500000000
 20
144.600148057
 30
0.000000000
 10
47.500000000
 20
144.608479379
 30
0.000000000
 10
47.500000000
 20
144.616810701
 30
0.000000000
  0
SPLINE
  5
B92
330
A02
100
AcDbEntity
  8
SectionView
100
AcDbSpline
210
0
220
0
230
1
 70
8
 71
1
 72
17
 73
15
 74
0
 40
1.570796327
 40
1.570796327
 40
1.795195802
 40
2.019595277
 40
2.243994753
 40
2.468394228
 40
2.692793703
 40
2.917193178
 40
3.141592654
 40
3.365992129
 40
3.590391604
 40
3.814791079
 40
4.039190555
 40
4.263590030
 40
4.487989505
 40
4.712388980
 40
4.712388980
 10
47.500000000
 20
144.616810701
 30
0.000000000
 10
47.500000000
 20
144.550369669
 30
0.000000000
 10
47.500000000
 20
144.354378201
 30
0.000000000
 10
47.500000000
 20
144.038664130
 30
0.000000000
 10
47.500000000
 20
143.619058676
 30
0.000000000
 10
47.500000000
 20
143.116602610
 30
0.000000000
 10
47.500000000
 20
142.556491176
 30
0.000000000
 10
47.500000000
 20
141.966810701
 30
0.000000000
 10
47.500000000
 20
141.377130226
 30
0.000000000
 10
47.500000000
 20
140.817018793
 30
0.000000000
 10
47.500000000
 20
140.314562726
 30
0.000000000
 10
47.500000000
 20
139.894957273
 30
0.000000000
 10
47.500000000
 20
139.579243201
 30
0.000000000
 10
47.500000000
 20
139.383251734
 30
0.000000000
 10
47.500000000
 20
139.316810701
 30
0.000000000
  0
SPLINE
  5
B93
330
A02
100
AcDbEntity
  8
SectionView
100
AcDbSpline
210
0
220
0
230
1
 70
8
 71
2
 72
30
 73
27
 74
0
 40
4.712388980
 40
4.712388980
 40
4.712388980
 40
4.824588718
 40
4.824588718
 40
4.936788456
 40
4.936788456
 40
5.048988193
 40
5.048988193
 40
5.161187931
 40
5.161187931
 40
5.273387669
 40
5.273387669
 40
5.385587406
 40
5.385587406
 40
5.497787144
 40
5.497787144
 40
5.609986881
 40
5.609986881
 40
5.722186619
 40
5.722186619
 40
5.834386357
 40
5.834386357
 40
5.946586094
 40
5.946586094
 40
6.058785832
 40
6.058785832
 40
6.283185307
 40
6.283185307
 40
6.283185307
 10
47.500000000
 20
139.316810701
 30
0.000000000
 10
47.500000000
 20
139.325142023
 30
0.000000000
 10
47.500000000
 20
139.333473345
 30
0.000000000
 10
47.500000000
 20
139.358362540
 30
0.000000000
 10
47.500000000
 20
139.383251734
 30
0.000000000
 10
47.500000000
 20
139.424385805
 30
0.000000000
 10
47.500000000
 20
139.465519876
 30
0.000000000
 10
47.500000000
 20
139.522381539
 30
0.000000000
 10
47.500000000
 20
139.579243201
 30
0.000000000
 10
47.500000000
 20
139.651117387
 30
0.000000000
 10
47.500000000
 20
139.722991573
 30
0.000000000
 10
47.500000000
 20
139.808974423
 30
0.000000000
 10
47.500000000
 20
139.894957273
 30
0.000000000
 10
47.500000000
 20
139.993967502
 30
0.000000000
 10
47.500000000
 20
140.092977731
 30
0.000000000
 10
47.500000000
 20
140.203770229
 30
0.000000000
 10
47.500000000
 20
140.314562726
 30
0.000000000
 10
47.500000000
 20
140.435744212
 30
0.000000000
 10
47.500000000
 20
140.556925699
 30
0.000000000
 10
47.500000000
 20
140.686972246
 30
0.000000000
 10
47.500000000
 20
140.817018793
 30
0.000000000
 10
47.500000000
 20
140.954294990
 30
0.000000000
 10
47.500000000
 20
141.091571187
 30
0.000000000
 10
47.500000000
 20
141.234350707
 30
0.000000000
 10
47.500000000
 20
141.377130226
 30
0.000000000
 10
47.500000000
 20
141.669058528
 30
0.000000000
 10
47.500000000
 20
141.966810701
 30
0.000000000
  0
SPLINE
  5
B94
330
A02
100
AcDbEntity
  8
SectionView
100
AcDbSpline
210
0
220
0
230
1
 70
8
 71
2
 72
30
 73
27
 74
0
 40
0.000000000
 40
0.000000000
 40
0.000000000
 40
0.224399475
 40
0.224399475
 40
0.336599213
 40
0.336599213
 40
0.448798951
 40
0.448798951
 40
0.560998688
 40
0.560998688
 40
0.673198426
 40
0.673198426
 40
0.785398163
 40
0.785398163
 40
0.897597901
 40
0.897597901
 40
1.009797639
 40
1.009797639
 40
1.121997376
 40
1.121997376
 40
1.234197114
 40
1.234197114
 40
1.346396852
 40
1.346396852
 40
1.458596589
 40
1.458596589
 40
1.570796327
 40
1.570796327
 40
1.570796327
 10
44.500000000
 20
149.966810701
 30
0.000000000
 10
44.500000000
 20
150.264562875
 30
0.000000000
 10
44.500000000
 20
150.556491176
 30
0.000000000
 10
44.500000000
 20
150.699270696
 30
0.000000000
 10
44.500000000
 20
150.842050215
 30
0.000000000
 10
44.500000000
 20
150.979326413
 30
0.000000000
 10
44.500000000
 20
151.116602610
 30
0.000000000
 10
44.500000000
 20
151.246649157
 30
0.000000000
 10
44.500000000
 20
151.376695704
 30
0.000000000
 10
44.500000000
 20
151.497877190
 30
0.000000000
 10
44.500000000
 20
151.619058676
 30
0.000000000
 10
44.500000000
 20
151.729851174
 30
0.000000000
 10
44.500000000
 20
151.840643671
 30
0.000000000
 10
44.500000000
 20
151.939653901
 30
0.000000000
 10
44.500000000
 20
152.038664130
 30
0.000000000
 10
44.500000000
 20
152.124646980
 30
0.000000000
 10
44.500000000
 20
152.210629829
 30
0.000000000
 10
44.500000000
 20
152.282504015
 30
0.000000000
 10
44.500000000
 20
152.354378201
 30
0.000000000
 10
44.500000000
 20
152.411239864
 30
0.000000000
 10
44.500000000
 20
152.468101527
 30
0.000000000
 10
44.500000000
 20
152.509235598
 30
0.000000000
 10
44.500000000
 20
152.550369669
 30
0.000000000
 10
44.500000000
 20
152.575258863
 30
0.000000000
 10
44.500000000
 20
152.600148057
 30
0.000000000
 10
44.500000000
 20
152.608479379
 30
0.000000000
 10
44.500000000
 20
152.616810701
 30
0.000000000
  0
SPLINE
  5
B95
330
A02
100
AcDbEntity
  8
SectionView
100
AcDbSpline
210
0
220
0
230
1
 70
8
 71
1
 72
17
 73
15
 74
0
 40
1.570796327
 40
1.570796327
 40
1.795195802
 40
2.019595277
 40
2.243994753
 40
2.468394228
 40
2.692793703
 40
2.917193178
 40
3.141592654
 40
3.365992129
 40
3.590391604
 40
3.814791079
 40
4.039190555
 40
4.263590030
 40
4.487989505
 40
4.712388980
 40
4.712388980
 10
44.500000000
 20
152.616810701
 30
0.000000000
 10
44.500000000
 20
152.550369669
 30
0.000000000
 10
44.500000000
 20
152.354378201
 30
0.000000000
 10
44.500000000
 20
152.038664130
 30
0.000000000
 10
44.500000000
 20
151.619058676
 30
0.000000000
 10
44.500000000
 20
151.116602610
 30
0.000000000
 10
44.500000000
 20
150.556491176
 30
0.000000000
 10
44.500000000
 20
149.966810701
 30
0.000000000
 10
44.500000000
 20
149.377130226
 30
0.000000000
 10
44.500000000
 20
148.817018793
 30
0.000000000
 10
44.500000000
 20
148.314562726
 30
0.000000000
 10
44.500000000
 20
147.894957273
 30
0.000000000
 10
44.500000000
 20
147.579243201
 30
0.000000000
 10
44.500000000
 20
147.383251734
 30
0.000000000
 10
44.500000000
 20
147.316810701
 30
0.000000000
  0
SPLINE
  5
B96
330
A02
100
AcDbEntity
  8
SectionView
100
AcDbSpline
210
0
220
0
230
1
 70
8
 71
2
 72
30
 73
27
 74
0
 40
4.712388980
 40
4.712388980
 40
4.712388980
 40
4.824588718
 40
4.824588718
 40
4.936788456
 40
4.936788456
 40
5.048988193
 40
5.048988193
 40
5.161187931
 40
5.161187931
 40
5.273387669
 40
5.273387669
 40
5.385587406
 40
5.385587406
 40
5.497787144
 40
5.497787144
 40
5.609986881
 40
5.609986881
 40
5.722186619
 40
5.722186619
 40
5.834386357
 40
5.834386357
 40
5.946586094
 40
5.946586094
 40
6.058785832
 40
6.058785832
 40
6.283185307
 40
6.283185307
 40
6.283185307
 10
44.500000000
 20
147.316810701
 30
0.000000000
 10
44.500000000
 20
147.325142023
 30
0.000000000
 10
44.500000000
 20
147.333473345
 30
0.000000000
 10
44.500000000
 20
147.358362540
 30
0.000000000
 10
44.500000000
 20
147.383251734
 30
0.000000000
 10
44.500000000
 20
147.424385805
 30
0.000000000
 10
44.500000000
 20
147.465519876
 30
0.000000000
 10
44.500000000
 20
147.522381539
 30
0.000000000
 10
44.500000000
 20
147.579243201
 30
0.000000000
 10
44.500000000
 20
147.651117387
 30
0.000000000
 10
44.500000000
 20
147.722991573
 30
0.000000000
 10
44.500000000
 20
147.808974423
 30
0.000000000
 10
44.500000000
 20
147.894957273
 30
0.000000000
 10
44.500000000
 20
147.993967502
 30
0.000000000
 10
44.500000000
 20
148.092977731
 30
0.000000000
 10
44.500000000
 20
148.203770229
 30
0.000000000
 10
44.500000000
 20
148.314562726
 30
0.000000000
 10
44.500000000
 20
148.435744212
 30
0.000000000
 10
44.500000000
 20
148.556925699
 30
0.000000000
 10
44.500000000
 20
148.686972246
 30
0.000000000
 10
44.500000000
 20
148.817018793
 30
0.000000000
 10
44.500000000
 20
148.954294990
 30
0.000000000
 10
44.500000000
 20
149.091571187
 30
0.000000000
 10
44.500000000
 20
149.234350707
 30
0.000000000
 10
44.500000000
 20
149.377130226
 30
0.000000000
 10
44.500000000
 20
149.669058528
 30
0.000000000
 10
44.500000000
 20
149.966810701
 30
0.000000000
  0
SPLINE
  5
B97
330
A02
100
AcDbEntity
  8
SectionView
100
AcDbSpline
210
0
220
0
230
1
 70
8
 71
2
 72
30
 73
27
 74
0
 40
0.000000000
 40
0.000000000
 40
0.000000000
 40
0.224399475
 40
0.224399475
 40
0.336599213
 40
0.336599213
 40
0.448798951
 40
0.448798951
 40
0.560998688
 40
0.560998688
 40
0.673198426
 40
0.673198426
 40
0.785398163
 40
0.785398163
 40
0.897597901
 40
0.897597901
 40
1.009797639
 40
1.009797639
 40
1.121997376
 40
1.121997376
 40
1.234197114
 40
1.234197114
 40
1.346396852
 40
1.346396852
 40
1.458596589
 40
1.458596589
 40
1.570796327
 40
1.570796327
 40
1.570796327
 10
47.500000000
 20
141.966810701
 30
0.000000000
 10
47.500000000
 20
142.264562875
 30
0.000000000
 10
47.500000000
 20
142.556491176
 30
0.000000000
 10
47.500000000
 20
142.699270696
 30
0.000000000
 10
47.500000000
 20
142.842050215
 30
0.000000000
 10
47.500000000
 20
142.979326413
 30
0.000000000
 10
47.500000000
 20
143.116602610
 30
0.000000000
 10
47.500000000
 20
143.246649157
 30
0.000000000
 10
47.500000000
 20
143.376695704
 30
0.000000000
 10
47.500000000
 20
143.497877190
 30
0.000000000
 10
47.500000000
 20
143.619058676
 30
0.000000000
 10
47.500000000
 20
143.729851174
 30
0.000000000
 10
47.500000000
 20
143.840643671
 30
0.000000000
 10
47.500000000
 20
143.939653901
 30
0.000000000
 10
47.500000000
 20
144.038664130
 30
0.000000000
 10
47.500000000
 20
144.124646980
 30
0.000000000
 10
47.500000000
 20
144.210629829
 30
0.000000000
 10
47.500000000
 20
144.282504015
 30
0.000000000
 10
47.500000000
 20
144.354378201
 30
0.000000000
 10
47.500000000
 20
144.411239864
 30
0.000000000
 10
47.500000000
 20
144.468101527
 30
0.000000000
 10
47.500000000
 20
144.509235598
 30
0.000000000
 10
47.500000000
 20
144.550369669
 30
0.000000000
 10
47.500000000
 20
144.575258863
 30
0.000000000
 10
47.500000000
 20
144.600148057
 30
0.000000000
 10
47.500000000
 20
144.608479379
 30
0.000000000
 10
47.500000000
 20
144.616810701
 30
0.000000000
  0
SPLINE
  5
B98
330
A02
100
AcDbEntity
  8
SectionView
100
AcDbSpline
210
0
220
0
230
1
 70
8
 71
1
 72
17
 73
15
 74
0
 40
1.570796327
 40
1.570796327
 40
1.795195802
 40
2.019595277
 40
2.243994753
 40
2.468394228
 40
2.692793703
 40
2.917193178
 40
3.141592654
 40
3.365992129
 40
3.590391604
 40
3.814791079
 40
4.039190555
 40
4.263590030
 40
4.487989505
 40
4.712388980
 40
4.712388980
 10
47.500000000
 20
144.616810701
 30
0.000000000
 10
47.500000000
 20
144.550369669
 30
0.000000000
 10
47.500000000
 20
144.354378201
 30
0.000000000
 10
47.500000000
 20
144.038664130
 30
0.000000000
 10
47.500000000
 20
143.619058676
 30
0.000000000
 10
47.500000000
 20
143.116602610
 30
0.000000000
 10
47.500000000
 20
142.556491176
 30
0.000000000
 10
47.500000000
 20
141.966810701
 30
0.000000000
 10
47.500000000
 20
141.377130226
 30
0.000000000
 10
47.500000000
 20
140.817018793
 30
0.000000000
 10
47.500000000
 20
140.314562726
 30
0.000000000
 10
47.500000000
 20
139.894957273
 30
0.000000000
 10
47.500000000
 20
139.579243201
 30
0.000000000
 10
47.500000000
 20
139.383251734
 30
0.000000000
 10
47.500000000
 20
139.316810701
 30
0.000000000
  0
SPLINE
  5
B99
330
A02
100
AcDbEntity
  8
SectionView
100
AcDbSpline
210
0
220
0
230
1
 70
8
 71
2
 72
30
 73
27
 74
0
 40
4.712388980
 40
4.712388980
 40
4.712388980
 40
4.824588718
 40
4.824588718
 40
4.936788456
 40
4.936788456
 40
5.048988193
 40
5.048988193
 40
5.161187931
 40
5.161187931
 40
5.273387669
 40
5.273387669
 40
5.385587406
 40
5.385587406
 40
5.497787144
 40
5.497787144
 40
5.609986881
 40
5.609986881
 40
5.722186619
 40
5.722186619
 40
5.834386357
 40
5.834386357
 40
5.946586094
 40
5.946586094
 40
6.058785832
 40
6.058785832
 40
6.283185307
 40
6.283185307
 40
6.283185307
 10
47.500000000
 20
139.316810701
 30
0.000000000
 10
47.500000000
 20
139.325142023
 30
0.000000000
 10
47.500000000
 20
139.333473345
 30
0.000000000
 10
47.500000000
 20
139.358362540
 30
0.000000000
 10
47.500000000
 20
139.383251734
 30
0.000000000
 10
47.500000000
 20
139.424385805
 30
0.000000000
 10
47.500000000
 20
139.465519876
 30
0.000000000
 10
47.500000000
 20
139.522381539
 30
0.000000000
 10
47.500000000
 20
139.579243201
 30
0.000000000
 10
47.500000000
 20
139.651117387
 30
0.000000000
 10
47.500000000
 20
139.722991573
 30
0.000000000
 10
47.500000000
 20
139.808974423
 30
0.000000000
 10
47.500000000
 20
139.894957273
 30
0.000000000
 10
47.500000000
 20
139.993967502
 30
0.000000000
 10
47.500000000
 20
140.092977731
 30
0.000000000
 10
47.500000000
 20
140.203770229
 30
0.000000000
 10
47.500000000
 20
140.314562726
 30
0.000000000
 10
47.500000000
 20
140.435744212
 30
0.000000000
 10
47.500000000
 20
140.556925699
 30
0.000000000
 10
47.500000000
 20
140.686972246
 30
0.000000000
 10
47.500000000
 20
140.817018793
 30
0.000000000
 10
47.500000000
 20
140.954294990
 30
0.000000000
 10
47.500000000
 20
141.091571187
 30
0.000000000
 10
47.500000000
 20
141.234350707
 30
0.000000000
 10
47.500000000
 20
141.377130226
 30
0.000000000
 10
47.500000000
 20
141.669058528
 30
0.000000000
 10
47.500000000
 20
141.966810701
 30
0.000000000
  0
SPLINE
  5
B9A
330
A02
100
AcDbEntity
  8
SectionView
100
AcDbSpline
210
0
220
0
230
1
 70
8
 71
2
 72
30
 73
27
 74
0
 40
0.000000000
 40
0.000000000
 40
0.000000000
 40
0.224399475
 40
0.224399475
 40
0.336599213
 40
0.336599213
 40
0.448798951
 40
0.448798951
 40
0.560998688
 40
0.560998688
 40
0.673198426
 40
0.673198426
 40
0.785398163
 40
0.785398163
 40
0.897597901
 40
0.897597901
 40
1.009797639
 40
1.009797639
 40
1.121997376
 40
1.121997376
 40
1.234197114
 40
1.234197114
 40
1.346396852
 40
1.346396852
 40
1.458596589
 40
1.458596589
 40
1.570796327
 40
1.570796327
 40
1.570796327
 10
44.500000000
 20
149.966810701
 30
0.000000000
 10
44.500000000
 20
150.264562875
 30
0.000000000
 10
44.500000000
 20
150.556491176
 30
0.000000000
 10
44.500000000
 20
150.699270696
 30
0.000000000
 10
44.500000000
 20
150.842050215
 30
0.000000000
 10
44.500000000
 20
150.979326413
 30
0.000000000
 10
44.500000000
 20
151.116602610
 30
0.000000000
 10
44.500000000
 20
151.246649157
 30
0.000000000
 10
44.500000000
 20
151.376695704
 30
0.000000000
 10
44.500000000
 20
151.497877190
 30
0.000000000
 10
44.500000000
 20
151.619058676
 30
0.000000000
 10
44.500000000
 20
151.729851174
 30
0.000000000
 10
44.500000000
 20
151.840643671
 30
0.000000000
 10
44.500000000
 20
151.939653901
 30
0.000000000
 10
44.500000000
 20
152.038664130
 30
0.000000000
 10
44.500000000
 20
152.124646980
 30
0.000000000
 10
44.500000000
 20
152.210629829
 30
0.000000000
 10
44.500000000
 20
152.282504015
 30
0.000000000
 10
44.500000000
 20
152.354378201
 30
0.000000000
 10
44.500000000
 20
152.411239864
 30
0.000000000
 10
44.500000000
 20
152.468101527
 30
0.000000000
 10
44.500000000
 20
152.509235598
 30
0.000000000
 10
44.500000000
 20
152.550369669
 30
0.000000000
 10
44.500000000
 20
152.575258863
 30
0.000000000
 10
44.500000000
 20
152.600148057
 30
0.000000000
 10
44.500000000
 20
152.608479379
 30
0.000000000
 10
44.500000000
 20
152.616810701
 30
0.000000000
  0
SPLINE
  5
B9B
330
A02
100
AcDbEntity
  8
SectionView
100
AcDbSpline
210
0
220
0
230
1
 70
8
 71
1
 72
17
 73
15
 74
0
 40
1.570796327
 40
1.570796327
 40
1.795195802
 40
2.019595277
 40
2.243994753
 40
2.468394228
 40
2.692793703
 40
2.917193178
 40
3.141592654
 40
3.365992129
 40
3.590391604
 40
3.814791079
 40
4.039190555
 40
4.263590030
 40
4.487989505
 40
4.712388980
 40
4.712388980
 10
44.500000000
 20
152.616810701
 30
0.000000000
 10
44.500000000
 20
152.550369669
 30
0.000000000
 10
44.500000000
 20
152.354378201
 30
0.000000000
 10
44.500000000
 20
152.038664130
 30
0.000000000
 10
44.500000000
 20
151.619058676
 30
0.000000000
 10
44.500000000
 20
151.116602610
 30
0.000000000
 10
44.500000000
 20
150.556491176
 30
0.000000000
 10
44.500000000
 20
149.966810701
 30
0.000000000
 10
44.500000000
 20
149.377130226
 30
0.000000000
 10
44.500000000
 20
148.817018793
 30
0.000000000
 10
44.500000000
 20
148.314562726
 30
0.000000000
 10
44.500000000
 20
147.894957273
 30
0.000000000
 10
44.500000000
 20
147.579243201
 30
0.000000000
 10
44.500000000
 20
147.383251734
 30
0.000000000
 10
44.500000000
 20
147.316810701
 30
0.000000000
  0
SPLINE
  5
B9C
330
A02
100
AcDbEntity
  8
SectionView
100
AcDbSpline
210
0
220
0
230
1
 70
8
 71
2
 72
30
 73
27
 74
0
 40
4.712388980
 40
4.712388980
 40
4.712388980
 40
4.824588718
 40
4.824588718
 40
4.936788456
 40
4.936788456
 40
5.048988193
 40
5.048988193
 40
5.161187931
 40
5.161187931
 40
5.273387669
 40
5.273387669
 40
5.385587406
 40
5.385587406
 40
5.497787144
 40
5.497787144
 40
5.609986881
 40
5.609986881
 40
5.722186619
 40
5.722186619
 40
5.834386357
 40
5.834386357
 40
5.946586094
 40
5.946586094
 40
6.058785832
 40
6.058785832
 40
6.283185307
 40
6.283185307
 40
6.283185307
 10
44.500000000
 20
147.316810701
 30
0.000000000
 10
44.500000000
 20
147.325142023
 30
0.000000000
 10
44.500000000
 20
147.333473345
 30
0.000000000
 10
44.500000000
 20
147.358362540
 30
0.000000000
 10
44.500000000
 20
147.383251734
 30
0.000000000
 10
44.500000000
 20
147.424385805
 30
0.000000000
 10
44.500000000
 20
147.465519876
 30
0.000000000
 10
44.500000000
 20
147.522381539
 30
0.000000000
 10
44.500000000
 20
147.579243201
 30
0.000000000
 10
44.500000000
 20
147.651117387
 30
0.000000000
 10
44.500000000
 20
147.722991573
 30
0.000000000
 10
44.500000000
 20
147.808974423
 30
0.000000000
 10
44.500000000
 20
147.894957273
 30
0.000000000
 10
44.500000000
 20
147.993967502
 30
0.000000000
 10
44.500000000
 20
148.092977731
 30
0.000000000
 10
44.500000000
 20
148.203770229
 30
0.000000000
 10
44.500000000
 20
148.314562726
 30
0.000000000
 10
44.500000000
 20
148.435744212
 30
0.000000000
 10
44.500000000
 20
148.556925699
 30
0.000000000
 10
44.500000000
 20
148.686972246
 30
0.000000000
 10
44.500000000
 20
148.817018793
 30
0.000000000
 10
44.500000000
 20
148.954294990
 30
0.000000000
 10
44.500000000
 20
149.091571187
 30
0.000000000
 10
44.500000000
 20
149.234350707
 30
0.000000000
 10
44.500000000
 20
149.377130226
 30
0.000000000
 10
44.500000000
 20
149.669058528
 30
0.000000000
 10
44.500000000
 20
149.966810701
 30
0.000000000
  0
SPLINE
  5
B9D
330
A02
100
AcDbEntity
  8
SectionView
100
AcDbSpline
210
0
220
0
230
1
 70
8
 71
2
 72
26
 73
23
 74
0
 40
0.000000000
 40
0.000000000
 40
0.000000000
 40
0.336599213
 40
0.336599213
 40
0.560998688
 40
0.560998688
 40
0.673198426
 40
0.673198426
 40
0.785398163
 40
0.785398163
 40
0.897597901
 40
0.897597901
 40
1.009797639
 40
1.009797639
 40
1.121997376
 40
1.121997376
 40
1.234197114
 40
1.234197114
 40
1.346396852
 40
1.346396852
 40
1.458596589
 40
1.458596589
 40
1.570796327
 40
1.570796327
 40
1.570796327
 10
47.500000000
 20
82.966810701
 30
0.000000000
 10
47.500000000
 20
83.195532962
 30
0.000000000
 10
47.500000000
 20
83.412687435
 30
0.000000000
 10
47.500000000
 20
83.554619330
 30
0.000000000
 10
47.500000000
 20
83.685054005
 30
0.000000000
 10
47.500000000
 20
83.746787969
 30
0.000000000
 10
47.500000000
 20
83.808521934
 30
0.000000000
 10
47.500000000
 20
83.864963395
 30
0.000000000
 10
47.500000000
 20
83.921404856
 30
0.000000000
 10
47.500000000
 20
83.971844029
 30
0.000000000
 10
47.500000000
 20
84.022283203
 30
0.000000000
 10
47.500000000
 20
84.066085786
 30
0.000000000
 10
47.500000000
 20
84.109888370
 30
0.000000000
 10
47.500000000
 20
84.146503522
 30
0.000000000
 10
47.500000000
 20
84.183118673
 30
0.000000000
 10
47.500000000
 20
84.212085935
 30
0.000000000
 10
47.500000000
 20
84.241053197
 30
0.000000000
 10
47.500000000
 20
84.262008290
 30
0.000000000
 10
47.500000000
 20
84.282963383
 30
0.000000000
 10
47.500000000
 20
84.295642784
 30
0.000000000
 10
47.500000000
 20
84.308322185
 30
0.000000000
 10
47.500000000
 20
84.312566443
 30
0.000000000
 10
47.500000000
 20
84.316810701
 30
0.000000000
  0
SPLINE
  5
B9E
330
A02
100
AcDbEntity
  8
SectionView
100
AcDbSpline
210
0
220
0
230
1
 70
8
 71
1
 72
17
 73
15
 74
0
 40
1.570796327
 40
1.570796327
 40
1.795195802
 40
2.019595277
 40
2.243994753
 40
2.468394228
 40
2.692793703
 40
2.917193178
 40
3.141592654
 40
3.365992129
 40
3.590391604
 40
3.814791079
 40
4.039190555
 40
4.263590030
 40
4.487989505
 40
4.712388980
 40
4.712388980
 10
47.500000000
 20
84.316810701
 30
0.000000000
 10
47.500000000
 20
84.282963383
 30
0.000000000
 10
47.500000000
 20
84.183118673
 30
0.000000000
 10
47.500000000
 20
84.022283203
 30
0.000000000
 10
47.500000000
 20
83.808521934
 30
0.000000000
 10
47.500000000
 20
83.552553749
 30
0.000000000
 10
47.500000000
 20
83.267213962
 30
0.000000000
 10
47.500000000
 20
82.966810701
 30
0.000000000
 10
47.500000000
 20
82.666407440
 30
0.000000000
 10
47.500000000
 20
82.381067653
 30
0.000000000
 10
47.500000000
 20
82.125099469
 30
0.000000000
 10
47.500000000
 20
81.911338200
 30
0.000000000
 10
47.500000000
 20
81.750502730
 30
0.000000000
 10
47.500000000
 20
81.650658020
 30
0.000000000
 10
47.500000000
 20
81.616810701
 30
0.000000000
  0
SPLINE
  5
B9F
330
A02
100
AcDbEntity
  8
SectionView
100
AcDbSpline
210
0
220
0
230
1
 70
8
 71
3
 72
38
 73
34
 74
0
 40
4.712388980
 40
4.712388980
 40
4.712388980
 40
4.712388980
 40
4.824588718
 40
4.824588718
 40
4.824588718
 40
4.936788456
 40
4.936788456
 40
4.936788456
 40
5.048988193
 40
5.048988193
 40
5.048988193
 40
5.161187931
 40
5.161187931
 40
5.161187931
 40
5.273387669
 40
5.273387669
 40
5.273387669
 40
5.385587406
 40
5.385587406
 40
5.385587406
 40
5.497787144
 40
5.497787144
 40
5.497787144
 40
5.609986881
 40
5.609986881
 40
5.609986881
 40
5.722186619
 40
5.722186619
 40
5.722186619
 40
5.834386357
 40
5.834386357
 40
5.834386357
 40
6.283185307
 40
6.283185307
 40
6.283185307
 40
6.283185307
 10
47.500000000
 20
81.616810701
 30
0.000000000
 10
47.500000000
 20
81.619640207
 30
0.000000000
 10
47.500000000
 20
81.622469712
 30
0.000000000
 10
47.500000000
 20
81.625299218
 30
0.000000000
 10
47.500000000
 20
81.633752152
 30
0.000000000
 10
47.500000000
 20
81.642205086
 30
0.000000000
 10
47.500000000
 20
81.650658020
 30
0.000000000
 10
47.500000000
 20
81.664628082
 30
0.000000000
 10
47.500000000
 20
81.678598144
 30
0.000000000
 10
47.500000000
 20
81.692568205
 30
0.000000000
 10
47.500000000
 20
81.711879713
 30
0.000000000
 10
47.500000000
 20
81.731191222
 30
0.000000000
 10
47.500000000
 20
81.750502730
 30
0.000000000
 10
47.500000000
 20
81.774912831
 30
0.000000000
 10
47.500000000
 20
81.799322931
 30
0.000000000
 10
47.500000000
 20
81.823733032
 30
0.000000000
 10
47.500000000
 20
81.852934755
 30
0.000000000
 10
47.500000000
 20
81.882136477
 30
0.000000000
 10
47.500000000
 20
81.911338200
 30
0.000000000
 10
47.500000000
 20
81.944964316
 30
0.000000000
 10
47.500000000
 20
81.978590431
 30
0.000000000
 10
47.500000000
 20
82.012216547
 30
0.000000000
 10
47.500000000
 20
82.049844187
 30
0.000000000
 10
47.500000000
 20
82.087471828
 30
0.000000000
 10
47.500000000
 20
82.125099469
 30
0.000000000
 10
47.500000000
 20
82.166255445
 30
0.000000000
 10
47.500000000
 20
82.207411422
 30
0.000000000
 10
47.500000000
 20
82.248567398
 30
0.000000000
 10
47.500000000
 20
82.292734150
 30
0.000000000
 10
47.500000000
 20
82.336900902
 30
0.000000000
 10
47.500000000
 20
82.381067653
 30
0.000000000
 10
47.500000000
 20
82.564290317
 30
0.000000000
 10
47.500000000
 20
82.764590307
 30
0.000000000
 10
47.500000000
 20
82.966810701
 30
0.000000000
  0
SPLINE
  5
BA0
330
A02
100
AcDbEntity
  8
SectionView
100
AcDbSpline
210
0
220
0
230
1
 70
8
 71
2
 72
26
 73
23
 74
0
 40
0.000000000
 40
0.000000000
 40
0.000000000
 40
0.336599213
 40
0.336599213
 40
0.560998688
 40
0.560998688
 40
0.673198426
 40
0.673198426
 40
0.785398163
 40
0.785398163
 40
0.897597901
 40
0.897597901
 40
1.009797639
 40
1.009797639
 40
1.121997376
 40
1.121997376
 40
1.234197114
 40
1.234197114
 40
1.346396852
 40
1.346396852
 40
1.458596589
 40
1.458596589
 40
1.570796327
 40
1.570796327
 40
1.570796327
 10
47.500000000
 20
82.966810701
 30
0.000000000
 10
47.500000000
 20
83.195532962
 30
0.000000000
 10
47.500000000
 20
83.412687435
 30
0.000000000
 10
47.500000000
 20
83.554619330
 30
0.000000000
 10
47.500000000
 20
83.685054005
 30
0.000000000
 10
47.500000000
 20
83.746787969
 30
0.000000000
 10
47.500000000
 20
83.808521934
 30
0.000000000
 10
47.500000000
 20
83.864963395
 30
0.000000000
 10
47.500000000
 20
83.921404856
 30
0.000000000
 10
47.500000000
 20
83.971844029
 30
0.000000000
 10
47.500000000
 20
84.022283203
 30
0.000000000
 10
47.500000000
 20
84.066085786
 30
0.000000000
 10
47.500000000
 20
84.109888370
 30
0.000000000
 10
47.500000000
 20
84.146503522
 30
0.000000000
 10
47.500000000
 20
84.183118673
 30
0.000000000
 10
47.500000000
 20
84.212085935
 30
0.000000000
 10
47.500000000
 20
84.241053197
 30
0.000000000
 10
47.500000000
 20
84.262008290
 30
0.000000000
 10
47.500000000
 20
84.282963383
 30
0.000000000
 10
47.500000000
 20
84.295642784
 30
0.000000000
 10
47.500000000
 20
84.308322185
 30
0.000000000
 10
47.500000000
 20
84.312566443
 30
0.000000000
 10
47.500000000
 20
84.316810701
 30
0.000000000
  0
SPLINE
  5
BA1
330
A02
100
AcDbEntity
  8
SectionView
100
AcDbSpline
210
0
220
0
230
1
 70
8
 71
1
 72
17
 73
15
 74
0
 40
1.570796327
 40
1.570796327
 40
1.795195802
 40
2.019595277
 40
2.243994753
 40
2.468394228
 40
2.692793703
 40
2.917193178
 40
3.141592654
 40
3.365992129
 40
3.590391604
 40
3.814791079
 40
4.039190555
 40
4.263590030
 40
4.487989505
 40
4.712388980
 40
4.712388980
 10
47.500000000
 20
84.316810701
 30
0.000000000
 10
47.500000000
 20
84.282963383
 30
0.000000000
 10
47.500000000
 20
84.183118673
 30
0.000000000
 10
47.500000000
 20
84.022283203
 30
0.000000000
 10
47.500000000
 20
83.808521934
 30
0.000000000
 10
47.500000000
 20
83.552553749
 30
0.000000000
 10
47.500000000
 20
83.267213962
 30
0.000000000
 10
47.500000000
 20
82.966810701
 30
0.000000000
 10
47.500000000
 20
82.666407440
 30
0.000000000
 10
47.500000000
 20
82.381067653
 30
0.000000000
 10
47.500000000
 20
82.125099469
 30
0.000000000
 10
47.500000000
 20
81.911338200
 30
0.000000000
 10
47.500000000
 20
81.750502730
 30
0.000000000
 10
47.500000000
 20
81.650658020
 30
0.000000000
 10
47.500000000
 20
81.616810701
 30
0.000000000
  0
SPLINE
  5
BA2
330
A02
100
AcDbEntity
  8
SectionView
100
AcDbSpline
210
0
220
0
230
1
 70
8
 71
3
 72
38
 73
34
 74
0
 40
4.712388980
 40
4.712388980
 40
4.712388980
 40
4.712388980
 40
4.824588718
 40
4.824588718
 40
4.824588718
 40
4.936788456
 40
4.936788456
 40
4.936788456
 40
5.048988193
 40
5.048988193
 40
5.048988193
 40
5.161187931
 40
5.161187931
 40
5.161187931
 40
5.273387669
 40
5.273387669
 40
5.273387669
 40
5.385587406
 40
5.385587406
 40
5.385587406
 40
5.497787144
 40
5.497787144
 40
5.497787144
 40
5.609986881
 40
5.609986881
 40
5.609986881
 40
5.722186619
 40
5.722186619
 40
5.722186619
 40
5.834386357
 40
5.834386357
 40
5.834386357
 40
6.283185307
 40
6.283185307
 40
6.283185307
 40
6.283185307
 10
47.500000000
 20
81.616810701
 30
0.000000000
 10
47.500000000
 20
81.619640207
 30
0.000000000
 10
47.500000000
 20
81.622469712
 30
0.000000000
 10
47.500000000
 20
81.625299218
 30
0.000000000
 10
47.500000000
 20
81.633752152
 30
0.000000000
 10
47.500000000
 20
81.642205086
 30
0.000000000
 10
47.500000000
 20
81.650658020
 30
0.000000000
 10
47.500000000
 20
81.664628082
 30
0.000000000
 10
47.500000000
 20
81.678598144
 30
0.000000000
 10
47.500000000
 20
81.692568205
 30
0.000000000
 10
47.500000000
 20
81.711879713
 30
0.000000000
 10
47.500000000
 20
81.731191222
 30
0.000000000
 10
47.500000000
 20
81.750502730
 30
0.000000000
 10
47.500000000
 20
81.774912831
 30
0.000000000
 10
47.500000000
 20
81.799322931
 30
0.000000000
 10
47.500000000
 20
81.823733032
 30
0.000000000
 10
47.500000000
 20
81.852934755
 30
0.000000000
 10
47.500000000
 20
81.882136477
 30
0.000000000
 10
47.500000000
 20
81.911338200
 30
0.000000000
 10
47.500000000
 20
81.944964316
 30
0.000000000
 10
47.500000000
 20
81.978590431
 30
0.000000000
 10
47.500000000
 20
82.012216547
 30
0.000000000
 10
47.500000000
 20
82.049844187
 30
0.000000000
 10
47.500000000
 20
82.087471828
 30
0.000000000
 10
47.500000000
 20
82.125099469
 30
0.000000000
 10
47.500000000
 20
82.166255445
 30
0.000000000
 10
47.500000000
 20
82.207411422
 30
0.000000000
 10
47.500000000
 20
82.248567398
 30
0.000000000
 10
47.500000000
 20
82.292734150
 30
0.000000000
 10
47.500000000
 20
82.336900902
 30
0.000000000
 10
47.500000000
 20
82.381067653
 30
0.000000000
 10
47.500000000
 20
82.564290317
 30
0.000000000
 10
47.500000000
 20
82.764590307
 30
0.000000000
 10
47.500000000
 20
82.966810701
 30
0.000000000
  0
SPLINE
  5
BA3
330
A02
100
AcDbEntity
  8
SectionView
100
AcDbSpline
210
0
220
0
230
1
 70
8
 71
2
 72
26
 73
23
 74
0
 40
0.000000000
 40
0.000000000
 40
0.000000000
 40
0.336599213
 40
0.336599213
 40
0.560998688
 40
0.560998688
 40
0.673198426
 40
0.673198426
 40
0.785398163
 40
0.785398163
 40
0.897597901
 40
0.897597901
 40
1.009797639
 40
1.009797639
 40
1.121997376
 40
1.121997376
 40
1.234197114
 40
1.234197114
 40
1.346396852
 40
1.346396852
 40
1.458596589
 40
1.458596589
 40
1.570796327
 40
1.570796327
 40
1.570796327
 10
47.500000000
 20
141.966810701
 30
0.000000000
 10
47.500000000
 20
142.195532962
 30
0.000000000
 10
47.500000000
 20
142.412687435
 30
0.000000000
 10
47.500000000
 20
142.554619330
 30
0.000000000
 10
47.500000000
 20
142.685054005
 30
0.000000000
 10
47.500000000
 20
142.746787969
 30
0.000000000
 10
47.500000000
 20
142.808521934
 30
0.000000000
 10
47.500000000
 20
142.864963395
 30
0.000000000
 10
47.500000000
 20
142.921404856
 30
0.000000000
 10
47.500000000
 20
142.971844029
 30
0.000000000
 10
47.500000000
 20
143.022283203
 30
0.000000000
 10
47.500000000
 20
143.066085786
 30
0.000000000
 10
47.500000000
 20
143.109888370
 30
0.000000000
 10
47.500000000
 20
143.146503522
 30
0.000000000
 10
47.500000000
 20
143.183118673
 30
0.000000000
 10
47.500000000
 20
143.212085935
 30
0.000000000
 10
47.500000000
 20
143.241053197
 30
0.000000000
 10
47.500000000
 20
143.262008290
 30
0.000000000
 10
47.500000000
 20
143.282963383
 30
0.000000000
 10
47.500000000
 20
143.295642784
 30
0.000000000
 10
47.500000000
 20
143.308322185
 30
0.000000000
 10
47.500000000
 20
143.312566443
 30
0.000000000
 10
47.500000000
 20
143.316810701
 30
0.000000000
  0
SPLINE
  5
BA4
330
A02
100
AcDbEntity
  8
SectionView
100
AcDbSpline
210
0
220
0
230
1
 70
8
 71
1
 72
17
 73
15
 74
0
 40
1.570796327
 40
1.570796327
 40
1.795195802
 40
2.019595277
 40
2.243994753
 40
2.468394228
 40
2.692793703
 40
2.917193178
 40
3.141592654
 40
3.365992129
 40
3.590391604
 40
3.814791079
 40
4.039190555
 40
4.263590030
 40
4.487989505
 40
4.712388980
 40
4.712388980
 10
47.500000000
 20
143.316810701
 30
0.000000000
 10
47.500000000
 20
143.282963383
 30
0.000000000
 10
47.500000000
 20
143.183118673
 30
0.000000000
 10
47.500000000
 20
143.022283203
 30
0.000000000
 10
47.500000000
 20
142.808521934
 30
0.000000000
 10
47.500000000
 20
142.552553749
 30
0.000000000
 10
47.500000000
 20
142.267213962
 30
0.000000000
 10
47.500000000
 20
141.966810701
 30
0.000000000
 10
47.500000000
 20
141.666407440
 30
0.000000000
 10
47.500000000
 20
141.381067653
 30
0.000000000
 10
47.500000000
 20
141.125099469
 30
0.000000000
 10
47.500000000
 20
140.911338200
 30
0.000000000
 10
47.500000000
 20
140.750502730
 30
0.000000000
 10
47.500000000
 20
140.650658020
 30
0.000000000
 10
47.500000000
 20
140.616810701
 30
0.000000000
  0
SPLINE
  5
BA5
330
A02
100
AcDbEntity
  8
SectionView
100
AcDbSpline
210
0
220
0
230
1
 70
8
 71
3
 72
38
 73
34
 74
0
 40
4.712388980
 40
4.712388980
 40
4.712388980
 40
4.712388980
 40
4.824588718
 40
4.824588718
 40
4.824588718
 40
4.936788456
 40
4.936788456
 40
4.936788456
 40
5.048988193
 40
5.048988193
 40
5.048988193
 40
5.161187931
 40
5.161187931
 40
5.161187931
 40
5.273387669
 40
5.273387669
 40
5.273387669
 40
5.385587406
 40
5.385587406
 40
5.385587406
 40
5.497787144
 40
5.497787144
 40
5.497787144
 40
5.609986881
 40
5.609986881
 40
5.609986881
 40
5.722186619
 40
5.722186619
 40
5.722186619
 40
5.834386357
 40
5.834386357
 40
5.834386357
 40
6.283185307
 40
6.283185307
 40
6.283185307
 40
6.283185307
 10
47.500000000
 20
140.616810701
 30
0.000000000
 10
47.500000000
 20
140.619640207
 30
0.000000000
 10
47.500000000
 20
140.622469712
 30
0.000000000
 10
47.500000000
 20
140.625299218
 30
0.000000000
 10
47.500000000
 20
140.633752152
 30
0.000000000
 10
47.500000000
 20
140.642205086
 30
0.000000000
 10
47.500000000
 20
140.650658020
 30
0.000000000
 10
47.500000000
 20
140.664628082
 30
0.000000000
 10
47.500000000
 20
140.678598144
 30
0.000000000
 10
47.500000000
 20
140.692568205
 30
0.000000000
 10
47.500000000
 20
140.711879713
 30
0.000000000
 10
47.500000000
 20
140.731191222
 30
0.000000000
 10
47.500000000
 20
140.750502730
 30
0.000000000
 10
47.500000000
 20
140.774912831
 30
0.000000000
 10
47.500000000
 20
140.799322931
 30
0.000000000
 10
47.500000000
 20
140.823733032
 30
0.000000000
 10
47.500000000
 20
140.852934755
 30
0.000000000
 10
47.500000000
 20
140.882136477
 30
0.000000000
 10
47.500000000
 20
140.911338200
 30
0.000000000
 10
47.500000000
 20
140.944964316
 30
0.000000000
 10
47.500000000
 20
140.978590431
 30
0.000000000
 10
47.500000000
 20
141.012216547
 30
0.000000000
 10
47.500000000
 20
141.049844187
 30
0.000000000
 10
47.500000000
 20
141.087471828
 30
0.000000000
 10
47.500000000
 20
141.125099469
 30
0.000000000
 10
47.500000000
 20
141.166255445
 30
0.000000000
 10
47.500000000
 20
141.207411422
 30
0.000000000
 10
47.500000000
 20
141.248567398
 30
0.000000000
 10
47.500000000
 20
141.292734150
 30
0.000000000
 10
47.500000000
 20
141.336900902
 30
0.000000000
 10
47.500000000
 20
141.381067653
 30
0.000000000
 10
47.500000000
 20
141.564290317
 30
0.000000000
 10
47.500000000
 20
141.764590307
 30
0.000000000
 10
47.500000000
 20
141.966810701
 30
0.000000000
  0
SPLINE
  5
BA6
330
A02
100
AcDbEntity
  8
SectionView
100
AcDbSpline
210
0
220
0
230
1
 70
8
 71
2
 72
26
 73
23
 74
0
 40
0.000000000
 40
0.000000000
 40
0.000000000
 40
0.336599213
 40
0.336599213
 40
0.560998688
 40
0.560998688
 40
0.673198426
 40
0.673198426
 40
0.785398163
 40
0.785398163
 40
0.897597901
 40
0.897597901
 40
1.009797639
 40
1.009797639
 40
1.121997376
 40
1.121997376
 40
1.234197114
 40
1.234197114
 40
1.346396852
 40
1.346396852
 40
1.458596589
 40
1.458596589
 40
1.570796327
 40
1.570796327
 40
1.570796327
 10
44.500000000
 20
149.966810701
 30
0.000000000
 10
44.500000000
 20
150.195532962
 30
0.000000000
 10
44.500000000
 20
150.412687435
 30
0.000000000
 10
44.500000000
 20
150.554619330
 30
0.000000000
 10
44.500000000
 20
150.685054005
 30
0.000000000
 10
44.500000000
 20
150.746787969
 30
0.000000000
 10
44.500000000
 20
150.808521934
 30
0.000000000
 10
44.500000000
 20
150.864963395
 30
0.000000000
 10
44.500000000
 20
150.921404856
 30
0.000000000
 10
44.500000000
 20
150.971844029
 30
0.000000000
 10
44.500000000
 20
151.022283203
 30
0.000000000
 10
44.500000000
 20
151.066085786
 30
0.000000000
 10
44.500000000
 20
151.109888370
 30
0.000000000
 10
44.500000000
 20
151.146503522
 30
0.000000000
 10
44.500000000
 20
151.183118673
 30
0.000000000
 10
44.500000000
 20
151.212085935
 30
0.000000000
 10
44.500000000
 20
151.241053197
 30
0.000000000
 10
44.500000000
 20
151.262008290
 30
0.000000000
 10
44.500000000
 20
151.282963383
 30
0.000000000
 10
44.500000000
 20
151.295642784
 30
0.000000000
 10
44.500000000
 20
151.308322185
 30
0.000000000
 10
44.500000000
 20
151.312566443
 30
0.000000000
 10
44.500000000
 20
151.316810701
 30
0.000000000
  0
SPLINE
  5
BA7
330
A02
100
AcDbEntity
  8
SectionView
100
AcDbSpline
210
0
220
0
230
1
 70
8
 71
1
 72
17
 73
15
 74
0
 40
1.570796327
 40
1.570796327
 40
1.795195802
 40
2.019595277
 40
2.243994753
 40
2.468394228
 40
2.692793703
 40
2.917193178
 40
3.141592654
 40
3.365992129
 40
3.590391604
 40
3.814791079
 40
4.039190555
 40
4.263590030
 40
4.487989505
 40
4.712388980
 40
4.712388980
 10
44.500000000
 20
151.316810701
 30
0.000000000
 10
44.500000000
 20
151.282963383
 30
0.000000000
 10
44.500000000
 20
151.183118673
 30
0.000000000
 10
44.500000000
 20
151.022283203
 30
0.000000000
 10
44.500000000
 20
150.808521934
 30
0.000000000
 10
44.500000000
 20
150.552553749
 30
0.000000000
 10
44.500000000
 20
150.267213962
 30
0.000000000
 10
44.500000000
 20
149.966810701
 30
0.000000000
 10
44.500000000
 20
149.666407440
 30
0.000000000
 10
44.500000000
 20
149.381067653
 30
0.000000000
 10
44.500000000
 20
149.125099469
 30
0.000000000
 10
44.500000000
 20
148.911338200
 30
0.000000000
 10
44.500000000
 20
148.750502730
 30
0.000000000
 10
44.500000000
 20
148.650658020
 30
0.000000000
 10
44.500000000
 20
148.616810701
 30
0.000000000
  0
SPLINE
  5
BA8
330
A02
100
AcDbEntity
  8
SectionView
100
AcDbSpline
210
0
220
0
230
1
 70
8
 71
3
 72
38
 73
34
 74
0
 40
4.712388980
 40
4.712388980
 40
4.712388980
 40
4.712388980
 40
4.824588718
 40
4.824588718
 40
4.824588718
 40
4.936788456
 40
4.936788456
 40
4.936788456
 40
5.048988193
 40
5.048988193
 40
5.048988193
 40
5.161187931
 40
5.161187931
 40
5.161187931
 40
5.273387669
 40
5.273387669
 40
5.273387669
 40
5.385587406
 40
5.385587406
 40
5.385587406
 40
5.497787144
 40
5.497787144
 40
5.497787144
 40
5.609986881
 40
5.609986881
 40
5.609986881
 40
5.722186619
 40
5.722186619
 40
5.722186619
 40
5.834386357
 40
5.834386357
 40
5.834386357
 40
6.283185307
 40
6.283185307
 40
6.283185307
 40
6.283185307
 10
44.500000000
 20
148.616810701
 30
0.000000000
 10
44.500000000
 20
148.619640207
 30
0.000000000
 10
44.500000000
 20
148.622469712
 30
0.000000000
 10
44.500000000
 20
148.625299218
 30
0.000000000
 10
44.500000000
 20
148.633752152
 30
0.000000000
 10
44.500000000
 20
148.642205086
 30
0.000000000
 10
44.500000000
 20
148.650658020
 30
0.000000000
 10
44.500000000
 20
148.664628082
 30
0.000000000
 10
44.500000000
 20
148.678598144
 30
0.000000000
 10
44.500000000
 20
148.692568205
 30
0.000000000
 10
44.500000000
 20
148.711879713
 30
0.000000000
 10
44.500000000
 20
148.731191222
 30
0.000000000
 10
44.500000000
 20
148.750502730
 30
0.000000000
 10
44.500000000
 20
148.774912831
 30
0.000000000
 10
44.500000000
 20
148.799322931
 30
0.000000000
 10
44.500000000
 20
148.823733032
 30
0.000000000
 10
44.500000000
 20
148.852934755
 30
0.000000000
 10
44.500000000
 20
148.882136477
 30
0.000000000
 10
44.500000000
 20
148.911338200
 30
0.000000000
 10
44.500000000
 20
148.944964316
 30
0.000000000
 10
44.500000000
 20
148.978590431
 30
0.000000000
 10
44.500000000
 20
149.012216547
 30
0.000000000
 10
44.500000000
 20
149.049844187
 30
0.000000000
 10
44.500000000
 20
149.087471828
 30
0.000000000
 10
44.500000000
 20
149.125099469
 30
0.000000000
 10
44.500000000
 20
149.166255445
 30
0.000000000
 10
44.500000000
 20
149.207411422
 30
0.000000000
 10
44.500000000
 20
149.248567398
 30
0.000000000
 10
44.500000000
 20
149.292734150
 30
0.000000000
 10
44.500000000
 20
149.336900902
 30
0.000000000
 10
44.500000000
 20
149.381067653
 30
0.000000000
 10
44.500000000
 20
149.564290317
 30
0.000000000
 10
44.500000000
 20
149.764590307
 30
0.000000000
 10
44.500000000
 20
149.966810701
 30
0.000000000
  0
SPLINE
  5
BA9
330
A02
100
AcDbEntity
  8
SectionView
100
AcDbSpline
210
0
220
0
230
1
 70
8
 71
2
 72
26
 73
23
 74
0
 40
0.000000000
 40
0.000000000
 40
0.000000000
 40
0.336599213
 40
0.336599213
 40
0.560998688
 40
0.560998688
 40
0.673198426
 40
0.673198426
 40
0.785398163
 40
0.785398163
 40
0.897597901
 40
0.897597901
 40
1.009797639
 40
1.009797639
 40
1.121997376
 40
1.121997376
 40
1.234197114
 40
1.234197114
 40
1.346396852
 40
1.346396852
 40
1.458596589
 40
1.458596589
 40
1.570796327
 40
1.570796327
 40
1.570796327
 10
47.500000000
 20
141.966810701
 30
0.000000000
 10
47.500000000
 20
142.195532962
 30
0.000000000
 10
47.500000000
 20
142.412687435
 30
0.000000000
 10
47.500000000
 20
142.554619330
 30
0.000000000
 10
47.500000000
 20
142.685054005
 30
0.000000000
 10
47.500000000
 20
142.746787969
 30
0.000000000
 10
47.500000000
 20
142.808521934
 30
0.000000000
 10
47.500000000
 20
142.864963395
 30
0.000000000
 10
47.500000000
 20
142.921404856
 30
0.000000000
 10
47.500000000
 20
142.971844029
 30
0.000000000
 10
47.500000000
 20
143.022283203
 30
0.000000000
 10
47.500000000
 20
143.066085786
 30
0.000000000
 10
47.500000000
 20
143.109888370
 30
0.000000000
 10
47.500000000
 20
143.146503522
 30
0.000000000
 10
47.500000000
 20
143.183118673
 30
0.000000000
 10
47.500000000
 20
143.212085935
 30
0.000000000
 10
47.500000000
 20
143.241053197
 30
0.000000000
 10
47.500000000
 20
143.262008290
 30
0.000000000
 10
47.500000000
 20
143.282963383
 30
0.000000000
 10
47.500000000
 20
143.295642784
 30
0.000000000
 10
47.500000000
 20
143.308322185
 30
0.000000000
 10
47.500000000
 20
143.312566443
 30
0.000000000
 10
47.500000000
 20
143.316810701
 30
0.000000000
  0
SPLINE
  5
BAA
330
A02
100
AcDbEntity
  8
SectionView
100
AcDbSpline
210
0
220
0
230
1
 70
8
 71
1
 72
17
 73
15
 74
0
 40
1.570796327
 40
1.570796327
 40
1.795195802
 40
2.019595277
 40
2.243994753
 40
2.468394228
 40
2.692793703
 40
2.917193178
 40
3.141592654
 40
3.365992129
 40
3.590391604
 40
3.814791079
 40
4.039190555
 40
4.263590030
 40
4.487989505
 40
4.712388980
 40
4.712388980
 10
47.500000000
 20
143.316810701
 30
0.000000000
 10
47.500000000
 20
143.282963383
 30
0.000000000
 10
47.500000000
 20
143.183118673
 30
0.000000000
 10
47.500000000
 20
143.022283203
 30
0.000000000
 10
47.500000000
 20
142.808521934
 30
0.000000000
 10
47.500000000
 20
142.552553749
 30
0.000000000
 10
47.500000000
 20
142.267213962
 30
0.000000000
 10
47.500000000
 20
141.966810701
 30
0.000000000
 10
47.500000000
 20
141.666407440
 30
0.000000000
 10
47.500000000
 20
141.381067653
 30
0.000000000
 10
47.500000000
 20
141.125099469
 30
0.000000000
 10
47.500000000
 20
140.911338200
 30
0.000000000
 10
47.500000000
 20
140.750502730
 30
0.000000000
 10
47.500000000
 20
140.650658020
 30
0.000000000
 10
47.500000000
 20
140.616810701
 30
0.000000000
  0
SPLINE
  5
BAB
330
A02
100
AcDbEntity
  8
SectionView
100
AcDbSpline
210
0
220
0
230
1
 70
8
 71
3
 72
38
 73
34
 74
0
 40
4.712388980
 40
4.712388980
 40
4.712388980
 40
4.712388980
 40
4.824588718
 40
4.824588718
 40
4.824588718
 40
4.936788456
 40
4.936788456
 40
4.936788456
 40
5.048988193
 40
5.048988193
 40
5.048988193
 40
5.161187931
 40
5.161187931
 40
5.161187931
 40
5.273387669
 40
5.273387669
 40
5.273387669
 40
5.385587406
 40
5.385587406
 40
5.385587406
 40
5.497787144
 40
5.497787144
 40
5.497787144
 40
5.609986881
 40
5.609986881
 40
5.609986881
 40
5.722186619
 40
5.722186619
 40
5.722186619
 40
5.834386357
 40
5.834386357
 40
5.834386357
 40
6.283185307
 40
6.283185307
 40
6.283185307
 40
6.283185307
 10
47.500000000
 20
140.616810701
 30
0.000000000
 10
47.500000000
 20
140.619640207
 30
0.000000000
 10
47.500000000
 20
140.622469712
 30
0.000000000
 10
47.500000000
 20
140.625299218
 30
0.000000000
 10
47.500000000
 20
140.633752152
 30
0.000000000
 10
47.500000000
 20
140.642205086
 30
0.000000000
 10
47.500000000
 20
140.650658020
 30
0.000000000
 10
47.500000000
 20
140.664628082
 30
0.000000000
 10
47.500000000
 20
140.678598144
 30
0.000000000
 10
47.500000000
 20
140.692568205
 30
0.000000000
 10
47.500000000
 20
140.711879713
 30
0.000000000
 10
47.500000000
 20
140.731191222
 30
0.000000000
 10
47.500000000
 20
140.750502730
 30
0.000000000
 10
47.500000000
 20
140.774912831
 30
0.000000000
 10
47.500000000
 20
140.799322931
 30
0.000000000
 10
47.500000000
 20
140.823733032
 30
0.000000000
 10
47.500000000
 20
140.852934755
 30
0.000000000
 10
47.500000000
 20
140.882136477
 30
0.000000000
 10
47.500000000
 20
140.911338200
 30
0.000000000
 10
47.500000000
 20
140.944964316
 30
0.000000000
 10
47.500000000
 20
140.978590431
 30
0.000000000
 10
47.500000000
 20
141.012216547
 30
0.000000000
 10
47.500000000
 20
141.049844187
 30
0.000000000
 10
47.500000000
 20
141.087471828
 30
0.000000000
 10
47.500000000
 20
141.125099469
 30
0.000000000
 10
47.500000000
 20
141.166255445
 30
0.000000000
 10
47.500000000
 20
141.207411422
 30
0.000000000
 10
47.500000000
 20
141.248567398
 30
0.000000000
 10
47.500000000
 20
141.292734150
 30
0.000000000
 10
47.500000000
 20
141.336900902
 30
0.000000000
 10
47.500000000
 20
141.381067653
 30
0.000000000
 10
47.500000000
 20
141.564290317
 30
0.000000000
 10
47.500000000
 20
141.764590307
 30
0.000000000
 10
47.500000000
 20
141.966810701
 30
0.000000000
  0
SPLINE
  5
BAC
330
A02
100
AcDbEntity
  8
SectionView
100
AcDbSpline
210
0
220
0
230
1
 70
8
 71
2
 72
26
 73
23
 74
0
 40
0.000000000
 40
0.000000000
 40
0.000000000
 40
0.336599213
 40
0.336599213
 40
0.560998688
 40
0.560998688
 40
0.673198426
 40
0.673198426
 40
0.785398163
 40
0.785398163
 40
0.897597901
 40
0.897597901
 40
1.009797639
 40
1.009797639
 40
1.121997376
 40
1.121997376
 40
1.234197114
 40
1.234197114
 40
1.346396852
 40
1.346396852
 40
1.458596589
 40
1.458596589
 40
1.570796327
 40
1.570796327
 40
1.570796327
 10
44.500000000
 20
149.966810701
 30
0.000000000
 10
44.500000000
 20
150.195532962
 30
0.000000000
 10
44.500000000
 20
150.412687435
 30
0.000000000
 10
44.500000000
 20
150.554619330
 30
0.000000000
 10
44.500000000
 20
150.685054005
 30
0.000000000
 10
44.500000000
 20
150.746787969
 30
0.000000000
 10
44.500000000
 20
150.808521934
 30
0.000000000
 10
44.500000000
 20
150.864963395
 30
0.000000000
 10
44.500000000
 20
150.921404856
 30
0.000000000
 10
44.500000000
 20
150.971844029
 30
0.000000000
 10
44.500000000
 20
151.022283203
 30
0.000000000
 10
44.500000000
 20
151.066085786
 30
0.000000000
 10
44.500000000
 20
151.109888370
 30
0.000000000
 10
44.500000000
 20
151.146503522
 30
0.000000000
 10
44.500000000
 20
151.183118673
 30
0.000000000
 10
44.500000000
 20
151.212085935
 30
0.000000000
 10
44.500000000
 20
151.241053197
 30
0.000000000
 10
44.500000000
 20
151.262008290
 30
0.000000000
 10
44.500000000
 20
151.282963383
 30
0.000000000
 10
44.500000000
 20
151.295642784
 30
0.000000000
 10
44.500000000
 20
151.308322185
 30
0.000000000
 10
44.500000000
 20
151.312566443
 30
0.000000000
 10
44.500000000
 20
151.316810701
 30
0.000000000
  0
SPLINE
  5
BAD
330
A02
100
AcDbEntity
  8
SectionView
100
AcDbSpline
210
0
220
0
230
1
 70
8
 71
1
 72
17
 73
15
 74
0
 40
1.570796327
 40
1.570796327
 40
1.795195802
 40
2.019595277
 40
2.243994753
 40
2.468394228
 40
2.692793703
 40
2.917193178
 40
3.141592654
 40
3.365992129
 40
3.590391604
 40
3.814791079
 40
4.039190555
 40
4.263590030
 40
4.487989505
 40
4.712388980
 40
4.712388980
 10
44.500000000
 20
151.316810701
 30
0.000000000
 10
44.500000000
 20
151.282963383
 30
0.000000000
 10
44.500000000
 20
151.183118673
 30
0.000000000
 10
44.500000000
 20
151.022283203
 30
0.000000000
 10
44.500000000
 20
150.808521934
 30
0.000000000
 10
44.500000000
 20
150.552553749
 30
0.000000000
 10
44.500000000
 20
150.267213962
 30
0.000000000
 10
44.500000000
 20
149.966810701
 30
0.000000000
 10
44.500000000
 20
149.666407440
 30
0.000000000
 10
44.500000000
 20
149.381067653
 30
0.000000000
 10
44.500000000
 20
149.125099469
 30
0.000000000
 10
44.500000000
 20
148.911338200
 30
0.000000000
 10
44.500000000
 20
148.750502730
 30
0.000000000
 10
44.500000000
 20
148.650658020
 30
0.000000000
 10
44.500000000
 20
148.616810701
 30
0.000000000
  0
SPLINE
  5
BAE
330
A02
100
AcDbEntity
  8
SectionView
100
AcDbSpline
210
0
220
0
230
1
 70
8
 71
3
 72
38
 73
34
 74
0
 40
4.712388980
 40
4.712388980
 40
4.712388980
 40
4.712388980
 40
4.824588718
 40
4.824588718
 40
4.824588718
 40
4.936788456
 40
4.936788456
 40
4.936788456
 40
5.048988193
 40
5.048988193
 40
5.048988193
 40
5.161187931
 40
5.161187931
 40
5.161187931
 40
5.273387669
 40
5.273387669
 40
5.273387669
 40
5.385587406
 40
5.385587406
 40
5.385587406
 40
5.497787144
 40
5.497787144
 40
5.497787144
 40
5.609986881
 40
5.609986881
 40
5.609986881
 40
5.722186619
 40
5.722186619
 40
5.722186619
 40
5.834386357
 40
5.834386357
 40
5.834386357
 40
6.283185307
 40
6.283185307
 40
6.283185307
 40
6.283185307
 10
44.500000000
 20
148.616810701
 30
0.000000000
 10
44.500000000
 20
148.619640207
 30
0.000000000
 10
44.500000000
 20
148.622469712
 30
0.000000000
 10
44.500000000
 20
148.625299218
 30
0.000000000
 10
44.500000000
 20
148.633752152
 30
0.000000000
 10
44.500000000
 20
148.642205086
 30
0.000000000
 10
44.500000000
 20
148.650658020
 30
0.000000000
 10
44.500000000
 20
148.664628082
 30
0.000000000
 10
44.500000000
 20
148.678598144
 30
0.000000000
 10
44.500000000
 20
148.692568205
 30
0.000000000
 10
44.500000000
 20
148.711879713
 30
0.000000000
 10
44.500000000
 20
148.731191222
 30
0.000000000
 10
44.500000000
 20
148.750502730
 30
0.000000000
 10
44.500000000
 20
148.774912831
 30
0.000000000
 10
44.500000000
 20
148.799322931
 30
0.000000000
 10
44.500000000
 20
148.823733032
 30
0.000000000
 10
44.500000000
 20
148.852934755
 30
0.000000000
 10
44.500000000
 20
148.882136477
 30
0.000000000
 10
44.500000000
 20
148.911338200
 30
0.000000000
 10
44.500000000
 20
148.944964316
 30
0.000000000
 10
44.500000000
 20
148.978590431
 30
0.000000000
 10
44.500000000
 20
149.012216547
 30
0.000000000
 10
44.500000000
 20
149.049844187
 30
0.000000000
 10
44.500000000
 20
149.087471828
 30
0.000000000
 10
44.500000000
 20
149.125099469
 30
0.000000000
 10
44.500000000
 20
149.166255445
 30
0.000000000
 10
44.500000000
 20
149.207411422
 30
0.000000000
 10
44.500000000
 20
149.248567398
 30
0.000000000
 10
44.500000000
 20
149.292734150
 30
0.000000000
 10
44.500000000
 20
149.336900902
 30
0.000000000
 10
44.500000000
 20
149.381067653
 30
0.000000000
 10
44.500000000
 20
149.564290317
 30
0.000000000
 10
44.500000000
 20
149.764590307
 30
0.000000000
 10
44.500000000
 20
149.966810701
 30
0.000000000
  0
SPLINE
  5
BAF
330
A02
100
AcDbEntity
  8
SectionView
100
AcDbSpline
210
0
220
0
230
1
 70
8
 71
2
 72
26
 73
23
 74
0
 40
0.000000000
 40
0.000000000
 40
0.000000000
 40
0.336599213
 40
0.336599213
 40
0.560998688
 40
0.560998688
 40
0.673198426
 40
0.673198426
 40
0.785398163
 40
0.785398163
 40
0.897597901
 40
0.897597901
 40
1.009797639
 40
1.009797639
 40
1.121997376
 40
1.121997376
 40
1.234197114
 40
1.234197114
 40
1.346396852
 40
1.346396852
 40
1.458596589
 40
1.458596589
 40
1.570796327
 40
1.570796327
 40
1.570796327
 10
53.500000000
 20
82.966810701
 30
0.000000000
 10
53.500000000
 20
83.195532962
 30
0.000000000
 10
53.500000000
 20
83.412687435
 30
0.000000000
 10
53.500000000
 20
83.554619330
 30
0.000000000
 10
53.500000000
 20
83.685054005
 30
0.000000000
 10
53.500000000
 20
83.746787969
 30
0.000000000
 10
53.500000000
 20
83.808521934
 30
0.000000000
 10
53.500000000
 20
83.864963395
 30
0.000000000
 10
53.500000000
 20
83.921404856
 30
0.000000000
 10
53.500000000
 20
83.971844029
 30
0.000000000
 10
53.500000000
 20
84.022283203
 30
0.000000000
 10
53.500000000
 20
84.066085786
 30
0.000000000
 10
53.500000000
 20
84.109888370
 30
0.000000000
 10
53.500000000
 20
84.146503522
 30
0.000000000
 10
53.500000000
 20
84.183118673
 30
0.000000000
 10
53.500000000
 20
84.212085935
 30
0.000000000
 10
53.500000000
 20
84.241053197
 30
0.000000000
 10
53.500000000
 20
84.262008290
 30
0.000000000
 10
53.500000000
 20
84.282963383
 30
0.000000000
 10
53.500000000
 20
84.295642784
 30
0.000000000
 10
53.500000000
 20
84.308322185
 30
0.000000000
 10
53.500000000
 20
84.312566443
 30
0.000000000
 10
53.500000000
 20
84.316810701
 30
0.000000000
  0
SPLINE
  5
BB0
330
A02
100
AcDbEntity
  8
SectionView
100
AcDbSpline
210
0
220
0
230
1
 70
8
 71
1
 72
17
 73
15
 74
0
 40
1.570796327
 40
1.570796327
 40
1.795195802
 40
2.019595277
 40
2.243994753
 40
2.468394228
 40
2.692793703
 40
2.917193178
 40
3.141592654
 40
3.365992129
 40
3.590391604
 40
3.814791079
 40
4.039190555
 40
4.263590030
 40
4.487989505
 40
4.712388980
 40
4.712388980
 10
53.500000000
 20
84.316810701
 30
0.000000000
 10
53.500000000
 20
84.282963383
 30
0.000000000
 10
53.500000000
 20
84.183118673
 30
0.000000000
 10
53.500000000
 20
84.022283203
 30
0.000000000
 10
53.500000000
 20
83.808521934
 30
0.000000000
 10
53.500000000
 20
83.552553749
 30
0.000000000
 10
53.500000000
 20
83.267213962
 30
0.000000000
 10
53.500000000
 20
82.966810701
 30
0.000000000
 10
53.500000000
 20
82.666407440
 30
0.000000000
 10
53.500000000
 20
82.381067653
 30
0.000000000
 10
53.500000000
 20
82.125099469
 30
0.000000000
 10
53.500000000
 20
81.911338200
 30
0.000000000
 10
53.500000000
 20
81.750502730
 30
0.000000000
 10
53.500000000
 20
81.650658020
 30
0.000000000
 10
53.500000000
 20
81.616810701
 30
0.000000000
  0
SPLINE
  5
BB1
330
A02
100
AcDbEntity
  8
SectionView
100
AcDbSpline
210
0
220
0
230
1
 70
8
 71
3
 72
38
 73
34
 74
0
 40
4.712388980
 40
4.712388980
 40
4.712388980
 40
4.712388980
 40
4.824588718
 40
4.824588718
 40
4.824588718
 40
4.936788456
 40
4.936788456
 40
4.936788456
 40
5.048988193
 40
5.048988193
 40
5.048988193
 40
5.161187931
 40
5.161187931
 40
5.161187931
 40
5.273387669
 40
5.273387669
 40
5.273387669
 40
5.385587406
 40
5.385587406
 40
5.385587406
 40
5.497787144
 40
5.497787144
 40
5.497787144
 40
5.609986881
 40
5.609986881
 40
5.609986881
 40
5.722186619
 40
5.722186619
 40
5.722186619
 40
5.834386357
 40
5.834386357
 40
5.834386357
 40
6.283185307
 40
6.283185307
 40
6.283185307
 40
6.283185307
 10
53.500000000
 20
81.616810701
 30
0.000000000
 10
53.500000000
 20
81.619640207
 30
0.000000000
 10
53.500000000
 20
81.622469712
 30
0.000000000
 10
53.500000000
 20
81.625299218
 30
0.000000000
 10
53.500000000
 20
81.633752152
 30
0.000000000
 10
53.500000000
 20
81.642205086
 30
0.000000000
 10
53.500000000
 20
81.650658020
 30
0.000000000
 10
53.500000000
 20
81.664628082
 30
0.000000000
 10
53.500000000
 20
81.678598144
 30
0.000000000
 10
53.500000000
 20
81.692568205
 30
0.000000000
 10
53.500000000
 20
81.711879713
 30
0.000000000
 10
53.500000000
 20
81.731191222
 30
0.000000000
 10
53.500000000
 20
81.750502730
 30
0.000000000
 10
53.500000000
 20
81.774912831
 30
0.000000000
 10
53.500000000
 20
81.799322931
 30
0.000000000
 10
53.500000000
 20
81.823733032
 30
0.000000000
 10
53.500000000
 20
81.852934755
 30
0.000000000
 10
53.500000000
 20
81.882136477
 30
0.000000000
 10
53.500000000
 20
81.911338200
 30
0.000000000
 10
53.500000000
 20
81.944964316
 30
0.000000000
 10
53.500000000
 20
81.978590431
 30
0.000000000
 10
53.500000000
 20
82.012216547
 30
0.000000000
 10
53.500000000
 20
82.049844187
 30
0.000000000
 10
53.500000000
 20
82.087471828
 30
0.000000000
 10
53.500000000
 20
82.125099469
 30
0.000000000
 10
53.500000000
 20
82.166255445
 30
0.000000000
 10
53.500000000
 20
82.207411422
 30
0.000000000
 10
53.500000000
 20
82.248567398
 30
0.000000000
 10
53.500000000
 20
82.292734150
 30
0.000000000
 10
53.500000000
 20
82.336900902
 30
0.000000000
 10
53.500000000
 20
82.381067653
 30
0.000000000
 10
53.500000000
 20
82.564290317
 30
0.000000000
 10
53.500000000
 20
82.764590307
 30
0.000000000
 10
53.500000000
 20
82.966810701
 30
0.000000000
  0
SPLINE
  5
BB2
330
A02
100
AcDbEntity
  8
SectionView
100
AcDbSpline
210
0
220
0
230
1
 70
8
 71
2
 72
26
 73
23
 74
0
 40
0.000000000
 40
0.000000000
 40
0.000000000
 40
0.336599213
 40
0.336599213
 40
0.560998688
 40
0.560998688
 40
0.673198426
 40
0.673198426
 40
0.785398163
 40
0.785398163
 40
0.897597901
 40
0.897597901
 40
1.009797639
 40
1.009797639
 40
1.121997376
 40
1.121997376
 40
1.234197114
 40
1.234197114
 40
1.346396852
 40
1.346396852
 40
1.458596589
 40
1.458596589
 40
1.570796327
 40
1.570796327
 40
1.570796327
 10
53.500000000
 20
82.966810701
 30
0.000000000
 10
53.500000000
 20
83.195532962
 30
0.000000000
 10
53.500000000
 20
83.412687435
 30
0.000000000
 10
53.500000000
 20
83.554619330
 30
0.000000000
 10
53.500000000
 20
83.685054005
 30
0.000000000
 10
53.500000000
 20
83.746787969
 30
0.000000000
 10
53.500000000
 20
83.808521934
 30
0.000000000
 10
53.500000000
 20
83.864963395
 30
0.000000000
 10
53.500000000
 20
83.921404856
 30
0.000000000
 10
53.500000000
 20
83.971844029
 30
0.000000000
 10
53.500000000
 20
84.022283203
 30
0.000000000
 10
53.500000000
 20
84.066085786
 30
0.000000000
 10
53.500000000
 20
84.109888370
 30
0.000000000
 10
53.500000000
 20
84.146503522
 30
0.000000000
 10
53.500000000
 20
84.183118673
 30
0.000000000
 10
53.500000000
 20
84.212085935
 30
0.000000000
 10
53.500000000
 20
84.241053197
 30
0.000000000
 10
53.500000000
 20
84.262008290
 30
0.000000000
 10
53.500000000
 20
84.282963383
 30
0.000000000
 10
53.500000000
 20
84.295642784
 30
0.000000000
 10
53.500000000
 20
84.308322185
 30
0.000000000
 10
53.500000000
 20
84.312566443
 30
0.000000000
 10
53.500000000
 20
84.316810701
 30
0.000000000
  0
SPLINE
  5
BB3
330
A02
100
AcDbEntity
  8
SectionView
100
AcDbSpline
210
0
220
0
230
1
 70
8
 71
1
 72
17
 73
15
 74
0
 40
1.570796327
 40
1.570796327
 40
1.795195802
 40
2.019595277
 40
2.243994753
 40
2.468394228
 40
2.692793703
 40
2.917193178
 40
3.141592654
 40
3.365992129
 40
3.590391604
 40
3.814791079
 40
4.039190555
 40
4.263590030
 40
4.487989505
 40
4.712388980
 40
4.712388980
 10
53.500000000
 20
84.316810701
 30
0.000000000
 10
53.500000000
 20
84.282963383
 30
0.000000000
 10
53.500000000
 20
84.183118673
 30
0.000000000
 10
53.500000000
 20
84.022283203
 30
0.000000000
 10
53.500000000
 20
83.808521934
 30
0.000000000
 10
53.500000000
 20
83.552553749
 30
0.000000000
 10
53.500000000
 20
83.267213962
 30
0.000000000
 10
53.500000000
 20
82.966810701
 30
0.000000000
 10
53.500000000
 20
82.666407440
 30
0.000000000
 10
53.500000000
 20
82.381067653
 30
0.000000000
 10
53.500000000
 20
82.125099469
 30
0.000000000
 10
53.500000000
 20
81.911338200
 30
0.000000000
 10
53.500000000
 20
81.750502730
 30
0.000000000
 10
53.500000000
 20
81.650658020
 30
0.000000000
 10
53.500000000
 20
81.616810701
 30
0.000000000
  0
SPLINE
  5
BB4
330
A02
100
AcDbEntity
  8
SectionView
100
AcDbSpline
210
0
220
0
230
1
 70
8
 71
3
 72
38
 73
34
 74
0
 40
4.712388980
 40
4.712388980
 40
4.712388980
 40
4.712388980
 40
4.824588718
 40
4.824588718
 40
4.824588718
 40
4.936788456
 40
4.936788456
 40
4.936788456
 40
5.048988193
 40
5.048988193
 40
5.048988193
 40
5.161187931
 40
5.161187931
 40
5.161187931
 40
5.273387669
 40
5.273387669
 40
5.273387669
 40
5.385587406
 40
5.385587406
 40
5.385587406
 40
5.497787144
 40
5.497787144
 40
5.497787144
 40
5.609986881
 40
5.609986881
 40
5.609986881
 40
5.722186619
 40
5.722186619
 40
5.722186619
 40
5.834386357
 40
5.834386357
 40
5.834386357
 40
6.283185307
 40
6.283185307
 40
6.283185307
 40
6.283185307
 10
53.500000000
 20
81.616810701
 30
0.000000000
 10
53.500000000
 20
81.619640207
 30
0.000000000
 10
53.500000000
 20
81.622469712
 30
0.000000000
 10
53.500000000
 20
81.625299218
 30
0.000000000
 10
53.500000000
 20
81.633752152
 30
0.000000000
 10
53.500000000
 20
81.642205086
 30
0.000000000
 10
53.500000000
 20
81.650658020
 30
0.000000000
 10
53.500000000
 20
81.664628082
 30
0.000000000
 10
53.500000000
 20
81.678598144
 30
0.000000000
 10
53.500000000
 20
81.692568205
 30
0.000000000
 10
53.500000000
 20
81.711879713
 30
0.000000000
 10
53.500000000
 20
81.731191222
 30
0.000000000
 10
53.500000000
 20
81.750502730
 30
0.000000000
 10
53.500000000
 20
81.774912831
 30
0.000000000
 10
53.500000000
 20
81.799322931
 30
0.000000000
 10
53.500000000
 20
81.823733032
 30
0.000000000
 10
53.500000000
 20
81.852934755
 30
0.000000000
 10
53.500000000
 20
81.882136477
 30
0.000000000
 10
53.500000000
 20
81.911338200
 30
0.000000000
 10
53.500000000
 20
81.944964316
 30
0.000000000
 10
53.500000000
 20
81.978590431
 30
0.000000000
 10
53.500000000
 20
82.012216547
 30
0.000000000
 10
53.500000000
 20
82.049844187
 30
0.000000000
 10
53.500000000
 20
82.087471828
 30
0.000000000
 10
53.500000000
 20
82.125099469
 30
0.000000000
 10
53.500000000
 20
82.166255445
 30
0.000000000
 10
53.500000000
 20
82.207411422
 30
0.000000000
 10
53.500000000
 20
82.248567398
 30
0.000000000
 10
53.500000000
 20
82.292734150
 30
0.000000000
 10
53.500000000
 20
82.336900902
 30
0.000000000
 10
53.500000000
 20
82.381067653
 30
0.000000000
 10
53.500000000
 20
82.564290317
 30
0.000000000
 10
53.500000000
 20
82.764590307
 30
0.000000000
 10
53.500000000
 20
82.966810701
 30
0.000000000
  0
SPLINE
  5
BB5
330
A02
100
AcDbEntity
  8
SectionView
100
AcDbSpline
210
0
220
0
230
1
 70
8
 71
2
 72
26
 73
23
 74
0
 40
0.000000000
 40
0.000000000
 40
0.000000000
 40
0.336599213
 40
0.336599213
 40
0.560998688
 40
0.560998688
 40
0.673198426
 40
0.673198426
 40
0.785398163
 40
0.785398163
 40
0.897597901
 40
0.897597901
 40
1.009797639
 40
1.009797639
 40
1.121997376
 40
1.121997376
 40
1.234197114
 40
1.234197114
 40
1.346396852
 40
1.346396852
 40
1.458596589
 40
1.458596589
 40
1.570796327
 40
1.570796327
 40
1.570796327
 10
53.500000000
 20
141.966810701
 30
0.000000000
 10
53.500000000
 20
142.195532962
 30
0.000000000
 10
53.500000000
 20
142.412687435
 30
0.000000000
 10
53.500000000
 20
142.554619330
 30
0.000000000
 10
53.500000000
 20
142.685054005
 30
0.000000000
 10
53.500000000
 20
142.746787969
 30
0.000000000
 10
53.500000000
 20
142.808521934
 30
0.000000000
 10
53.500000000
 20
142.864963395
 30
0.000000000
 10
53.500000000
 20
142.921404856
 30
0.000000000
 10
53.500000000
 20
142.971844029
 30
0.000000000
 10
53.500000000
 20
143.022283203
 30
0.000000000
 10
53.500000000
 20
143.066085786
 30
0.000000000
 10
53.500000000
 20
143.109888370
 30
0.000000000
 10
53.500000000
 20
143.146503522
 30
0.000000000
 10
53.500000000
 20
143.183118673
 30
0.000000000
 10
53.500000000
 20
143.212085935
 30
0.000000000
 10
53.500000000
 20
143.241053197
 30
0.000000000
 10
53.500000000
 20
143.262008290
 30
0.000000000
 10
53.500000000
 20
143.282963383
 30
0.000000000
 10
53.500000000
 20
143.295642784
 30
0.000000000
 10
53.500000000
 20
143.308322185
 30
0.000000000
 10
53.500000000
 20
143.312566443
 30
0.000000000
 10
53.500000000
 20
143.316810701
 30
0.000000000
  0
SPLINE
  5
BB6
330
A02
100
AcDbEntity
  8
SectionView
100
AcDbSpline
210
0
220
0
230
1
 70
8
 71
1
 72
17
 73
15
 74
0
 40
1.570796327
 40
1.570796327
 40
1.795195802
 40
2.019595277
 40
2.243994753
 40
2.468394228
 40
2.692793703
 40
2.917193178
 40
3.141592654
 40
3.365992129
 40
3.590391604
 40
3.814791079
 40
4.039190555
 40
4.263590030
 40
4.487989505
 40
4.712388980
 40
4.712388980
 10
53.500000000
 20
143.316810701
 30
0.000000000
 10
53.500000000
 20
143.282963383
 30
0.000000000
 10
53.500000000
 20
143.183118673
 30
0.000000000
 10
53.500000000
 20
143.022283203
 30
0.000000000
 10
53.500000000
 20
142.808521934
 30
0.000000000
 10
53.500000000
 20
142.552553749
 30
0.000000000
 10
53.500000000
 20
142.267213962
 30
0.000000000
 10
53.500000000
 20
141.966810701
 30
0.000000000
 10
53.500000000
 20
141.666407440
 30
0.000000000
 10
53.500000000
 20
141.381067653
 30
0.000000000
 10
53.500000000
 20
141.125099469
 30
0.000000000
 10
53.500000000
 20
140.911338200
 30
0.000000000
 10
53.500000000
 20
140.750502730
 30
0.000000000
 10
53.500000000
 20
140.650658020
 30
0.000000000
 10
53.500000000
 20
140.616810701
 30
0.000000000
  0
SPLINE
  5
BB7
330
A02
100
AcDbEntity
  8
SectionView
100
AcDbSpline
210
0
220
0
230
1
 70
8
 71
3
 72
38
 73
34
 74
0
 40
4.712388980
 40
4.712388980
 40
4.712388980
 40
4.712388980
 40
4.824588718
 40
4.824588718
 40
4.824588718
 40
4.936788456
 40
4.936788456
 40
4.936788456
 40
5.048988193
 40
5.048988193
 40
5.048988193
 40
5.161187931
 40
5.161187931
 40
5.161187931
 40
5.273387669
 40
5.273387669
 40
5.273387669
 40
5.385587406
 40
5.385587406
 40
5.385587406
 40
5.497787144
 40
5.497787144
 40
5.497787144
 40
5.609986881
 40
5.609986881
 40
5.609986881
 40
5.722186619
 40
5.722186619
 40
5.722186619
 40
5.834386357
 40
5.834386357
 40
5.834386357
 40
6.283185307
 40
6.283185307
 40
6.283185307
 40
6.283185307
 10
53.500000000
 20
140.616810701
 30
0.000000000
 10
53.500000000
 20
140.619640207
 30
0.000000000
 10
53.500000000
 20
140.622469712
 30
0.000000000
 10
53.500000000
 20
140.625299218
 30
0.000000000
 10
53.500000000
 20
140.633752152
 30
0.000000000
 10
53.500000000
 20
140.642205086
 30
0.000000000
 10
53.500000000
 20
140.650658020
 30
0.000000000
 10
53.500000000
 20
140.664628082
 30
0.000000000
 10
53.500000000
 20
140.678598144
 30
0.000000000
 10
53.500000000
 20
140.692568205
 30
0.000000000
 10
53.500000000
 20
140.711879713
 30
0.000000000
 10
53.500000000
 20
140.731191222
 30
0.000000000
 10
53.500000000
 20
140.750502730
 30
0.000000000
 10
53.500000000
 20
140.774912831
 30
0.000000000
 10
53.500000000
 20
140.799322931
 30
0.000000000
 10
53.500000000
 20
140.823733032
 30
0.000000000
 10
53.500000000
 20
140.852934755
 30
0.000000000
 10
53.500000000
 20
140.882136477
 30
0.000000000
 10
53.500000000
 20
140.911338200
 30
0.000000000
 10
53.500000000
 20
140.944964316
 30
0.000000000
 10
53.500000000
 20
140.978590431
 30
0.000000000
 10
53.500000000
 20
141.012216547
 30
0.000000000
 10
53.500000000
 20
141.049844187
 30
0.000000000
 10
53.500000000
 20
141.087471828
 30
0.000000000
 10
53.500000000
 20
141.125099469
 30
0.000000000
 10
53.500000000
 20
141.166255445
 30
0.000000000
 10
53.500000000
 20
141.207411422
 30
0.000000000
 10
53.500000000
 20
141.248567398
 30
0.000000000
 10
53.500000000
 20
141.292734150
 30
0.000000000
 10
53.500000000
 20
141.336900902
 30
0.000000000
 10
53.500000000
 20
141.381067653
 30
0.000000000
 10
53.500000000
 20
141.564290317
 30
0.000000000
 10
53.500000000
 20
141.764590307
 30
0.000000000
 10
53.500000000
 20
141.966810701
 30
0.000000000
  0
SPLINE
  5
BB8
330
A02
100
AcDbEntity
  8
SectionView
100
AcDbSpline
210
0
220
0
230
1
 70
8
 71
2
 72
26
 73
23
 74
0
 40
0.000000000
 40
0.000000000
 40
0.000000000
 40
0.336599213
 40
0.336599213
 40
0.560998688
 40
0.560998688
 40
0.673198426
 40
0.673198426
 40
0.785398163
 40
0.785398163
 40
0.897597901
 40
0.897597901
 40
1.009797639
 40
1.009797639
 40
1.121997376
 40
1.121997376
 40
1.234197114
 40
1.234197114
 40
1.346396852
 40
1.346396852
 40
1.458596589
 40
1.458596589
 40
1.570796327
 40
1.570796327
 40
1.570796327
 10
53.500000000
 20
149.966810701
 30
0.000000000
 10
53.500000000
 20
150.195532962
 30
0.000000000
 10
53.500000000
 20
150.412687435
 30
0.000000000
 10
53.500000000
 20
150.554619330
 30
0.000000000
 10
53.500000000
 20
150.685054005
 30
0.000000000
 10
53.500000000
 20
150.746787969
 30
0.000000000
 10
53.500000000
 20
150.808521934
 30
0.000000000
 10
53.500000000
 20
150.864963395
 30
0.000000000
 10
53.500000000
 20
150.921404856
 30
0.000000000
 10
53.500000000
 20
150.971844029
 30
0.000000000
 10
53.500000000
 20
151.022283203
 30
0.000000000
 10
53.500000000
 20
151.066085786
 30
0.000000000
 10
53.500000000
 20
151.109888370
 30
0.000000000
 10
53.500000000
 20
151.146503522
 30
0.000000000
 10
53.500000000
 20
151.183118673
 30
0.000000000
 10
53.500000000
 20
151.212085935
 30
0.000000000
 10
53.500000000
 20
151.241053197
 30
0.000000000
 10
53.500000000
 20
151.262008290
 30
0.000000000
 10
53.500000000
 20
151.282963383
 30
0.000000000
 10
53.500000000
 20
151.295642784
 30
0.000000000
 10
53.500000000
 20
151.308322185
 30
0.000000000
 10
53.500000000
 20
151.312566443
 30
0.000000000
 10
53.500000000
 20
151.316810701
 30
0.000000000
  0
SPLINE
  5
BB9
330
A02
100
AcDbEntity
  8
SectionView
100
AcDbSpline
210
0
220
0
230
1
 70
8
 71
1
 72
17
 73
15
 74
0
 40
1.570796327
 40
1.570796327
 40
1.795195802
 40
2.019595277
 40
2.243994753
 40
2.468394228
 40
2.692793703
 40
2.917193178
 40
3.141592654
 40
3.365992129
 40
3.590391604
 40
3.814791079
 40
4.039190555
 40
4.263590030
 40
4.487989505
 40
4.712388980
 40
4.712388980
 10
53.500000000
 20
151.316810701
 30
0.000000000
 10
53.500000000
 20
151.282963383
 30
0.000000000
 10
53.500000000
 20
151.183118673
 30
0.000000000
 10
53.500000000
 20
151.022283203
 30
0.000000000
 10
53.500000000
 20
150.808521934
 30
0.000000000
 10
53.500000000
 20
150.552553749
 30
0.000000000
 10
53.500000000
 20
150.267213962
 30
0.000000000
 10
53.500000000
 20
149.966810701
 30
0.000000000
 10
53.500000000
 20
149.666407440
 30
0.000000000
 10
53.500000000
 20
149.381067653
 30
0.000000000
 10
53.500000000
 20
149.125099469
 30
0.000000000
 10
53.500000000
 20
148.911338200
 30
0.000000000
 10
53.500000000
 20
148.750502730
 30
0.000000000
 10
53.500000000
 20
148.650658020
 30
0.000000000
 10
53.500000000
 20
148.616810701
 30
0.000000000
  0
SPLINE
  5
BBA
330
A02
100
AcDbEntity
  8
SectionView
100
AcDbSpline
210
0
220
0
230
1
 70
8
 71
3
 72
38
 73
34
 74
0
 40
4.712388980
 40
4.712388980
 40
4.712388980
 40
4.712388980
 40
4.824588718
 40
4.824588718
 40
4.824588718
 40
4.936788456
 40
4.936788456
 40
4.936788456
 40
5.048988193
 40
5.048988193
 40
5.048988193
 40
5.161187931
 40
5.161187931
 40
5.161187931
 40
5.273387669
 40
5.273387669
 40
5.273387669
 40
5.385587406
 40
5.385587406
 40
5.385587406
 40
5.497787144
 40
5.497787144
 40
5.497787144
 40
5.609986881
 40
5.609986881
 40
5.609986881
 40
5.722186619
 40
5.722186619
 40
5.722186619
 40
5.834386357
 40
5.834386357
 40
5.834386357
 40
6.283185307
 40
6.283185307
 40
6.283185307
 40
6.283185307
 10
53.500000000
 20
148.616810701
 30
0.000000000
 10
53.500000000
 20
148.619640207
 30
0.000000000
 10
53.500000000
 20
148.622469712
 30
0.000000000
 10
53.500000000
 20
148.625299218
 30
0.000000000
 10
53.500000000
 20
148.633752152
 30
0.000000000
 10
53.500000000
 20
148.642205086
 30
0.000000000
 10
53.500000000
 20
148.650658020
 30
0.000000000
 10
53.500000000
 20
148.664628082
 30
0.000000000
 10
53.500000000
 20
148.678598144
 30
0.000000000
 10
53.500000000
 20
148.692568205
 30
0.000000000
 10
53.500000000
 20
148.711879713
 30
0.000000000
 10
53.500000000
 20
148.731191222
 30
0.000000000
 10
53.500000000
 20
148.750502730
 30
0.000000000
 10
53.500000000
 20
148.774912831
 30
0.000000000
 10
53.500000000
 20
148.799322931
 30
0.000000000
 10
53.500000000
 20
148.823733032
 30
0.000000000
 10
53.500000000
 20
148.852934755
 30
0.000000000
 10
53.500000000
 20
148.882136477
 30
0.000000000
 10
53.500000000
 20
148.911338200
 30
0.000000000
 10
53.500000000
 20
148.944964316
 30
0.000000000
 10
53.500000000
 20
148.978590431
 30
0.000000000
 10
53.500000000
 20
149.012216547
 30
0.000000000
 10
53.500000000
 20
149.049844187
 30
0.000000000
 10
53.500000000
 20
149.087471828
 30
0.000000000
 10
53.500000000
 20
149.125099469
 30
0.000000000
 10
53.500000000
 20
149.166255445
 30
0.000000000
 10
53.500000000
 20
149.207411422
 30
0.000000000
 10
53.500000000
 20
149.248567398
 30
0.000000000
 10
53.500000000
 20
149.292734150
 30
0.000000000
 10
53.500000000
 20
149.336900902
 30
0.000000000
 10
53.500000000
 20
149.381067653
 30
0.000000000
 10
53.500000000
 20
149.564290317
 30
0.000000000
 10
53.500000000
 20
149.764590307
 30
0.000000000
 10
53.500000000
 20
149.966810701
 30
0.000000000
  0
SPLINE
  5
BBB
330
A02
100
AcDbEntity
  8
SectionView
100
AcDbSpline
210
0
220
0
230
1
 70
8
 71
2
 72
26
 73
23
 74
0
 40
0.000000000
 40
0.000000000
 40
0.000000000
 40
0.336599213
 40
0.336599213
 40
0.560998688
 40
0.560998688
 40
0.673198426
 40
0.673198426
 40
0.785398163
 40
0.785398163
 40
0.897597901
 40
0.897597901
 40
1.009797639
 40
1.009797639
 40
1.121997376
 40
1.121997376
 40
1.234197114
 40
1.234197114
 40
1.346396852
 40
1.346396852
 40
1.458596589
 40
1.458596589
 40
1.570796327
 40
1.570796327
 40
1.570796327
 10
53.500000000
 20
141.966810701
 30
0.000000000
 10
53.500000000
 20
142.195532962
 30
0.000000000
 10
53.500000000
 20
142.412687435
 30
0.000000000
 10
53.500000000
 20
142.554619330
 30
0.000000000
 10
53.500000000
 20
142.685054005
 30
0.000000000
 10
53.500000000
 20
142.746787969
 30
0.000000000
 10
53.500000000
 20
142.808521934
 30
0.000000000
 10
53.500000000
 20
142.864963395
 30
0.000000000
 10
53.500000000
 20
142.921404856
 30
0.000000000
 10
53.500000000
 20
142.971844029
 30
0.000000000
 10
53.500000000
 20
143.022283203
 30
0.000000000
 10
53.500000000
 20
143.066085786
 30
0.000000000
 10
53.500000000
 20
143.109888370
 30
0.000000000
 10
53.500000000
 20
143.146503522
 30
0.000000000
 10
53.500000000
 20
143.183118673
 30
0.000000000
 10
53.500000000
 20
143.212085935
 30
0.000000000
 10
53.500000000
 20
143.241053197
 30
0.000000000
 10
53.500000000
 20
143.262008290
 30
0.000000000
 10
53.500000000
 20
143.282963383
 30
0.000000000
 10
53.500000000
 20
143.295642784
 30
0.000000000
 10
53.500000000
 20
143.308322185
 30
0.000000000
 10
53.500000000
 20
143.312566443
 30
0.000000000
 10
53.500000000
 20
143.316810701
 30
0.000000000
  0
SPLINE
  5
BBC
330
A02
100
AcDbEntity
  8
SectionView
100
AcDbSpline
210
0
220
0
230
1
 70
8
 71
1
 72
17
 73
15
 74
0
 40
1.570796327
 40
1.570796327
 40
1.795195802
 40
2.019595277
 40
2.243994753
 40
2.468394228
 40
2.692793703
 40
2.917193178
 40
3.141592654
 40
3.365992129
 40
3.590391604
 40
3.814791079
 40
4.039190555
 40
4.263590030
 40
4.487989505
 40
4.712388980
 40
4.712388980
 10
53.500000000
 20
143.316810701
 30
0.000000000
 10
53.500000000
 20
143.282963383
 30
0.000000000
 10
53.500000000
 20
143.183118673
 30
0.000000000
 10
53.500000000
 20
143.022283203
 30
0.000000000
 10
53.500000000
 20
142.808521934
 30
0.000000000
 10
53.500000000
 20
142.552553749
 30
0.000000000
 10
53.500000000
 20
142.267213962
 30
0.000000000
 10
53.500000000
 20
141.966810701
 30
0.000000000
 10
53.500000000
 20
141.666407440
 30
0.000000000
 10
53.500000000
 20
141.381067653
 30
0.000000000
 10
53.500000000
 20
141.125099469
 30
0.000000000
 10
53.500000000
 20
140.911338200
 30
0.000000000
 10
53.500000000
 20
140.750502730
 30
0.000000000
 10
53.500000000
 20
140.650658020
 30
0.000000000
 10
53.500000000
 20
140.616810701
 30
0.000000000
  0
SPLINE
  5
BBD
330
A02
100
AcDbEntity
  8
SectionView
100
AcDbSpline
210
0
220
0
230
1
 70
8
 71
3
 72
38
 73
34
 74
0
 40
4.712388980
 40
4.712388980
 40
4.712388980
 40
4.712388980
 40
4.824588718
 40
4.824588718
 40
4.824588718
 40
4.936788456
 40
4.936788456
 40
4.936788456
 40
5.048988193
 40
5.048988193
 40
5.048988193
 40
5.161187931
 40
5.161187931
 40
5.161187931
 40
5.273387669
 40
5.273387669
 40
5.273387669
 40
5.385587406
 40
5.385587406
 40
5.385587406
 40
5.497787144
 40
5.497787144
 40
5.497787144
 40
5.609986881
 40
5.609986881
 40
5.609986881
 40
5.722186619
 40
5.722186619
 40
5.722186619
 40
5.834386357
 40
5.834386357
 40
5.834386357
 40
6.283185307
 40
6.283185307
 40
6.283185307
 40
6.283185307
 10
53.500000000
 20
140.616810701
 30
0.000000000
 10
53.500000000
 20
140.619640207
 30
0.000000000
 10
53.500000000
 20
140.622469712
 30
0.000000000
 10
53.500000000
 20
140.625299218
 30
0.000000000
 10
53.500000000
 20
140.633752152
 30
0.000000000
 10
53.500000000
 20
140.642205086
 30
0.000000000
 10
53.500000000
 20
140.650658020
 30
0.000000000
 10
53.500000000
 20
140.664628082
 30
0.000000000
 10
53.500000000
 20
140.678598144
 30
0.000000000
 10
53.500000000
 20
140.692568205
 30
0.000000000
 10
53.500000000
 20
140.711879713
 30
0.000000000
 10
53.500000000
 20
140.731191222
 30
0.000000000
 10
53.500000000
 20
140.750502730
 30
0.000000000
 10
53.500000000
 20
140.774912831
 30
0.000000000
 10
53.500000000
 20
140.799322931
 30
0.000000000
 10
53.500000000
 20
140.823733032
 30
0.000000000
 10
53.500000000
 20
140.852934755
 30
0.000000000
 10
53.500000000
 20
140.882136477
 30
0.000000000
 10
53.500000000
 20
140.911338200
 30
0.000000000
 10
53.500000000
 20
140.944964316
 30
0.000000000
 10
53.500000000
 20
140.978590431
 30
0.000000000
 10
53.500000000
 20
141.012216547
 30
0.000000000
 10
53.500000000
 20
141.049844187
 30
0.000000000
 10
53.500000000
 20
141.087471828
 30
0.000000000
 10
53.500000000
 20
141.125099469
 30
0.000000000
 10
53.500000000
 20
141.166255445
 30
0.000000000
 10
53.500000000
 20
141.207411422
 30
0.000000000
 10
53.500000000
 20
141.248567398
 30
0.000000000
 10
53.500000000
 20
141.292734150
 30
0.000000000
 10
53.500000000
 20
141.336900902
 30
0.000000000
 10
53.500000000
 20
141.381067653
 30
0.000000000
 10
53.500000000
 20
141.564290317
 30
0.000000000
 10
53.500000000
 20
141.764590307
 30
0.000000000
 10
53.500000000
 20
141.966810701
 30
0.000000000
  0
SPLINE
  5
BBE
330
A02
100
AcDbEntity
  8
SectionView
100
AcDbSpline
210
0
220
0
230
1
 70
8
 71
2
 72
26
 73
23
 74
0
 40
0.000000000
 40
0.000000000
 40
0.000000000
 40
0.336599213
 40
0.336599213
 40
0.560998688
 40
0.560998688
 40
0.673198426
 40
0.673198426
 40
0.785398163
 40
0.785398163
 40
0.897597901
 40
0.897597901
 40
1.009797639
 40
1.009797639
 40
1.121997376
 40
1.121997376
 40
1.234197114
 40
1.234197114
 40
1.346396852
 40
1.346396852
 40
1.458596589
 40
1.458596589
 40
1.570796327
 40
1.570796327
 40
1.570796327
 10
53.500000000
 20
149.966810701
 30
0.000000000
 10
53.500000000
 20
150.195532962
 30
0.000000000
 10
53.500000000
 20
150.412687435
 30
0.000000000
 10
53.500000000
 20
150.554619330
 30
0.000000000
 10
53.500000000
 20
150.685054005
 30
0.000000000
 10
53.500000000
 20
150.746787969
 30
0.000000000
 10
53.500000000
 20
150.808521934
 30
0.000000000
 10
53.500000000
 20
150.864963395
 30
0.000000000
 10
53.500000000
 20
150.921404856
 30
0.000000000
 10
53.500000000
 20
150.971844029
 30
0.000000000
 10
53.500000000
 20
151.022283203
 30
0.000000000
 10
53.500000000
 20
151.066085786
 30
0.000000000
 10
53.500000000
 20
151.109888370
 30
0.000000000
 10
53.500000000
 20
151.146503522
 30
0.000000000
 10
53.500000000
 20
151.183118673
 30
0.000000000
 10
53.500000000
 20
151.212085935
 30
0.000000000
 10
53.500000000
 20
151.241053197
 30
0.000000000
 10
53.500000000
 20
151.262008290
 30
0.000000000
 10
53.500000000
 20
151.282963383
 30
0.000000000
 10
53.500000000
 20
151.295642784
 30
0.000000000
 10
53.500000000
 20
151.308322185
 30
0.000000000
 10
53.500000000
 20
151.312566443
 30
0.000000000
 10
53.500000000
 20
151.316810701
 30
0.000000000
  0
SPLINE
  5
BBF
330
A02
100
AcDbEntity
  8
SectionView
100
AcDbSpline
210
0
220
0
230
1
 70
8
 71
1
 72
17
 73
15
 74
0
 40
1.570796327
 40
1.570796327
 40
1.795195802
 40
2.019595277
 40
2.243994753
 40
2.468394228
 40
2.692793703
 40
2.917193178
 40
3.141592654
 40
3.365992129
 40
3.590391604
 40
3.814791079
 40
4.039190555
 40
4.263590030
 40
4.487989505
 40
4.712388980
 40
4.712388980
 10
53.500000000
 20
151.316810701
 30
0.000000000
 10
53.500000000
 20
151.282963383
 30
0.000000000
 10
53.500000000
 20
151.183118673
 30
0.000000000
 10
53.500000000
 20
151.022283203
 30
0.000000000
 10
53.500000000
 20
150.808521934
 30
0.000000000
 10
53.500000000
 20
150.552553749
 30
0.000000000
 10
53.500000000
 20
150.267213962
 30
0.000000000
 10
53.500000000
 20
149.966810701
 30
0.000000000
 10
53.500000000
 20
149.666407440
 30
0.000000000
 10
53.500000000
 20
149.381067653
 30
0.000000000
 10
53.500000000
 20
149.125099469
 30
0.000000000
 10
53.500000000
 20
148.911338200
 30
0.000000000
 10
53.500000000
 20
148.750502730
 30
0.000000000
 10
53.500000000
 20
148.650658020
 30
0.000000000
 10
53.500000000
 20
148.616810701
 30
0.000000000
  0
SPLINE
  5
BC0
330
A02
100
AcDbEntity
  8
SectionView
100
AcDbSpline
210
0
220
0
230
1
 70
8
 71
3
 72
38
 73
34
 74
0
 40
4.712388980
 40
4.712388980
 40
4.712388980
 40
4.712388980
 40
4.824588718
 40
4.824588718
 40
4.824588718
 40
4.936788456
 40
4.936788456
 40
4.936788456
 40
5.048988193
 40
5.048988193
 40
5.048988193
 40
5.161187931
 40
5.161187931
 40
5.161187931
 40
5.273387669
 40
5.273387669
 40
5.273387669
 40
5.385587406
 40
5.385587406
 40
5.385587406
 40
5.497787144
 40
5.497787144
 40
5.497787144
 40
5.609986881
 40
5.609986881
 40
5.609986881
 40
5.722186619
 40
5.722186619
 40
5.722186619
 40
5.834386357
 40
5.834386357
 40
5.834386357
 40
6.283185307
 40
6.283185307
 40
6.283185307
 40
6.283185307
 10
53.500000000
 20
148.616810701
 30
0.000000000
 10
53.500000000
 20
148.619640207
 30
0.000000000
 10
53.500000000
 20
148.622469712
 30
0.000000000
 10
53.500000000
 20
148.625299218
 30
0.000000000
 10
53.500000000
 20
148.633752152
 30
0.000000000
 10
53.500000000
 20
148.642205086
 30
0.000000000
 10
53.500000000
 20
148.650658020
 30
0.000000000
 10
53.500000000
 20
148.664628082
 30
0.000000000
 10
53.500000000
 20
148.678598144
 30
0.000000000
 10
53.500000000
 20
148.692568205
 30
0.000000000
 10
53.500000000
 20
148.711879713
 30
0.000000000
 10
53.500000000
 20
148.731191222
 30
0.000000000
 10
53.500000000
 20
148.750502730
 30
0.000000000
 10
53.500000000
 20
148.774912831
 30
0.000000000
 10
53.500000000
 20
148.799322931
 30
0.000000000
 10
53.500000000
 20
148.823733032
 30
0.000000000
 10
53.500000000
 20
148.852934755
 30
0.000000000
 10
53.500000000
 20
148.882136477
 30
0.000000000
 10
53.500000000
 20
148.911338200
 30
0.000000000
 10
53.500000000
 20
148.944964316
 30
0.000000000
 10
53.500000000
 20
148.978590431
 30
0.000000000
 10
53.500000000
 20
149.012216547
 30
0.000000000
 10
53.500000000
 20
149.049844187
 30
0.000000000
 10
53.500000000
 20
149.087471828
 30
0.000000000
 10
53.500000000
 20
149.125099469
 30
0.000000000
 10
53.500000000
 20
149.166255445
 30
0.000000000
 10
53.500000000
 20
149.207411422
 30
0.000000000
 10
53.500000000
 20
149.248567398
 30
0.000000000
 10
53.500000000
 20
149.292734150
 30
0.000000000
 10
53.500000000
 20
149.336900902
 30
0.000000000
 10
53.500000000
 20
149.381067653
 30
0.000000000
 10
53.500000000
 20
149.564290317
 30
0.000000000
 10
53.500000000
 20
149.764590307
 30
0.000000000
 10
53.500000000
 20
149.966810701
 30
0.000000000
  0
LINE
  5
BC1
330
A02
100
AcDbEntity
  8
SectionView
100
AcDbLine
 10
55.500000000
 20
119.816810701
 30
0.000000000
 11
53.500000000
 21
119.816810701
 31
0.000000000
  0
LINE
  5
BC2
330
A02
100
AcDbEntity
  8
SectionView
100
AcDbLine
 10
55.500000000
 20
112.116810701
 30
0.000000000
 11
53.500000000
 21
112.116810701
 31
0.000000000
  0
LINE
  5
BC3
330
A02
100
AcDbEntity
  8
SectionView
100
AcDbLine
 10
55.500000000
 20
75.816810701
 30
0.000000000
 11
53.500000000
 21
75.816810701
 31
0.000000000
  0
LINE
  5
BC4
330
A02
100
AcDbEntity
  8
SectionView
100
AcDbLine
 10
55.500000000
 20
68.116810701
 30
0.000000000
 11
53.500000000
 21
68.116810701
 31
0.000000000
  0
LINE
  5
BC5
330
A02
100
AcDbEntity
  8
SectionView
100
AcDbLine
 10
55.500000000
 20
75.816810701
 30
0.000000000
 11
53.500000000
 21
75.816810701
 31
0.000000000
  0
LINE
  5
BC6
330
A02
100
AcDbEntity
  8
SectionView
100
AcDbLine
 10
55.500000000
 20
68.116810701
 30
0.000000000
 11
53.500000000
 21
68.116810701
 31
0.000000000
  0
LINE
  5
BC7
330
A02
100
AcDbEntity
  8
SectionView
100
AcDbLine
 10
55.500000000
 20
108.816810701
 30
0.000000000
 11
53.500000000
 21
108.816810701
 31
0.000000000
  0
LINE
  5
BC8
330
A02
100
AcDbEntity
  8
SectionView
100
AcDbLine
 10
55.500000000
 20
101.116810701
 30
0.000000000
 11
53.500000000
 21
101.116810701
 31
0.000000000
  0
LINE
  5
BC9
330
A02
100
AcDbEntity
  8
SectionView
100
AcDbLine
 10
55.500000000
 20
108.816810701
 30
0.000000000
 11
53.500000000
 21
108.816810701
 31
0.000000000
  0
LINE
  5
BCA
330
A02
100
AcDbEntity
  8
SectionView
100
AcDbLine
 10
55.500000000
 20
101.116810701
 30
0.000000000
 11
53.500000000
 21
101.116810701
 31
0.000000000
  0
LINE
  5
BCB
330
A02
100
AcDbEntity
  8
SectionView
100
AcDbLine
 10
55.500000000
 20
97.816810701
 30
0.000000000
 11
53.500000000
 21
97.816810701
 31
0.000000000
  0
LINE
  5
BCC
330
A02
100
AcDbEntity
  8
SectionView
100
AcDbLine
 10
55.500000000
 20
90.116810701
 30
0.000000000
 11
53.500000000
 21
90.116810701
 31
0.000000000
  0
LINE
  5
BCD
330
A02
100
AcDbEntity
  8
SectionView
100
AcDbLine
 10
55.500000000
 20
97.816810701
 30
0.000000000
 11
53.500000000
 21
97.816810701
 31
0.000000000
  0
LINE
  5
BCE
330
A02
100
AcDbEntity
  8
SectionView
100
AcDbLine
 10
55.500000000
 20
90.116810701
 30
0.000000000
 11
53.500000000
 21
90.116810701
 31
0.000000000
  0
LINE
  5
BCF
330
A02
100
AcDbEntity
  8
SectionView
100
AcDbLine
 10
55.500000000
 20
75.816810701
 30
0.000000000
 11
53.500000000
 21
75.816810701
 31
0.000000000
  0
LINE
  5
BD0
330
A02
100
AcDbEntity
  8
SectionView
100
AcDbLine
 10
55.500000000
 20
68.116810701
 30
0.000000000
 11
53.500000000
 21
68.116810701
 31
0.000000000
  0
LINE
  5
BD1
330
A02
100
AcDbEntity
  8
SectionView
100
AcDbLine
 10
55.500000000
 20
75.816810701
 30
0.000000000
 11
53.500000000
 21
75.816810701
 31
0.000000000
  0
LINE
  5
BD2
330
A02
100
AcDbEntity
  8
SectionView
100
AcDbLine
 10
55.500000000
 20
68.116810701
 30
0.000000000
 11
53.500000000
 21
68.116810701
 31
0.000000000
  0
LINE
  5
BD3
330
A02
100
AcDbEntity
  8
SectionView
100
AcDbLine
 10
55.500000000
 20
108.816810701
 30
0.000000000
 11
53.500000000
 21
108.816810701
 31
0.000000000
  0
LINE
  5
BD4
330
A02
100
AcDbEntity
  8
SectionView
100
AcDbLine
 10
55.500000000
 20
101.116810701
 30
0.000000000
 11
53.500000000
 21
101.116810701
 31
0.000000000
  0
LINE
  5
BD5
330
A02
100
AcDbEntity
  8
SectionView
100
AcDbLine
 10
55.500000000
 20
108.816810701
 30
0.000000000
 11
53.500000000
 21
108.816810701
 31
0.000000000
  0
LINE
  5
BD6
330
A02
100
AcDbEntity
  8
SectionView
100
AcDbLine
 10
55.500000000
 20
101.116810701
 30
0.000000000
 11
53.500000000
 21
101.116810701
 31
0.000000000
  0
LINE
  5
BD7
330
A02
100
AcDbEntity
  8
SectionView
100
AcDbLine
 10
55.500000000
 20
86.816810701
 30
0.000000000
 11
53.500000000
 21
86.816810701
 31
0.000000000
  0
LINE
  5
BD8
330
A02
100
AcDbEntity
  8
SectionView
100
AcDbLine
 10
55.500000000
 20
79.116810701
 30
0.000000000
 11
53.500000000
 21
79.116810701
 31
0.000000000
  0
LINE
  5
BD9
330
A02
100
AcDbEntity
  8
SectionView
100
AcDbLine
 10
55.500000000
 20
86.816810701
 30
0.000000000
 11
53.500000000
 21
86.816810701
 31
0.000000000
  0
LINE
  5
BDA
330
A02
100
AcDbEntity
  8
SectionView
100
AcDbLine
 10
55.500000000
 20
79.116810701
 30
0.000000000
 11
53.500000000
 21
79.116810701
 31
0.000000000
  0
LINE
  5
BDB
330
A02
100
AcDbEntity
  8
SectionView
100
AcDbLine
 10
55.500000000
 20
97.816810701
 30
0.000000000
 11
53.500000000
 21
97.816810701
 31
0.000000000
  0
LINE
  5
BDC
330
A02
100
AcDbEntity
  8
SectionView
100
AcDbLine
 10
55.500000000
 20
90.116810701
 30
0.000000000
 11
53.500000000
 21
90.116810701
 31
0.000000000
  0
LINE
  5
BDD
330
A02
100
AcDbEntity
  8
SectionView
100
AcDbLine
 10
55.500000000
 20
97.816810701
 30
0.000000000
 11
53.500000000
 21
97.816810701
 31
0.000000000
  0
LINE
  5
BDE
330
A02
100
AcDbEntity
  8
SectionView
100
AcDbLine
 10
55.500000000
 20
90.116810701
 30
0.000000000
 11
53.500000000
 21
90.116810701
 31
0.000000000
  0
LINE
  5
BDF
330
A02
100
AcDbEntity
  8
SectionView
100
AcDbLine
 10
55.500000000
 20
86.816810701
 30
0.000000000
 11
53.500000000
 21
86.816810701
 31
0.000000000
  0
LINE
  5
BE0
330
A02
100
AcDbEntity
  8
SectionView
100
AcDbLine
 10
55.500000000
 20
79.116810701
 30
0.000000000
 11
53.500000000
 21
79.116810701
 31
0.000000000
  0
LINE
  5
BE1
330
A02
100
AcDbEntity
  8
SectionView
100
AcDbLine
 10
55.500000000
 20
86.816810701
 30
0.000000000
 11
53.500000000
 21
86.816810701
 31
0.000000000
  0
LINE
  5
BE2
330
A02
100
AcDbEntity
  8
SectionView
100
AcDbLine
 10
55.500000000
 20
79.116810701
 30
0.000000000
 11
53.500000000
 21
79.116810701
 31
0.000000000
  0
LINE
  5
BE3
330
A02
100
AcDbEntity
  8
SectionView
100
AcDbLine
 10
55.500000000
 20
133.516810701
 30
0.000000000
 11
53.500000000
 21
133.516810701
 31
0.000000000
  0
LINE
  5
BE4
330
A02
100
AcDbEntity
  8
SectionView
100
AcDbLine
 10
55.500000000
 20
132.016810701
 30
0.000000000
 11
53.500000000
 21
132.016810701
 31
0.000000000
  0
LINE
  5
BE5
330
A02
100
AcDbEntity
  8
SectionView
100
AcDbLine
 10
55.500000000
 20
129.766810701
 30
0.000000000
 11
53.500000000
 21
129.766810701
 31
0.000000000
  0
LINE
  5
BE6
330
A02
100
AcDbEntity
  8
SectionView
100
AcDbLine
 10
55.500000000
 20
128.266810701
 30
0.000000000
 11
53.500000000
 21
128.266810701
 31
0.000000000
  0
LINE
  5
BE7
330
A02
100
AcDbEntity
  8
SectionView
100
AcDbLine
 10
55.500000000
 20
132.266810701
 30
0.000000000
 11
53.500000000
 21
132.266810701
 31
0.000000000
  0
LINE
  5
BE8
330
A02
100
AcDbEntity
  8
SectionView
100
AcDbLine
 10
55.500000000
 20
130.766810701
 30
0.000000000
 11
53.500000000
 21
130.766810701
 31
0.000000000
  0
LINE
  5
BE9
330
A02
100
AcDbEntity
  8
SectionView
100
AcDbLine
 10
55.500000000
 20
129.766810701
 30
0.000000000
 11
53.500000000
 21
129.766810701
 31
0.000000000
  0
LINE
  5
BEA
330
A02
100
AcDbEntity
  8
SectionView
100
AcDbLine
 10
55.500000000
 20
128.266810701
 30
0.000000000
 11
53.500000000
 21
128.266810701
 31
0.000000000
  0
LINE
  5
BEB
330
A02
100
AcDbEntity
  8
SectionView
100
AcDbLine
 10
55.500000000
 20
128.516810701
 30
0.000000000
 11
53.500000000
 21
128.516810701
 31
0.000000000
  0
LINE
  5
BEC
330
A02
100
AcDbEntity
  8
SectionView
100
AcDbLine
 10
55.500000000
 20
127.016810701
 30
0.000000000
 11
53.500000000
 21
127.016810701
 31
0.000000000
  0
LINE
  5
BED
330
A02
100
AcDbEntity
  8
SectionView
100
AcDbLine
 10
55.500000000
 20
132.266810701
 30
0.000000000
 11
53.500000000
 21
132.266810701
 31
0.000000000
  0
LINE
  5
BEE
330
A02
100
AcDbEntity
  8
SectionView
100
AcDbLine
 10
55.500000000
 20
130.766810701
 30
0.000000000
 11
53.500000000
 21
130.766810701
 31
0.000000000
  0
LINE
  5
BEF
330
A02
100
AcDbEntity
  8
SectionView
100
AcDbLine
 10
55.500000000
 20
131.016810701
 30
0.000000000
 11
53.500000000
 21
131.016810701
 31
0.000000000
  0
LINE
  5
BF0
330
A02
100
AcDbEntity
  8
SectionView
100
AcDbLine
 10
55.500000000
 20
129.516810701
 30
0.000000000
 11
53.500000000
 21
129.516810701
 31
0.000000000
  0
LINE
  5
BF1
330
A02
100
AcDbEntity
  8
SectionView
100
AcDbLine
 10
47.500000000
 20
80.316810701
 30
0.000000000
 11
53.500000000
 21
80.316810701
 31
0.000000000
  0
LINE
  5
BF2
330
A02
100
AcDbEntity
  8
SectionView
100
AcDbLine
 10
47.500000000
 20
85.616810701
 30
0.000000000
 11
53.500000000
 21
85.616810701
 31
0.000000000
  0
LINE
  5
BF3
330
A02
100
AcDbEntity
  8
SectionView
100
AcDbLine
 10
47.500000000
 20
80.316810701
 30
0.000000000
 11
53.500000000
 21
80.316810701
 31
0.000000000
  0
LINE
  5
BF4
330
A02
100
AcDbEntity
  8
SectionView
100
AcDbLine
 10
47.500000000
 20
85.616810701
 30
0.000000000
 11
53.500000000
 21
85.616810701
 31
0.000000000
  0
LINE
  5
BF5
330
A02
100
AcDbEntity
  8
SectionView
100
AcDbLine
 10
47.500000000
 20
139.316810701
 30
0.000000000
 11
53.500000000
 21
139.316810701
 31
0.000000000
  0
LINE
  5
BF6
330
A02
100
AcDbEntity
  8
SectionView
100
AcDbLine
 10
47.500000000
 20
144.616810701
 30
0.000000000
 11
53.500000000
 21
144.616810701
 31
0.000000000
  0
LINE
  5
BF7
330
A02
100
AcDbEntity
  8
SectionView
100
AcDbLine
 10
44.500000000
 20
147.316810701
 30
0.000000000
 11
53.500000000
 21
147.316810701
 31
0.000000000
  0
LINE
  5
BF8
330
A02
100
AcDbEntity
  8
SectionView
100
AcDbLine
 10
44.500000000
 20
152.616810701
 30
0.000000000
 11
53.500000000
 21
152.616810701
 31
0.000000000
  0
LINE
  5
BF9
330
A02
100
AcDbEntity
  8
SectionView
100
AcDbLine
 10
47.500000000
 20
139.316810701
 30
0.000000000
 11
53.500000000
 21
139.316810701
 31
0.000000000
  0
LINE
  5
BFA
330
A02
100
AcDbEntity
  8
SectionView
100
AcDbLine
 10
47.500000000
 20
144.616810701
 30
0.000000000
 11
53.500000000
 21
144.616810701
 31
0.000000000
  0
LINE
  5
BFB
330
A02
100
AcDbEntity
  8
SectionView
100
AcDbLine
 10
44.500000000
 20
147.316810701
 30
0.000000000
 11
53.500000000
 21
147.316810701
 31
0.000000000
  0
LINE
  5
BFC
330
A02
100
AcDbEntity
  8
SectionView
100
AcDbLine
 10
44.500000000
 20
152.616810701
 30
0.000000000
 11
53.500000000
 21
152.616810701
 31
0.000000000
  0
LINE
  5
BFD
330
A02
100
AcDbEntity
  8
SectionView
100
AcDbLine
 10
47.500000000
 20
81.616810701
 30
0.000000000
 11
53.500000000
 21
81.616810701
 31
0.000000000
  0
LINE
  5
BFE
330
A02
100
AcDbEntity
  8
SectionView
100
AcDbLine
 10
47.500000000
 20
84.316810701
 30
0.000000000
 11
53.500000000
 21
84.316810701
 31
0.000000000
  0
LINE
  5
BFF
330
A02
100
AcDbEntity
  8
SectionView
100
AcDbLine
 10
47.500000000
 20
81.616810701
 30
0.000000000
 11
53.500000000
 21
81.616810701
 31
0.000000000
  0
LINE
  5
C00
330
A02
100
AcDbEntity
  8
SectionView
100
AcDbLine
 10
47.500000000
 20
84.316810701
 30
0.000000000
 11
53.500000000
 21
84.316810701
 31
0.000000000
  0
LINE
  5
C01
330
A02
100
AcDbEntity
  8
SectionView
100
AcDbLine
 10
47.500000000
 20
140.616810701
 30
0.000000000
 11
53.500000000
 21
140.616810701
 31
0.000000000
  0
LINE
  5
C02
330
A02
100
AcDbEntity
  8
SectionView
100
AcDbLine
 10
47.500000000
 20
143.316810701
 30
0.000000000
 11
53.500000000
 21
143.316810701
 31
0.000000000
  0
LINE
  5
C03
330
A02
100
AcDbEntity
  8
SectionView
100
AcDbLine
 10
44.500000000
 20
148.616810701
 30
0.000000000
 11
53.500000000
 21
148.616810701
 31
0.000000000
  0
LINE
  5
C04
330
A02
100
AcDbEntity
  8
SectionView
100
AcDbLine
 10
44.500000000
 20
151.316810701
 30
0.000000000
 11
53.500000000
 21
151.316810701
 31
0.000000000
  0
LINE
  5
C05
330
A02
100
AcDbEntity
  8
SectionView
100
AcDbLine
 10
47.500000000
 20
140.616810701
 30
0.000000000
 11
53.500000000
 21
140.616810701
 31
0.000000000
  0
LINE
  5
C06
330
A02
100
AcDbEntity
  8
SectionView
100
AcDbLine
 10
47.500000000
 20
143.316810701
 30
0.000000000
 11
53.500000000
 21
143.316810701
 31
0.000000000
  0
LINE
  5
C07
330
A02
100
AcDbEntity
  8
SectionView
100
AcDbLine
 10
44.500000000
 20
148.616810701
 30
0.000000000
 11
53.500000000
 21
148.616810701
 31
0.000000000
  0
LINE
  5
C08
330
A02
100
AcDbEntity
  8
SectionView
100
AcDbLine
 10
44.500000000
 20
151.316810701
 30
0.000000000
 11
53.500000000
 21
151.316810701
 31
0.000000000
  0
LINE
  5
C09
330
A02
100
AcDbEntity
  8
View001
100
AcDbLine
 10
241.726302240
 20
87.493540490
 30
0.000000000
 11
242.104171252
 21
87.547344957
 31
0.000000000
  0
LINE
  5
C0A
330
A02
100
AcDbEntity
  8
View001
100
AcDbLine
 10
242.151960579
 20
96.415654598
 30
0.000000000
 11
242.104171252
 21
87.547344957
 31
0.000000000
  0
LINE
  5
C0B
330
A02
100
AcDbEntity
  8
View001
100
AcDbLine
 10
241.784711417
 20
98.332585607
 30
0.000000000
 11
291.663421066
 21
105.434775220
 31
0.000000000
  0
LINE
  5
C0C
330
A02
100
AcDbEntity
  8
View001
100
AcDbLine
 10
242.151960579
 20
96.415654598
 30
0.000000000
 11
291.274932203
 21
103.410235277
 31
0.000000000
  0
LINE
  5
C0D
330
A02
100
AcDbEntity
  8
View001
100
AcDbLine
 10
291.274932203
 20
103.410235277
 30
0.000000000
 11
291.227142877
 21
94.541925636
 31
0.000000000
  0
LINE
  5
C0E
330
A02
100
AcDbEntity
  8
View001
100
AcDbLine
 10
291.227142877
 20
94.541925636
 30
0.000000000
 11
291.605011889
 21
94.595730103
 31
0.000000000
  0
ELLIPSE
  5
C0F
330
A02
100
AcDbEntity
  8
View001
100
AcDbEllipse
 10
182.462147844
 20
99.455551855
 30
0.000000000
 11
-1.999970962
 21
0.010777394
 31
0.000000000
 40
0.170359108
 41
-0.000000000
 42
-5.568267583
  0
LINE
  5
C10
330
A02
100
AcDbEntity
  8
View001
100
AcDbLine
 10
180.950671794
 20
99.240333988
 30
0.000000000
 11
238.905121120
 21
87.542676465
 31
0.000000000
  0
ELLIPSE
  5
C11
330
A02
100
AcDbEntity
  8
View001
100
AcDbEllipse
 10
240.416597170
 20
87.757894332
 30
0.000000000
 11
-1.999970962
 21
0.010777394
 31
0.000000000
 40
0.170359108
 41
-5.568267583
 42
-3.997471257
  0
ELLIPSE
  5
C12
330
A02
100
AcDbEntity
  8
View001
100
AcDbEllipse
 10
290.295306820
 20
94.860083945
 30
0.000000000
 11
1.999970962
 21
-0.010777394
 31
0.000000000
 40
0.170359108
 41
5.427306704
 42
0.000000000
  0
LINE
  5
C13
330
A02
100
AcDbEntity
  8
View001
100
AcDbLine
 10
265.484275817
 20
99.737924322
 30
0.000000000
 11
291.227142877
 21
94.541925636
 31
0.000000000
  0
LINE
  5
C14
330
A02
100
AcDbEntity
  8
View001
100
AcDbLine
 10
198.405292595
 20
101.612973072
 30
0.000000000
 11
199.586845760
 21
101.781213484
 31
0.000000000
  0
ELLIPSE
  5
C15
330
A02
100
AcDbEntity
  8
View001
100
AcDbEllipse
 10
240.475006347
 20
98.596939449
 30
0.000000000
 11
-1.999970962
 21
0.010777394
 31
0.000000000
 40
0.170359108
 41
-5.568267583
 42
-3.997471257
  0
LINE
  5
C16
330
A02
100
AcDbEntity
  8
View001
100
AcDbLine
 10
213.082904963
 20
95.871161943
 30
0.000000000
 11
205.314733612
 21
97.439107271
 31
0.000000000
  0
ELLIPSE
  5
C17
330
A02
100
AcDbEntity
  8
View001
100
AcDbEllipse
 10
205.322698500
 20
98.917158878
 30
0.000000000
 11
0.211451006
 21
-1.485021371
 31
0.000000000
 40
0.645972410
 41
-2.390800471
 42
-0.225065134
  0
LINE
  5
C18
330
A02
100
AcDbEntity
  8
View001
100
AcDbLine
 10
200.111473003
 20
98.489345196
 30
0.000000000
 11
196.768908033
 21
99.164016092
 31
0.000000000
  0
ELLIPSE
  5
C19
330
A02
100
AcDbEntity
  8
View001
100
AcDbEllipse
 10
196.779527884
 20
101.134751568
 30
0.000000000
 11
0.281934675
 21
-1.980028494
 31
0.000000000
 40
0.645972410
 41
-2.530533305
 42
-0.225065134
  0
LINE
  5
C1A
330
A02
100
AcDbEntity
  8
View001
100
AcDbLine
 10
220.687424750
 20
95.865229651
 30
0.000000000
 11
219.795205014
 21
96.045317307
 31
0.000000000
  0
ELLIPSE
  5
C1B
330
A02
100
AcDbEntity
  8
View001
100
AcDbEllipse
 10
219.803169902
 20
97.523368914
 30
0.000000000
 11
0.211451006
 21
-1.485021371
 31
0.000000000
 40
0.645972410
 41
-2.390800471
 42
-0.225065134
  0
LINE
  5
C1C
330
A02
100
AcDbEntity
  8
View001
100
AcDbLine
 10
181.009080971
 20
110.079379105
 30
0.000000000
 11
238.963530297
 21
98.381721582
 31
0.000000000
  0
ELLIPSE
  5
C1D
330
A02
100
AcDbEntity
  8
View001
100
AcDbEllipse
 10
182.520557021
 20
110.294596973
 30
0.000000000
 11
-1.999970962
 21
0.010777394
 31
0.000000000
 40
0.170359108
 41
-0.000000000
 42
-5.568267583
  0
ELLIPSE
  5
C1E
330
A02
100
AcDbEntity
  8
View001
100
AcDbEllipse
 10
182.520557021
 20
110.294596973
 30
0.000000000
 11
-1.999970962
 21
0.010777394
 31
0.000000000
 40
0.170359108
 41
-0.855878603
 42
-0.000000000
  0
LINE
  5
C1F
330
A02
100
AcDbEntity
  8
View001
100
AcDbLine
 10
231.089561601
 20
117.661140428
 30
0.000000000
 11
181.210851952
 21
110.558950815
 31
0.000000000
  0
ELLIPSE
  5
C20
330
A02
100
AcDbEntity
  8
View001
100
AcDbEllipse
 10
232.399266671
 20
117.396786585
 30
0.000000000
 11
1.999970962
 21
-0.010777394
 31
0.000000000
 40
0.170359108
 41
0.714917724
 42
2.285714051
  0
ELLIPSE
  5
C21
330
A02
100
AcDbEntity
  8
View001
100
AcDbEllipse
 10
290.353715997
 20
105.699129062
 30
0.000000000
 11
1.999970962
 21
-0.010777394
 31
0.000000000
 40
0.170359108
 41
5.427306704
 42
0.000000000
  0
ELLIPSE
  5
C22
330
A02
100
AcDbEntity
  8
View001
100
AcDbEllipse
 10
290.353715997
 20
105.699129062
 30
0.000000000
 11
1.999970962
 21
-0.010777394
 31
0.000000000
 40
0.170359108
 41
0.000000000
 42
0.714917724
  0
LINE
  5
C23
330
A02
100
AcDbEntity
  8
View001
100
AcDbLine
 10
291.865192047
 20
105.914346929
 30
0.000000000
 11
233.910742721
 21
117.612004453
 31
0.000000000
  0
LINE
  5
C24
330
A02
100
AcDbEntity
  8
View001
100
AcDbLine
 10
199.115173196
 20
110.053880289
 30
0.000000000
 11
210.575092555
 21
107.740784168
 31
0.000000000
  0
ELLIPSE
  5
C25
330
A02
100
AcDbEntity
  8
View001
100
AcDbEllipse
 10
200.626649246
 20
110.269098156
 30
0.000000000
 11
-1.999970962
 21
0.010777394
 31
0.000000000
 40
0.170359108
 41
-0.000000000
 42
-5.568267583
  0
ELLIPSE
  5
C26
330
A02
100
AcDbEntity
  8
View001
100
AcDbEllipse
 10
200.626649246
 20
110.269098156
 30
0.000000000
 11
-1.999970962
 21
0.010777394
 31
0.000000000
 40
0.170359108
 41
-0.855878603
 42
-0.000000000
  0
ELLIPSE
  5
C27
330
A02
100
AcDbEntity
  8
View001
100
AcDbEllipse
 10
212.086568605
 20
107.956002035
 30
0.000000000
 11
1.999970962
 21
-0.010777394
 31
0.000000000
 40
0.170359108
 41
3.856510377
 42
5.427306704
  0
LINE
  5
C28
330
A02
100
AcDbEntity
  8
View001
100
AcDbLine
 10
228.110562929
 20
114.633352366
 30
0.000000000
 11
199.316944177
 21
110.533451998
 31
0.000000000
  0
LINE
  5
C29
330
A02
100
AcDbEntity
  8
View001
100
AcDbLine
 10
213.396273674
 20
107.691648193
 30
0.000000000
 11
242.189892426
 21
111.791548561
 31
0.000000000
  0
ELLIPSE
  5
C2A
330
A02
100
AcDbEntity
  8
View001
100
AcDbEllipse
 10
229.420267998
 20
114.368998523
 30
0.000000000
 11
-1.999970962
 21
0.010777394
 31
0.000000000
 40
0.170359108
 41
-2.426674930
 42
-0.855878603
  0
ELLIPSE
  5
C2B
330
A02
100
AcDbEntity
  8
View001
100
AcDbEllipse
 10
240.880187357
 20
112.055902403
 30
0.000000000
 11
1.999970962
 21
-0.010777394
 31
0.000000000
 40
0.170359108
 41
5.427306704
 42
0.000000000
  0
ELLIPSE
  5
C2C
330
A02
100
AcDbEntity
  8
View001
100
AcDbEllipse
 10
240.880187357
 20
112.055902403
 30
0.000000000
 11
1.999970962
 21
-0.010777394
 31
0.000000000
 40
0.170359108
 41
0.000000000
 42
0.714917724
  0
LINE
  5
C2D
330
A02
100
AcDbEntity
  8
View001
100
AcDbLine
 10
242.391663407
 20
112.271120270
 30
0.000000000
 11
230.931744048
 21
114.584216390
 31
0.000000000
  0
ELLIPSE
  5
C2E
330
A02
100
AcDbEntity
  8
View001
100
AcDbEllipse
 10
226.197337846
 20
107.384154456
 30
0.000000000
 11
3.849944101
 21
-0.020746483
 31
0.000000000
 40
0.170359108
 41
0.714917724
 42
3.141592654
  0
ELLIPSE
  5
C2F
330
A02
100
AcDbEntity
  8
View001
100
AcDbEllipse
 10
226.197337846
 20
107.384154456
 30
0.000000000
 11
3.849944101
 21
-0.020746483
 31
0.000000000
 40
0.170359108
 41
3.141592654
 42
0.000000000
  0
ELLIPSE
  5
C30
330
A02
100
AcDbEntity
  8
View001
100
AcDbEllipse
 10
226.197337846
 20
107.384154456
 30
0.000000000
 11
3.849944101
 21
-0.020746483
 31
0.000000000
 40
0.170359108
 41
0.000000000
 42
0.714917724
  0
ELLIPSE
  5
C31
330
A02
100
AcDbEntity
  8
View001
100
AcDbEllipse
 10
276.398235483
 20
104.613702744
 30
0.000000000
 11
3.849944101
 21
-0.020746483
 31
0.000000000
 40
0.170359108
 41
0.714917724
 42
3.141592654
  0
ELLIPSE
  5
C32
330
A02
100
AcDbEntity
  8
View001
100
AcDbEllipse
 10
276.398235483
 20
104.613702744
 30
0.000000000
 11
3.849944101
 21
-0.020746483
 31
0.000000000
 40
0.170359108
 41
3.141592654
 42
0.000000000
  0
ELLIPSE
  5
C33
330
A02
100
AcDbEntity
  8
View001
100
AcDbEllipse
 10
276.398235483
 20
104.613702744
 30
0.000000000
 11
3.849944101
 21
-0.020746483
 31
0.000000000
 40
0.170359108
 41
0.000000000
 42
0.714917724
  0
ELLIPSE
  5
C34
330
A02
100
AcDbEntity
  8
View001
100
AcDbEllipse
 10
249.191666583
 20
100.739781137
 30
0.000000000
 11
3.849944101
 21
-0.020746483
 31
0.000000000
 40
0.170359108
 41
0.714917724
 42
3.141592654
  0
ELLIPSE
  5
C35
330
A02
100
AcDbEntity
  8
View001
100
AcDbEllipse
 10
249.191666583
 20
100.739781137
 30
0.000000000
 11
3.849944101
 21
-0.020746483
 31
0.000000000
 40
0.170359108
 41
3.141592654
 42
0.000000000
  0
ELLIPSE
  5
C36
330
A02
100
AcDbEntity
  8
View001
100
AcDbEllipse
 10
249.191666583
 20
100.739781137
 30
0.000000000
 11
3.849944101
 21
-0.020746483
 31
0.000000000
 40
0.170359108
 41
0.000000000
 42
0.714917724
  0
ELLIPSE
  5
C37
330
A02
100
AcDbEntity
  8
View001
100
AcDbEllipse
 10
254.788101836
 20
108.975541143
 30
0.000000000
 11
3.849944101
 21
-0.020746483
 31
0.000000000
 40
0.170359108
 41
0.714917724
 42
3.141592654
  0
ELLIPSE
  5
C38
330
A02
100
AcDbEntity
  8
View001
100
AcDbEllipse
 10
254.788101836
 20
108.975541143
 30
0.000000000
 11
3.849944101
 21
-0.020746483
 31
0.000000000
 40
0.170359108
 41
3.141592654
 42
0.000000000
  0
ELLIPSE
  5
C39
330
A02
100
AcDbEntity
  8
View001
100
AcDbEllipse
 10
254.788101836
 20
108.975541143
 30
0.000000000
 11
3.849944101
 21
-0.020746483
 31
0.000000000
 40
0.170359108
 41
0.000000000
 42
0.714917724
  0
ELLIPSE
  5
C3A
330
A02
100
AcDbEntity
  8
View001
100
AcDbEllipse
 10
227.581532936
 20
105.101619535
 30
0.000000000
 11
3.849944101
 21
-0.020746483
 31
0.000000000
 40
0.170359108
 41
0.714917724
 42
3.141592654
  0
ELLIPSE
  5
C3B
330
A02
100
AcDbEntity
  8
View001
100
AcDbEllipse
 10
227.581532936
 20
105.101619535
 30
0.000000000
 11
3.849944101
 21
-0.020746483
 31
0.000000000
 40
0.170359108
 41
3.141592654
 42
0.000000000
  0
ELLIPSE
  5
C3C
330
A02
100
AcDbEntity
  8
View001
100
AcDbEllipse
 10
227.581532936
 20
105.101619535
 30
0.000000000
 11
3.849944101
 21
-0.020746483
 31
0.000000000
 40
0.170359108
 41
0.000000000
 42
0.714917724
  0
ELLIPSE
  5
C3D
330
A02
100
AcDbEntity
  8
View001
100
AcDbEllipse
 10
261.991479718
 20
107.521595010
 30
0.000000000
 11
3.849944101
 21
-0.020746483
 31
0.000000000
 40
0.170359108
 41
0.714917724
 42
3.141592654
  0
ELLIPSE
  5
C3E
330
A02
100
AcDbEntity
  8
View001
100
AcDbEllipse
 10
261.991479718
 20
107.521595010
 30
0.000000000
 11
3.849944101
 21
-0.020746483
 31
0.000000000
 40
0.170359108
 41
3.141592654
 42
0.000000000
  0
ELLIPSE
  5
C3F
330
A02
100
AcDbEntity
  8
View001
100
AcDbEllipse
 10
261.991479718
 20
107.521595010
 30
0.000000000
 11
3.849944101
 21
-0.020746483
 31
0.000000000
 40
0.170359108
 41
0.000000000
 42
0.714917724
  0
ELLIPSE
  5
C40
330
A02
100
AcDbEntity
  8
View001
100
AcDbEllipse
 10
234.784910819
 20
103.647673403
 30
0.000000000
 11
3.849944101
 21
-0.020746483
 31
0.000000000
 40
0.170359108
 41
0.714917724
 42
3.141592654
  0
ELLIPSE
  5
C41
330
A02
100
AcDbEntity
  8
View001
100
AcDbEllipse
 10
234.784910819
 20
103.647673403
 30
0.000000000
 11
3.849944101
 21
-0.020746483
 31
0.000000000
 40
0.170359108
 41
3.141592654
 42
0.000000000
  0
ELLIPSE
  5
C42
330
A02
100
AcDbEntity
  8
View001
100
AcDbEllipse
 10
234.784910819
 20
103.647673403
 30
0.000000000
 11
3.849944101
 21
-0.020746483
 31
0.000000000
 40
0.170359108
 41
0.000000000
 42
0.714917724
  0
ELLIPSE
  5
C43
330
A02
100
AcDbEntity
  8
View001
100
AcDbEllipse
 10
267.329379183
 20
103.322395542
 30
0.000000000
 11
3.849944101
 21
-0.020746483
 31
0.000000000
 40
0.170359108
 41
0.714917724
 42
3.141592654
  0
ELLIPSE
  5
C44
330
A02
100
AcDbEntity
  8
View001
100
AcDbEllipse
 10
267.329379183
 20
103.322395542
 30
0.000000000
 11
3.849944101
 21
-0.020746483
 31
0.000000000
 40
0.170359108
 41
3.141592654
 42
0.000000000
  0
ELLIPSE
  5
C45
330
A02
100
AcDbEntity
  8
View001
100
AcDbEllipse
 10
267.329379183
 20
103.322395542
 30
0.000000000
 11
3.849944101
 21
-0.020746483
 31
0.000000000
 40
0.170359108
 41
0.000000000
 42
0.714917724
  0
ELLIPSE
  5
C46
330
A02
100
AcDbEntity
  8
View001
100
AcDbEllipse
 10
258.260522883
 20
102.031088339
 30
0.000000000
 11
3.849944101
 21
-0.020746483
 31
0.000000000
 40
0.170359108
 41
0.714917724
 42
3.141592654
  0
ELLIPSE
  5
C47
330
A02
100
AcDbEntity
  8
View001
100
AcDbEllipse
 10
258.260522883
 20
102.031088339
 30
0.000000000
 11
3.849944101
 21
-0.020746483
 31
0.000000000
 40
0.170359108
 41
3.141592654
 42
0.000000000
  0
ELLIPSE
  5
C48
330
A02
100
AcDbEntity
  8
View001
100
AcDbEllipse
 10
258.260522883
 20
102.031088339
 30
0.000000000
 11
3.849944101
 21
-0.020746483
 31
0.000000000
 40
0.170359108
 41
0.000000000
 42
0.714917724
  0
ELLIPSE
  5
C49
330
A02
100
AcDbEntity
  8
View001
100
AcDbEllipse
 10
245.719245536
 20
107.684233940
 30
0.000000000
 11
3.849944101
 21
-0.020746483
 31
0.000000000
 40
0.170359108
 41
0.714917724
 42
3.141592654
  0
ELLIPSE
  5
C4A
330
A02
100
AcDbEntity
  8
View001
100
AcDbEllipse
 10
245.719245536
 20
107.684233940
 30
0.000000000
 11
3.849944101
 21
-0.020746483
 31
0.000000000
 40
0.170359108
 41
3.141592654
 42
0.000000000
  0
ELLIPSE
  5
C4B
330
A02
100
AcDbEntity
  8
View001
100
AcDbEllipse
 10
245.719245536
 20
107.684233940
 30
0.000000000
 11
3.849944101
 21
-0.020746483
 31
0.000000000
 40
0.170359108
 41
0.000000000
 42
0.714917724
  0
ELLIPSE
  5
C4C
330
A02
100
AcDbEntity
  8
View001
100
AcDbEllipse
 10
236.650389236
 20
106.392926738
 30
0.000000000
 11
3.849944101
 21
-0.020746483
 31
0.000000000
 40
0.170359108
 41
0.714917724
 42
3.141592654
  0
ELLIPSE
  5
C4D
330
A02
100
AcDbEntity
  8
View001
100
AcDbEllipse
 10
236.650389236
 20
106.392926738
 30
0.000000000
 11
3.849944101
 21
-0.020746483
 31
0.000000000
 40
0.170359108
 41
3.141592654
 42
0.000000000
  0
ELLIPSE
  5
C4E
330
A02
100
AcDbEntity
  8
View001
100
AcDbEllipse
 10
236.650389236
 20
106.392926738
 30
0.000000000
 11
3.849944101
 21
-0.020746483
 31
0.000000000
 40
0.170359108
 41
0.000000000
 42
0.714917724
  0
ELLIPSE
  5
C4F
330
A02
100
AcDbEntity
  8
View001
100
AcDbEllipse
 10
269.194857600
 20
106.067648877
 30
0.000000000
 11
3.849944101
 21
-0.020746483
 31
0.000000000
 40
0.170359108
 41
0.714917724
 42
3.141592654
  0
ELLIPSE
  5
C50
330
A02
100
AcDbEntity
  8
View001
100
AcDbEllipse
 10
269.194857600
 20
106.067648877
 30
0.000000000
 11
3.849944101
 21
-0.020746483
 31
0.000000000
 40
0.170359108
 41
3.141592654
 42
0.000000000
  0
ELLIPSE
  5
C51
330
A02
100
AcDbEntity
  8
View001
100
AcDbEllipse
 10
269.194857600
 20
106.067648877
 30
0.000000000
 11
3.849944101
 21
-0.020746483
 31
0.000000000
 40
0.170359108
 41
0.000000000
 42
0.714917724
  0
ELLIPSE
  5
C52
330
A02
100
AcDbEntity
  8
View001
100
AcDbEllipse
 10
241.988288701
 20
102.193727270
 30
0.000000000
 11
3.849944101
 21
-0.020746483
 31
0.000000000
 40
0.170359108
 41
0.714917724
 42
3.141592654
  0
ELLIPSE
  5
C53
330
A02
100
AcDbEntity
  8
View001
100
AcDbEllipse
 10
241.988288701
 20
102.193727270
 30
0.000000000
 11
3.849944101
 21
-0.020746483
 31
0.000000000
 40
0.170359108
 41
3.141592654
 42
0.000000000
  0
ELLIPSE
  5
C54
330
A02
100
AcDbEntity
  8
View001
100
AcDbEllipse
 10
241.988288701
 20
102.193727270
 30
0.000000000
 11
3.849944101
 21
-0.020746483
 31
0.000000000
 40
0.170359108
 41
0.000000000
 42
0.714917724
  0
ELLIPSE
  5
C55
330
A02
100
AcDbEntity
  8
View001
100
AcDbEllipse
 10
252.922623418
 20
106.230287807
 30
0.000000000
 11
3.849944101
 21
-0.020746483
 31
0.000000000
 40
0.170359108
 41
0.714917724
 42
3.141592654
  0
ELLIPSE
  5
C56
330
A02
100
AcDbEntity
  8
View001
100
AcDbEllipse
 10
252.922623418
 20
106.230287807
 30
0.000000000
 11
3.849944101
 21
-0.020746483
 31
0.000000000
 40
0.170359108
 41
3.141592654
 42
0.000000000
  0
ELLIPSE
  5
C57
330
A02
100
AcDbEntity
  8
View001
100
AcDbEllipse
 10
252.922623418
 20
106.230287807
 30
0.000000000
 11
3.849944101
 21
-0.020746483
 31
0.000000000
 40
0.170359108
 41
0.000000000
 42
0.714917724
  0
ELLIPSE
  5
C58
330
A02
100
AcDbEntity
  8
View001
100
AcDbEllipse
 10
243.853767118
 20
104.938980605
 30
0.000000000
 11
3.849944101
 21
-0.020746483
 31
0.000000000
 40
0.170359108
 41
0.714917724
 42
3.141592654
  0
ELLIPSE
  5
C59
330
A02
100
AcDbEntity
  8
View001
100
AcDbEllipse
 10
243.853767118
 20
104.938980605
 30
0.000000000
 11
3.849944101
 21
-0.020746483
 31
0.000000000
 40
0.170359108
 41
3.141592654
 42
0.000000000
  0
ELLIPSE
  5
C5A
330
A02
100
AcDbEntity
  8
View001
100
AcDbEllipse
 10
243.853767118
 20
104.938980605
 30
0.000000000
 11
3.849944101
 21
-0.020746483
 31
0.000000000
 40
0.170359108
 41
0.000000000
 42
0.714917724
  0
ELLIPSE
  5
C5B
330
A02
100
AcDbEntity
  8
View001
100
AcDbEllipse
 10
260.126001301
 20
104.776341675
 30
0.000000000
 11
3.849944101
 21
-0.020746483
 31
0.000000000
 40
0.170359108
 41
0.714917724
 42
3.141592654
  0
ELLIPSE
  5
C5C
330
A02
100
AcDbEntity
  8
View001
100
AcDbEllipse
 10
260.126001301
 20
104.776341675
 30
0.000000000
 11
3.849944101
 21
-0.020746483
 31
0.000000000
 40
0.170359108
 41
3.141592654
 42
0.000000000
  0
ELLIPSE
  5
C5D
330
A02
100
AcDbEntity
  8
View001
100
AcDbEllipse
 10
260.126001301
 20
104.776341675
 30
0.000000000
 11
3.849944101
 21
-0.020746483
 31
0.000000000
 40
0.170359108
 41
0.000000000
 42
0.714917724
  0
ELLIPSE
  5
C5E
330
A02
100
AcDbEntity
  8
View001
100
AcDbEllipse
 10
251.057145001
 20
103.485034472
 30
0.000000000
 11
3.849944101
 21
-0.020746483
 31
0.000000000
 40
0.170359108
 41
0.714917724
 42
3.141592654
  0
ELLIPSE
  5
C5F
330
A02
100
AcDbEntity
  8
View001
100
AcDbEllipse
 10
251.057145001
 20
103.485034472
 30
0.000000000
 11
3.849944101
 21
-0.020746483
 31
0.000000000
 40
0.170359108
 41
3.141592654
 42
0.000000000
  0
ELLIPSE
  5
C60
330
A02
100
AcDbEntity
  8
View001
100
AcDbEllipse
 10
251.057145001
 20
103.485034472
 30
0.000000000
 11
3.849944101
 21
-0.020746483
 31
0.000000000
 40
0.170359108
 41
0.000000000
 42
0.714917724
  0
ELLIPSE
  5
C61
330
A02
100
AcDbEntity
  8
View001
100
AcDbEllipse
 10
242.251236557
 20
113.457126552
 30
0.000000000
 11
0.749989111
 21
-0.004041523
 31
0.000000000
 40
0.170359108
 41
0.714917724
 42
3.141592654
  0
ELLIPSE
  5
C62
330
A02
100
AcDbEntity
  8
View001
100
AcDbEllipse
 10
242.251236557
 20
113.457126552
 30
0.000000000
 11
0.749989111
 21
-0.004041523
 31
0.000000000
 40
0.170359108
 41
3.141592654
 42
0.000000000
  0
ELLIPSE
  5
C63
330
A02
100
AcDbEntity
  8
View001
100
AcDbEllipse
 10
242.251236557
 20
113.457126552
 30
0.000000000
 11
0.749989111
 21
-0.004041523
 31
0.000000000
 40
0.170359108
 41
0.000000000
 42
0.714917724
  0
ELLIPSE
  5
C64
330
A02
100
AcDbEntity
  8
View001
100
AcDbEllipse
 10
242.817588500
 20
112.692440764
 30
0.000000000
 11
0.749989111
 21
-0.004041523
 31
0.000000000
 40
0.170359108
 41
0.714917724
 42
3.141592654
  0
ELLIPSE
  5
C65
330
A02
100
AcDbEntity
  8
View001
100
AcDbEllipse
 10
242.817588500
 20
112.692440764
 30
0.000000000
 11
0.749989111
 21
-0.004041523
 31
0.000000000
 40
0.170359108
 41
3.141592654
 42
0.000000000
  0
ELLIPSE
  5
C66
330
A02
100
AcDbEntity
  8
View001
100
AcDbEllipse
 10
242.817588500
 20
112.692440764
 30
0.000000000
 11
0.749989111
 21
-0.004041523
 31
0.000000000
 40
0.170359108
 41
0.000000000
 42
0.714917724
  0
ELLIPSE
  5
C67
330
A02
100
AcDbEntity
  8
View001
100
AcDbEllipse
 10
241.180457163
 20
113.022883067
 30
0.000000000
 11
0.749989111
 21
-0.004041523
 31
0.000000000
 40
0.170359108
 41
0.714917724
 42
3.141592654
  0
ELLIPSE
  5
C68
330
A02
100
AcDbEntity
  8
View001
100
AcDbEllipse
 10
241.180457163
 20
113.022883067
 30
0.000000000
 11
0.749989111
 21
-0.004041523
 31
0.000000000
 40
0.170359108
 41
3.141592654
 42
0.000000000
  0
ELLIPSE
  5
C69
330
A02
100
AcDbEntity
  8
View001
100
AcDbEllipse
 10
241.180457163
 20
113.022883067
 30
0.000000000
 11
0.749989111
 21
-0.004041523
 31
0.000000000
 40
0.170359108
 41
0.000000000
 42
0.714917724
  0
ELLIPSE
  5
C6A
330
A02
100
AcDbEntity
  8
View001
100
AcDbEllipse
 10
246.596278625
 20
113.230485432
 30
0.000000000
 11
0.749989111
 21
-0.004041523
 31
0.000000000
 40
0.170359108
 41
0.714917724
 42
3.141592654
  0
ELLIPSE
  5
C6B
330
A02
100
AcDbEntity
  8
View001
100
AcDbEllipse
 10
246.596278625
 20
113.230485432
 30
0.000000000
 11
0.749989111
 21
-0.004041523
 31
0.000000000
 40
0.170359108
 41
3.141592654
 42
0.000000000
  0
ELLIPSE
  5
C6C
330
A02
100
AcDbEntity
  8
View001
100
AcDbEllipse
 10
246.596278625
 20
113.230485432
 30
0.000000000
 11
0.749989111
 21
-0.004041523
 31
0.000000000
 40
0.170359108
 41
0.000000000
 42
0.714917724
  0
ELLIPSE
  5
C6D
330
A02
100
AcDbEntity
  8
View001
100
AcDbEllipse
 10
245.525499231
 20
112.796241947
 30
0.000000000
 11
0.749989111
 21
-0.004041523
 31
0.000000000
 40
0.170359108
 41
0.714917724
 42
3.141592654
  0
ELLIPSE
  5
C6E
330
A02
100
AcDbEntity
  8
View001
100
AcDbEllipse
 10
245.525499231
 20
112.796241947
 30
0.000000000
 11
0.749989111
 21
-0.004041523
 31
0.000000000
 40
0.170359108
 41
3.141592654
 42
0.000000000
  0
ELLIPSE
  5
C6F
330
A02
100
AcDbEntity
  8
View001
100
AcDbEllipse
 10
245.525499231
 20
112.796241947
 30
0.000000000
 11
0.749989111
 21
-0.004041523
 31
0.000000000
 40
0.170359108
 41
0.000000000
 42
0.714917724
  0
ELLIPSE
  5
C70
330
A02
100
AcDbEntity
  8
View001
100
AcDbEllipse
 10
244.959147288
 20
113.560927735
 30
0.000000000
 11
0.749989111
 21
-0.004041523
 31
0.000000000
 40
0.170359108
 41
0.714917724
 42
3.141592654
  0
ELLIPSE
  5
C71
330
A02
100
AcDbEntity
  8
View001
100
AcDbEllipse
 10
244.959147288
 20
113.560927735
 30
0.000000000
 11
0.749989111
 21
-0.004041523
 31
0.000000000
 40
0.170359108
 41
3.141592654
 42
0.000000000
  0
ELLIPSE
  5
C72
330
A02
100
AcDbEntity
  8
View001
100
AcDbEllipse
 10
244.959147288
 20
113.560927735
 30
0.000000000
 11
0.749989111
 21
-0.004041523
 31
0.000000000
 40
0.170359108
 41
0.000000000
 42
0.714917724
  0
ELLIPSE
  5
C73
330
A02
100
AcDbEntity
  8
View001
100
AcDbEllipse
 10
243.888367894
 20
113.126684249
 30
0.000000000
 11
0.749989111
 21
-0.004041523
 31
0.000000000
 40
0.170359108
 41
0.714917724
 42
3.141592654
  0
ELLIPSE
  5
C74
330
A02
100
AcDbEntity
  8
View001
100
AcDbEllipse
 10
243.888367894
 20
113.126684249
 30
0.000000000
 11
0.749989111
 21
-0.004041523
 31
0.000000000
 40
0.170359108
 41
3.141592654
 42
0.000000000
  0
ELLIPSE
  5
C75
330
A02
100
AcDbEntity
  8
View001
100
AcDbEllipse
 10
243.888367894
 20
113.126684249
 30
0.000000000
 11
0.749989111
 21
-0.004041523
 31
0.000000000
 40
0.170359108
 41
0.000000000
 42
0.714917724
  0
LINE
  5
C76
330
A02
100
AcDbEntity
  8
View001
100
AcDbLine
 10
228.099943079
 20
112.662616890
 30
0.000000000
 11
203.526105251
 21
109.163567756
 31
0.000000000
  0
ELLIPSE
  5
C77
330
A02
100
AcDbEntity
  8
View001
100
AcDbEllipse
 10
229.409648148
 20
112.398263047
 30
0.000000000
 11
-1.999970962
 21
0.010777394
 31
0.000000000
 40
0.170359108
 41
-2.426674930
 42
-0.855878603
  0
LINE
  5
C78
330
A02
100
AcDbEntity
  8
View001
100
AcDbLine
 10
237.970111501
 20
111.190697326
 30
0.000000000
 11
230.921124198
 21
112.613480915
 31
0.000000000
  0
LINE
  5
C79
330
A02
100
AcDbEntity
  8
View001
100
AcDbLine
 10
194.879562971
 20
98.894993758
 30
0.000000000
 11
199.136104447
 21
98.035843771
 31
0.000000000
  0
ELLIPSE
  5
C7A
330
A02
100
AcDbEntity
  8
View001
100
AcDbEllipse
 10
199.146724297
 20
100.006579247
 30
0.000000000
 11
0.281934675
 21
-1.980028494
 31
0.000000000
 40
0.645972410
 41
-0.000000000
 42
-3.366657787
  0
ELLIPSE
  5
C7B
330
A02
100
AcDbEntity
  8
View001
100
AcDbEllipse
 10
199.146724297
 20
100.006579247
 30
0.000000000
 11
0.281934675
 21
-1.980028494
 31
0.000000000
 40
0.645972410
 41
-0.225065134
 42
-0.000000000
  0
LINE
  5
C7C
330
A02
100
AcDbEntity
  8
View001
100
AcDbLine
 10
199.157344148
 20
101.977314722
 30
0.000000000
 11
194.900802672
 21
102.836464710
 31
0.000000000
  0
ELLIPSE
  5
C7D
330
A02
100
AcDbEntity
  8
View001
100
AcDbEllipse
 10
194.890182821
 20
100.865729234
 30
0.000000000
 11
0.281934675
 21
-1.980028494
 31
0.000000000
 40
0.645972410
 41
-3.141592654
 42
-0.225065134
  0
ELLIPSE
  5
C7E
330
A02
100
AcDbEntity
  8
View001
100
AcDbEllipse
 10
194.890182821
 20
100.865729234
 30
0.000000000
 11
0.281934675
 21
-1.980028494
 31
0.000000000
 40
0.645972410
 41
-3.366657787
 42
-3.141592654
  0
LINE
  5
C7F
330
A02
100
AcDbEntity
  8
View001
100
AcDbLine
 10
217.905859952
 20
95.776294973
 30
0.000000000
 11
219.870417556
 21
95.379764210
 31
0.000000000
  0
ELLIPSE
  5
C80
330
A02
100
AcDbEntity
  8
View001
100
AcDbEllipse
 10
219.878382444
 20
96.857815817
 30
0.000000000
 11
0.211451006
 21
-1.485021371
 31
0.000000000
 40
0.645972410
 41
-0.000000000
 42
-3.366657787
  0
ELLIPSE
  5
C81
330
A02
100
AcDbEntity
  8
View001
100
AcDbEllipse
 10
219.878382444
 20
96.857815817
 30
0.000000000
 11
0.211451006
 21
-1.485021371
 31
0.000000000
 40
0.645972410
 41
-0.225065134
 42
-0.000000000
  0
LINE
  5
C82
330
A02
100
AcDbEntity
  8
View001
100
AcDbLine
 10
219.886347331
 20
98.335867423
 30
0.000000000
 11
217.921789727
 21
98.732398187
 31
0.000000000
  0
ELLIPSE
  5
C83
330
A02
100
AcDbEntity
  8
View001
100
AcDbEllipse
 10
217.913824839
 20
97.254346580
 30
0.000000000
 11
0.211451006
 21
-1.485021371
 31
0.000000000
 40
0.645972410
 41
-3.141592654
 42
-0.225065134
  0
ELLIPSE
  5
C84
330
A02
100
AcDbEntity
  8
View001
100
AcDbEllipse
 10
217.913824839
 20
97.254346580
 30
0.000000000
 11
0.211451006
 21
-1.485021371
 31
0.000000000
 40
0.645972410
 41
-3.366657787
 42
-3.141592654
  0
LINE
  5
C85
330
A02
100
AcDbEntity
  8
View001
100
AcDbLine
 10
203.425388549
 20
97.170084937
 30
0.000000000
 11
212.265897769
 21
95.385696501
 31
0.000000000
  0
ELLIPSE
  5
C86
330
A02
100
AcDbEntity
  8
View001
100
AcDbEllipse
 10
212.273862656
 20
96.863748108
 30
0.000000000
 11
0.211451006
 21
-1.485021371
 31
0.000000000
 40
0.645972410
 41
-0.000000000
 42
-3.366657787
  0
ELLIPSE
  5
C87
330
A02
100
AcDbEntity
  8
View001
100
AcDbEllipse
 10
212.273862656
 20
96.863748108
 30
0.000000000
 11
0.211451006
 21
-1.485021371
 31
0.000000000
 40
0.645972410
 41
-0.225065134
 42
-0.000000000
  0
LINE
  5
C88
330
A02
100
AcDbEntity
  8
View001
100
AcDbLine
 10
212.281827544
 20
98.341799715
 30
0.000000000
 11
203.441318325
 21
100.126188151
 31
0.000000000
  0
ELLIPSE
  5
C89
330
A02
100
AcDbEntity
  8
View001
100
AcDbEllipse
 10
203.433353437
 20
98.648136544
 30
0.000000000
 11
0.211451006
 21
-1.485021371
 31
0.000000000
 40
0.645972410
 41
-3.141592654
 42
-0.225065134
  0
ELLIPSE
  5
C8A
330
A02
100
AcDbEntity
  8
View001
100
AcDbEllipse
 10
203.433353437
 20
98.648136544
 30
0.000000000
 11
0.211451006
 21
-1.485021371
 31
0.000000000
 40
0.645972410
 41
-3.366657787
 42
-3.141592654
  0
ELLIPSE
  5
C8B
330
A02
100
AcDbEntity
  8
View001
100
AcDbEllipse
 10
276.709758449
 20
99.260796309
 30
0.000000000
 11
2.649961524
 21
-0.014280047
 31
0.000000000
 40
0.170359108
 41
3.141592654
 42
0.000000000
  0
ELLIPSE
  5
C8C
330
A02
100
AcDbEntity
  8
View001
100
AcDbEllipse
 10
195.752129499
 20
101.033134380
 30
0.000000000
 11
2.649961524
 21
-0.014280047
 31
0.000000000
 40
0.170359108
 41
4.646908564
 42
0.000000000
  0
LINE
  5
C8D
330
A02
100
AcDbEntity
  8
View001
100
AcDbLine
 10
292.353686958
 20
105.688351669
 30
0.000000000
 11
292.295277781
 21
94.849306551
 31
0.000000000
  0
LINE
  5
C8E
330
A02
100
AcDbEntity
  8
View001
100
AcDbLine
 10
180.462176883
 20
99.466329249
 30
0.000000000
 11
180.520586060
 21
110.305374366
 31
0.000000000
  0
LINE
  5
C8F
330
A02
100
AcDbEntity
  8
View001
100
AcDbLine
 10
279.359719973
 20
99.246516262
 30
0.000000000
 11
279.373024945
 21
101.715532213
 31
0.000000000
  0
LINE
  5
C90
330
A02
100
AcDbEntity
  8
View001
100
AcDbLine
 10
274.059796925
 20
99.275076356
 30
0.000000000
 11
274.068878103
 21
100.960278982
 31
0.000000000
  0
LINE
  5
C91
330
A02
100
AcDbEntity
  8
View001
100
AcDbLine
 10
198.402091023
 20
101.018854333
 30
0.000000000
 11
198.408070922
 21
102.128549730
 31
0.000000000
  0
LINE
  5
C92
330
A02
100
AcDbEntity
  8
View001
100
AcDbLine
 10
235.443745456
 20
110.830970084
 30
0.000000000
 11
235.448426738
 21
111.699679900
 31
0.000000000
  0
LINE
  5
C93
330
A02
100
AcDbEntity
  8
View001
100
AcDbLine
 10
230.195199777
 20
110.083633858
 30
0.000000000
 11
230.209333162
 21
112.706379177
 31
0.000000000
  0
LINE
  5
C94
330
A02
100
AcDbEntity
  8
View001
100
AcDbLine
 10
241.784711417
 20
98.332585607
 30
0.000000000
 11
241.726302240
 21
87.493540490
 31
0.000000000
  0
LINE
  5
C95
330
A02
100
AcDbEntity
  8
View001
100
AcDbLine
 10
291.663421066
 20
105.434775220
 30
0.000000000
 11
291.605011889
 21
94.595730103
 31
0.000000000
  0
LINE
  5
C96
330
A02
100
AcDbEntity
  8
View001
100
AcDbLine
 10
238.963530297
 20
98.381721582
 30
0.000000000
 11
238.905121120
 21
87.542676465
 31
0.000000000
  0
LINE
  5
C97
330
A02
100
AcDbEntity
  8
View001
100
AcDbLine
 10
180.950671794
 20
99.240333988
 30
0.000000000
 11
181.009080971
 21
110.079379105
 31
0.000000000
  0
LINE
  5
C98
330
A02
100
AcDbEntity
  8
View001
100
AcDbLine
 10
205.314733612
 20
97.439107271
 30
0.000000000
 11
203.425388549
 21
97.170084937
 31
0.000000000
  0
LINE
  5
C99
330
A02
100
AcDbEntity
  8
View001
100
AcDbLine
 10
212.694063788
 20
95.446662719
 30
0.000000000
 11
212.265897769
 21
95.385696501
 31
0.000000000
  0
LINE
  5
C9A
330
A02
100
AcDbEntity
  8
View001
100
AcDbLine
 10
196.768908033
 20
99.164016092
 30
0.000000000
 11
194.879562971
 21
98.894993758
 31
0.000000000
  0
LINE
  5
C9B
330
A02
100
AcDbEntity
  8
View001
100
AcDbLine
 10
199.706992472
 20
98.117132061
 30
0.000000000
 11
199.136104447
 21
98.035843771
 31
0.000000000
  0
LINE
  5
C9C
330
A02
100
AcDbEntity
  8
View001
100
AcDbLine
 10
219.795205014
 20
96.045317307
 30
0.000000000
 11
217.905859952
 21
95.776294973
 31
0.000000000
  0
LINE
  5
C9D
330
A02
100
AcDbEntity
  8
View001
100
AcDbLine
 10
220.298583575
 20
95.440730427
 30
0.000000000
 11
219.870417556
 21
95.379764210
 31
0.000000000
  0
LINE
  5
C9E
330
A02
100
AcDbEntity
  8
View001
100
AcDbLine
 10
199.314143456
 20
110.013719680
 30
0.000000000
 11
199.316944177
 21
110.533451998
 31
0.000000000
  0
LINE
  5
C9F
330
A02
100
AcDbEntity
  8
View001
100
AcDbLine
 10
228.099943079
 20
112.662616890
 30
0.000000000
 11
228.110562929
 21
114.633352366
 31
0.000000000
  0
LINE
  5
CA0
330
A02
100
AcDbEntity
  8
View001
100
AcDbLine
 10
230.921124198
 20
112.613480915
 30
0.000000000
 11
230.931744048
 21
114.584216390
 31
0.000000000
  0
LINE
  5
CA1
330
A02
100
AcDbEntity
  8
View001
100
AcDbLine
 10
242.389256172
 20
111.824407499
 30
0.000000000
 11
242.391663407
 21
112.271120270
 31
0.000000000
  0
LINE
  5
CA2
330
A02
100
AcDbEntity
  8
View001
100
AcDbLine
 10
229.102295316
 20
106.938526766
 30
0.000000000
 11
229.106929242
 21
107.798448851
 31
0.000000000
  0
LINE
  5
CA3
330
A02
100
AcDbEntity
  8
View001
100
AcDbLine
 10
279.303192952
 20
104.168075054
 30
0.000000000
 11
279.307826879
 21
105.027997138
 31
0.000000000
  0
LINE
  5
CA4
330
A02
100
AcDbEntity
  8
View001
100
AcDbLine
 10
252.096624053
 20
100.294153446
 30
0.000000000
 11
252.101257979
 21
101.154075531
 31
0.000000000
  0
LINE
  5
CA5
330
A02
100
AcDbEntity
  8
View001
100
AcDbLine
 10
257.693059305
 20
108.529913452
 30
0.000000000
 11
257.697693232
 21
109.389835537
 31
0.000000000
  0
LINE
  5
CA6
330
A02
100
AcDbEntity
  8
View001
100
AcDbLine
 10
230.486490406
 20
104.655991845
 30
0.000000000
 11
230.491124332
 21
105.515913930
 31
0.000000000
  0
LINE
  5
CA7
330
A02
100
AcDbEntity
  8
View001
100
AcDbLine
 10
264.896437188
 20
107.075967319
 30
0.000000000
 11
264.901071114
 21
107.935889404
 31
0.000000000
  0
LINE
  5
CA8
330
A02
100
AcDbEntity
  8
View001
100
AcDbLine
 10
237.689868288
 20
103.202045712
 30
0.000000000
 11
237.694502215
 21
104.061967797
 31
0.000000000
  0
LINE
  5
CA9
330
A02
100
AcDbEntity
  8
View001
100
AcDbLine
 10
270.234336652
 20
102.876767851
 30
0.000000000
 11
270.238970579
 21
103.736689936
 31
0.000000000
  0
LINE
  5
CAA
330
A02
100
AcDbEntity
  8
View001
100
AcDbLine
 10
261.165480353
 20
101.585460649
 30
0.000000000
 11
261.170114279
 21
102.445382733
 31
0.000000000
  0
LINE
  5
CAB
330
A02
100
AcDbEntity
  8
View001
100
AcDbLine
 10
248.624203005
 20
107.238606250
 30
0.000000000
 11
248.628836932
 21
108.098528334
 31
0.000000000
  0
LINE
  5
CAC
330
A02
100
AcDbEntity
  8
View001
100
AcDbLine
 10
239.555346705
 20
105.947299047
 30
0.000000000
 11
239.559980632
 21
106.807221132
 31
0.000000000
  0
LINE
  5
CAD
330
A02
100
AcDbEntity
  8
View001
100
AcDbLine
 10
272.099815070
 20
105.622021186
 30
0.000000000
 11
272.104448997
 21
106.481943271
 31
0.000000000
  0
LINE
  5
CAE
330
A02
100
AcDbEntity
  8
View001
100
AcDbLine
 10
244.893246170
 20
101.748099579
 30
0.000000000
 11
244.897880097
 21
102.608021664
 31
0.000000000
  0
LINE
  5
CAF
330
A02
100
AcDbEntity
  8
View001
100
AcDbLine
 10
255.827580888
 20
105.784660117
 30
0.000000000
 11
255.832214814
 21
106.644582201
 31
0.000000000
  0
LINE
  5
CB0
330
A02
100
AcDbEntity
  8
View001
100
AcDbLine
 10
246.758724588
 20
104.493352914
 30
0.000000000
 11
246.763358515
 21
105.353274999
 31
0.000000000
  0
LINE
  5
CB1
330
A02
100
AcDbEntity
  8
View001
100
AcDbLine
 10
263.030958770
 20
104.330713984
 30
0.000000000
 11
263.035592697
 21
105.190636069
 31
0.000000000
  0
LINE
  5
CB2
330
A02
100
AcDbEntity
  8
View001
100
AcDbLine
 10
253.962102470
 20
103.039406782
 30
0.000000000
 11
253.966736397
 21
103.899328866
 31
0.000000000
  0
LINE
  5
CB3
330
A02
100
AcDbEntity
  8
View001
100
AcDbLine
 10
242.817137363
 20
113.370315963
 30
0.000000000
 11
242.818040076
 21
113.537833253
 31
0.000000000
  0
LINE
  5
CB4
330
A02
100
AcDbEntity
  8
View001
100
AcDbLine
 10
243.383489305
 20
112.605630175
 30
0.000000000
 11
243.384392018
 21
112.773147464
 31
0.000000000
  0
LINE
  5
CB5
330
A02
100
AcDbEntity
  8
View001
100
AcDbLine
 10
241.746357969
 20
112.936072478
 30
0.000000000
 11
241.747260682
 21
113.103589767
 31
0.000000000
  0
LINE
  5
CB6
330
A02
100
AcDbEntity
  8
View001
100
AcDbLine
 10
247.162179430
 20
113.143674843
 30
0.000000000
 11
247.163082143
 21
113.311192132
 31
0.000000000
  0
LINE
  5
CB7
330
A02
100
AcDbEntity
  8
View001
100
AcDbLine
 10
246.091400036
 20
112.709431358
 30
0.000000000
 11
246.092302749
 21
112.876948647
 31
0.000000000
  0
LINE
  5
CB8
330
A02
100
AcDbEntity
  8
View001
100
AcDbLine
 10
245.525048094
 20
113.474117146
 30
0.000000000
 11
245.525950807
 21
113.641634435
 31
0.000000000
  0
LINE
  5
CB9
330
A02
100
AcDbEntity
  8
View001
100
AcDbLine
 10
244.454268700
 20
113.039873660
 30
0.000000000
 11
244.455171413
 21
113.207390950
 31
0.000000000
  0
DIMENSION
  5
CBA
330
A02
100
AcDbEntity
  8
Dimension010
100
AcDbDimension
  2
*Dimension010
 10
75.950967000
 20
86.742874701
 30
0.000000000
 11
80.950967000
 21
86.742874701
 31
0.000000000
 70
1
  1
3
  3
STANDARD
100
AcDbAlignedDimension
 13
51.550000000
 23
97.066810701
 33
0.000000000
 14
51.550000000
 24
100.066810701
 34
0.000000000
  0
DIMENSION
  5
CC4
330
A02
100
AcDbEntity
  8
Dimension011
100
AcDbDimension
  2
*Dimension011
 10
63.214804000
 20
115.416810701
 30
0.000000000
 11
58.214804000
 21
115.416810701
 31
0.000000000
 70
32
  1
13.5
  3
STANDARD
100
AcDbAlignedDimension
 13
50.000000000
 23
122.166810701
 33
0.000000000
 14
50.000000000
 24
108.666810701
 34
0.000000000
 50
90
100
AcDbRotatedDimension
  0
DIMENSION
  5
CCE
330
A02
100
AcDbEntity
  8
Dimension012
100
AcDbDimension
  2
*Dimension012
 10
75.950967000
 20
121.164752701
 30
0.000000000
 11
80.950967000
 21
121.164752701
 31
0.000000000
 70
1
  1
6.5
  3
STANDARD
100
AcDbAlignedDimension
 13
51.000000000
 23
128.716810701
 33
0.000000000
 14
51.000000000
 24
135.216810701
 34
0.000000000
  0
DIMENSION
  5
CD8
330
A02
100
AcDbEntity
  8
Dimension013
100
AcDbDimension
  2
*Dimension013
 10
49.000000000
 20
135.216810701
 30
0.000000000
 11
41.739536000
 21
147.920284701
 31
0.000000000
 70
4
  1
R2
  3
STANDARD
100
AcDbRadialDimension
 15
47.099406100
 25
135.839500695
 35
0.000000000
 40
0
  0
DIMENSION
  5
CDF
330
A02
100
AcDbEntity
  8
Dimension014
100
AcDbDimension
  2
*Dimension014
 10
48.500000000
 20
122.166810701
 30
0.000000000
 11
39.175503000
 21
133.921220701
 31
0.000000000
 70
4
  1
R1.5
  3
STANDARD
100
AcDbRadialDimension
 15
47.026258374
 25
122.446248743
 35
0.000000000
 40
0
  0
DIMENSION
  5
CE6
330
A02
100
AcDbEntity
  8
Dimension015
100
AcDbDimension
  2
*Dimension015
 10
50.050000000
 20
100.066810701
 30
0.000000000
 11
39.299148000
 21
111.614116701
 31
0.000000000
 70
4
  1
R1.5
  3
STANDARD
100
AcDbRadialDimension
 15
48.566834176
 25
100.290906972
 35
0.000000000
 40
0
  0
DIMENSION
  5
CED
330
A02
100
AcDbEntity
  8
Dimension016
100
AcDbDimension
  2
*Dimension016
 10
44.082350927
 20
99.472450680
 30
0.000000000
 11
39.103004000
 21
99.018463701
 31
0.000000000
 70
32
  1
1.05
  3
STANDARD
100
AcDbAlignedDimension
 13
48.550000000
 23
97.066810701
 33
0.000000000
 14
47.500000000
 24
85.550369669
 34
0.000000000
100
AcDbRotatedDimension
  0
ENDSEC
  0
SECTION
  2
OBJECTS
  0
DICTIONARY
  5
F000
330
0
100
AcDbDictionary
  3
ACAD_GROUP
350
F001
  0
DICTIONARY
  5
F001
330
F000
100
AcDbDictionary
  0
ENDSEC
  0
EOF